transacao_id,cliente_id,tipo_transacao,valor_kz,data_transacao,canal,status,provincia,tipo_conta
TXN004814,CLI0131,Recebimento de Salário,240948.76,2023-01-17 17:27:31,Internet Banking,Aprovada,Sumbe,Empresarial
TXN003492,CLI0054,Pagamento de Empréstimo,234018.29,2024-10-21 14:22:27,ATM,Aprovada,Cabinda,Poupança
TXN001750,CLI0065,Compra com Cartão,215875.93,2023-08-01 07:23:38,Agente Bancário,Pendente,Benguela,Empresarial
TXN003646,CLI0032,Pagamento de Serviço,211406.88,2024-04-18 14:27:04,Internet Banking,Aprovada,Uíge,Jovem
TXN003521,CLI0091,Depósito,230464.33,2024-01-11 05:29:57,Agente Bancário,Aprovada,Lubango,Corrente
TXN002668,CLI0071,Recarga de Telemóvel,235960.67,2024-01-08 12:32:30,Internet Banking,Pendente,Lubango,Empresarial
TXN000522,CLI0127,Depósito,140433.2,2024-07-04 17:15:40,Internet Banking,Aprovada,Malanje,Corrente
TXN002653,CLI0148,Pagamento de Electricidade,17990.86,2023-04-30 16:15:19,Balcão,Recusada,Kuito,Jovem
TXN000675,CLI0087,Recebimento de Salário,98145.0,2024-08-11 12:48:58,Internet Banking,Aprovada,Uíge,Poupança
TXN000657,CLI0052,Depósito,245745.31,2023-07-21 10:40:12,ATM,Aprovada,Uíge,Corrente
TXN002669,CLI0118,Pagamento de Empréstimo,110845.11,2024-03-22 16:24:22,App Mobile,Aprovada,Saurimo,Corrente
TXN002354,CLI0031,Pagamento de Serviço,53744.54,2023-07-05 02:54:29,Internet Banking,Aprovada,Uíge,Poupança
TXN000683,CLI0143,Recarga de Telemóvel,129965.83,2023-02-19 15:46:21,Agente Bancário,Aprovada,Uíge,Poupança
TXN003816,CLI0200,Recarga de Telemóvel,173944.85,2024-09-21 15:47:28,Internet Banking,Aprovada,Malanje,Empresarial
TXN000240,CLI0045,Recarga de Telemóvel,107412.7,2023-02-01 13:28:37,Balcão,Aprovada,Lubango,Empresarial
TXN002195,CLI0122,Pagamento de Empréstimo,190742.87,2024-07-14 17:26:47,Internet Banking,Pendente,Lubango,Empresarial
TXN000652,CLI0175,Transferência,144796.28,2024-04-12 16:52:37,App Mobile,Aprovada,Cabinda,Empresarial
TXN003460,CLI0012,Compra com Cartão,207208.55,2024-01-12 19:02:07,Agente Bancário,Recusada,Cabinda,Corrente
TXN004552,CLI0098,Recarga de Telemóvel,214470.06,2023-04-19 16:18:49,App Mobile,Recusada,Sumbe,Corrente
TXN000744,CLI0020,Depósito,191471.72,2023-04-27 06:55:52,Agente Bancário,Aprovada,Huambo,Jovem
TXN003316,CLI0070,Compra com Cartão,186713.36,2023-02-15 21:53:13,Balcão,Aprovada,Huambo,Corrente
TXN004774,CLI0037,Recebimento de Salário,3203.61,2023-07-26 14:32:13,Internet Banking,Aprovada,Huambo,Jovem
TXN002454,CLI0101,Levantamento,130989.18,2024-03-06 23:23:18,Internet Banking,Aprovada,Lubango,Jovem
TXN004641,CLI0122,Pagamento de Serviço,8142.98,2024-03-06 21:18:42,Balcão,Pendente,Lubango,Empresarial
TXN004174,CLI0029,Recebimento de Salário,184792.78,2023-11-12 10:34:42,Balcão,Aprovada,Benguela,Corrente
TXN004730,CLI0077,Recebimento de Salário,116968.86,2023-10-22 07:08:48,Agente Bancário,Aprovada,Huambo,Jovem
TXN004220,CLI0160,Pagamento de Serviço,44660.27,2024-07-15 16:59:12,ATM,Aprovada,Sumbe,Empresarial
TXN004485,CLI0036,Transferência,188239.92,2023-08-26 14:33:20,Internet Banking,Aprovada,Lubango,Poupança
TXN002013,CLI0069,Pagamento de Electricidade,18556.45,2023-01-31 18:31:47,Agente Bancário,Recusada,Uíge,Empresarial
TXN004388,CLI0032,Pagamento de Serviço,4649.82,2023-05-01 01:25:19,ATM,Aprovada,Uíge,Jovem
TXN004714,CLI0029,Transferência,165913.64,2023-01-17 02:34:24,App Mobile,Aprovada,Benguela,Corrente
TXN004464,CLI0087,Transferência,93703.83,2024-04-11 04:20:01,Agente Bancário,Aprovada,Uíge,Poupança
TXN003616,CLI0017,Pagamento de Empréstimo,167435.87,2023-12-07 09:39:51,Balcão,Aprovada,Huambo,Jovem
TXN004525,CLI0036,Pagamento de Renda,18275.95,2024-01-22 02:25:42,Internet Banking,Aprovada,Lubango,Poupança
TXN004040,CLI0075,Recarga de Telemóvel,151697.3,2023-11-01 06:21:16,Balcão,Aprovada,Huambo,Jovem
TXN000594,CLI0033,Depósito,152879.29,2023-08-23 03:49:41,Internet Banking,Aprovada,Cabinda,Corrente
TXN004969,CLI0191,Compra com Cartão,54404.46,2024-04-18 08:03:05,Balcão,Recusada,Benguela,Corrente
TXN002646,CLI0060,Compra com Cartão,23018.42,2023-07-14 13:55:43,Balcão,Recusada,Kuito,Jovem
TXN000497,CLI0106,Compra com Cartão,64483.44,2023-05-05 17:30:30,App Mobile,Pendente,Saurimo,Empresarial
TXN001014,CLI0094,Levantamento,51417.19,2024-01-22 11:06:17,ATM,Aprovada,Luanda,Empresarial
TXN001249,CLI0048,Levantamento,150086.71,2024-04-13 06:59:24,ATM,Recusada,Malanje,Corrente
TXN001080,CLI0058,Transferência,180434.68,2024-05-26 02:14:12,ATM,Aprovada,Sumbe,Empresarial
TXN000351,CLI0196,Pagamento de Electricidade,141977.25,2024-04-15 09:17:10,Agente Bancário,Aprovada,Saurimo,Corrente
TXN004013,CLI0001,Transferência,34522.99,2023-08-20 10:07:34,App Mobile,Aprovada,Malanje,Poupança
TXN001912,CLI0190,Depósito,228876.97,2023-10-16 17:51:40,ATM,Recusada,Malanje,Empresarial
TXN003300,CLI0182,Pagamento de Empréstimo,33533.46,2023-10-18 01:56:20,Internet Banking,Aprovada,Uíge,Corrente
TXN001115,CLI0170,Transferência,-54639.95,2023-05-23 20:19:25,ATM,Recusada,Uíge,Corrente
TXN003268,CLI0139,Pagamento de Electricidade,224436.47,2024-02-23 11:26:32,ATM,Aprovada,Kuito,Poupança
TXN003168,CLI0082,Depósito,14390.87,2024-03-18 13:51:06,App Mobile,Aprovada,Uíge,Corrente
TXN002862,CLI0182,Pagamento de Serviço,235137.54,2023-06-18 15:39:43,ATM,Pendente,Uíge,Corrente
TXN002920,CLI0032,Pagamento de Renda,200260.57,2023-05-09 07:35:40,ATM,Recusada,Uíge,Jovem
TXN003141,CLI0083,Pagamento de Serviço,229392.83,2024-04-24 10:43:18,ATM,Aprovada,Cabinda,Empresarial
TXN004078,CLI0191,Transferência,212930.69,2023-08-23 18:47:47,Agente Bancário,Pendente,Benguela,Corrente
TXN003699,CLI0039,Levantamento,64378.87,2023-09-06 00:51:14,Agente Bancário,Aprovada,Kuito,Corrente
TXN003611,CLI0070,Transferência,216296.09,2023-11-08 05:48:01,ATM,Aprovada,Huambo,Corrente
TXN002563,CLI0020,Compra com Cartão,221614.35,2023-09-14 02:47:04,Internet Banking,Recusada,Huambo,Jovem
TXN004789,CLI0082,Pagamento de Electricidade,138326.24,2024-11-07 16:04:47,ATM,Aprovada,Uíge,Corrente
TXN000719,CLI0094,Pagamento de Renda,120963.74,2023-02-22 14:10:40,Balcão,Aprovada,Luanda,Empresarial
TXN002493,CLI0072,Pagamento de Serviço,165663.87,2024-05-31 23:22:21,ATM,Aprovada,Lubango,Jovem
TXN004686,CLI0099,Recarga de Telemóvel,167272.77,2024-04-24 04:15:55,ATM,Pendente,Huambo,Empresarial
TXN003145,CLI0174,Pagamento de Empréstimo,150901.22,2023-07-06 05:11:35,ATM,Pendente,Cabinda,Poupança
TXN001741,CLI0017,TRANSFERÊNCIA,123171.16,2024-07-18 13:31:06,,Pendente,Huambo,Jovem
TXN000130,CLI0101,Pagamento de Renda,67544.93,2024-05-06 04:49:38,ATM,Recusada,Lubango,Jovem
TXN003972,CLI0007,Recarga de Telemóvel,-150148.15,2024-09-27 07:42:51,App Mobile,Aprovada,Sumbe,Corrente
TXN001210,CLI0037,Transferência,96280.44,2024-04-24 03:22:17,ATM,Aprovada,Huambo,Jovem
TXN001196,CLI0147,Transferência,235533.02,2024-01-01 06:03:53,App Mobile,Recusada,Malanje,Empresarial
TXN001824,CLI0004,Recebimento de Salário,216807.57,2024-08-24 20:41:51,ATM,Recusada,Saurimo,Empresarial
TXN004527,CLI0057,Pagamento de Serviço,245715.81,2024-12-04 21:35:50,Balcão,Recusada,Benguela,Jovem
TXN001481,CLI0198,Depósito,46003.67,2024-12-12 11:27:52,Internet Banking,Aprovada,Uíge,Corrente
TXN000213,CLI0178,Depósito,25694.47,2024-05-28 22:19:18,App Mobile,Aprovada,Saurimo,Poupança
TXN003485,CLI0054,Transferência,167819.94,2023-12-19 06:06:41,ATM,Recusada,Cabinda,Poupança
TXN001699,CLI0096,Levantamento,134846.03,27/01/2024 22:17,App Mobile,Pendente,Malanje,Corrente
TXN001619,CLI0190,Depósito,41179.54,2024-07-11 10:53:06,Balcão,Aprovada,Malanje,Empresarial
TXN002035,CLI0150,Pagamento de Empréstimo,113727.36,2024-08-05 19:36:57,ATM,Aprovada,Benguela,Jovem
TXN000187,CLI0118,Depósito,195530.57,2024-02-10 21:15:42,Agente Bancário,Recusada,Saurimo,Corrente
TXN003152,CLI0126,Pagamento de Electricidade,97155.1,2024-05-28 02:59:23,ATM,Aprovada,Sumbe,Jovem
TXN003968,CLI0132,Compra com Cartão,134240.51,2023-08-22 16:16:46,App Mobile,Recusada,Cabinda,Empresarial
TXN004505,CLI0194,Pagamento de Empréstimo,3114.21,2023-01-27 12:26:04,ATM,Aprovada,Lubango,Poupança
TXN004603,CLI0080,Pagamento de Electricidade,89267.87,2023-03-01 02:07:32,Balcão,Aprovada,Lubango,Jovem
TXN002093,CLI0114,TRANSFERÊNCIA,237843.98,2023-08-18 12:20:50,Balcão,Aprovada,Malanje,Jovem
TXN001710,CLI0032,DEPÓSITO,136942.3,2024-03-11 03:11:33,ATM,Pendente,Uíge,Jovem
TXN002716,cli0156,Pagamento de Renda,53201.11,2024-06-10 09:36:28,Agente Bancário,Aprovada,Benguela,Jovem
TXN003311,CLI0138,Pagamento de Empréstimo,178612.15,2024-12-13 09:49:38,Internet Banking,Recusada,Malanje,Empresarial
TXN000752,CLI0129,Levantamento,147000.29,2023-01-19 09:31:34,Agente Bancário,Aprovada,Saurimo,Jovem
TXN004536,CLI0059,Compra com Cartão,223569.08,2023-06-30 23:16:55,App Mobile,Aprovada,Lubango,Jovem
TXN001552,CLI0057,Pagamento de Serviço,60235.77,2024-09-17 06:14:57,Agente Bancário,Aprovada,Benguela,Jovem
TXN002236,CLI0013,Levantamento,3735.53,2024-10-01 11:23:26,ATM,Pendente,Benguela,Poupança
TXN000037,CLI0068,Compra com Cartão,71751.43,2024-04-20 06:13:02,Internet Banking,Aprovada,Malanje,Jovem
TXN004096,CLI0092,Levantamento,37882.86,2023-06-23 21:41:40,Internet Banking,Pendente,Benguela,Poupança
TXN004936,CLI0158,Pagamento de Empréstimo,164426.72,2023-07-23 15:25:38,ATM,Aprovada,Lubango,Jovem
TXN000875,CLI0108,Pagamento de Serviço,134635.17,2024-12-20 00:36:52,Agente Bancário,Aprovada,Lubango,Corrente
TXN001442,CLI0050,Compra com Cartão,142021.22,2024-09-03 19:45:15,App Mobile,Aprovada,Malanje,Corrente
TXN000830,CLI0031,Recarga de Telemóvel,26349.95,2023-06-08 16:18:35,Balcão,Aprovada,Uíge,Poupança
TXN000405,CLI0014,Transferência,75691.1,2024-01-05 21:36:24,Internet Banking,Aprovada,Sumbe,Jovem
TXN002907,CLI0072,Pagamento de Electricidade,163593.29,2023-02-22 05:30:10,Balcão,Recusada,Lubango,Jovem
TXN000945,CLI0049,Depósito,23666.16,2023-12-05 04:27:21,ATM,Aprovada,Saurimo,Poupança
TXN004224,CLI0199,Compra com Cartão,27006.84,13/11/2024 13:00,Agente Bancário,Aprovada,Kuito,Poupança
TXN002256,CLI0156,Depósito,198600.87,2024-08-31 12:24:38,Agente Bancário,Aprovada,Benguela,Jovem
TXN002808,CLI0079,Pagamento de Electricidade,125034.81,2024-06-09 00:11:57,Balcão,Aprovada,Malanje,Poupança
TXN001583,CLI0017,Pagamento de Empréstimo,90702.27,2023-02-04 23:28:28,App Mobile,Aprovada,Huambo,Jovem
TXN001814,CLI0116,Recebimento de Salário,215821.65,2023-12-19 08:02:20,App Mobile,Aprovada,Benguela,Jovem
TXN004095,CLI0099,Depósito,113359.1,2024-10-28 21:59:36,ATM,Aprovada,Huambo,Empresarial
TXN000105,CLI0144,Pagamento de Serviço,171486.34,2023-05-12 17:15:17,Agente Bancário,Recusada,Sumbe,Jovem
TXN004138,CLI0107,Depósito,52947.92,2023-08-15 19:04:36,Agente Bancário,Aprovada,Kuito,Empresarial
TXN000041,CLI0082,Levantamento,129581.32,2024-06-12 06:09:01,Internet Banking,Aprovada,Uíge,Corrente
TXN003851,CLI0039,RECARGA DE TELEMÓVEL,226693.58,2024-06-16 10:23:07,Balcão,Aprovada,Kuito,Corrente
TXN004148,CLI0146,Compra com Cartão,173130.29,2023-06-09 10:10:42,Agente Bancário,Aprovada,Sumbe,Corrente
TXN000435,CLI0076,Pagamento de Electricidade,226441.74,2024-04-19 23:42:35,ATM,Pendente,Sumbe,Empresarial
TXN003270,CLI0115,Pagamento de Electricidade,111035.7,2023-10-07 20:16:59,Agente Bancário,Aprovada,Saurimo,Corrente
TXN004042,cli0188,Compra com Cartão,71165.7,2023-01-24 21:32:16,Agente Bancário,Aprovada,Benguela,Poupança
TXN004308,CLI0143,Pagamento de Serviço,244577.21,2023-09-01 05:52:12,Internet Banking,Recusada,Uíge,Poupança
TXN000523,CLI0073,Transferência,205731.65,2024-01-31 03:33:33,,Pendente,Saurimo,Poupança
TXN001997,CLI0138,Pagamento de Serviço,16440.9,2023-08-30 20:13:58,Balcão,Aprovada,Malanje,Empresarial
TXN001932,CLI0108,Transferência,-8105.6,2023-11-25 14:21:27,App Mobile,Recusada,Lubango,Corrente
TXN004200,CLI0149,Transferência,91345.41,2023-06-22 20:05:51,ATM,Recusada,Saurimo,Corrente
TXN000109,CLI0097,Compra com Cartão,233050.75,2023-03-30 11:01:22,Internet Banking,Aprovada,Uíge,Empresarial
TXN001469,CLI0018,Recebimento de Salário,72008.13,2024-01-28 08:47:57,Internet Banking,Aprovada,Kuito,Empresarial
TXN003232,CLI0008,Pagamento de Serviço,137508.58,2024-12-30 23:29:13,ATM,Recusada,Saurimo,Poupança
TXN002571,CLI0109,Pagamento de Electricidade,46348.51,2024-06-16 13:28:41,Balcão,Aprovada,Huambo,Poupança
TXN004491,CLI0097,Pagamento de Empréstimo,62743.94,2023-04-21 08:01:02,ATM,Pendente,Uíge,Empresarial
TXN003236,CLI0002,Pagamento de Electricidade,223619.26,2023-11-27 15:45:18,App Mobile,Aprovada,Saurimo,Jovem
TXN002400,CLI0105,Transferência,117374.75,2024-01-22 00:47:46,Internet Banking,Aprovada,Luanda,Corrente
TXN003847,CLI0186,Depósito,64237.6,2024-01-17 06:02:47,,Aprovada,Saurimo,Poupança
TXN002087,CLI0157,Recebimento de Salário,115228.08,2023-08-23 00:31:36,App Mobile,Aprovada,Malanje,Jovem
TXN000849,CLI0154,Pagamento de Electricidade,236676.87,2024-01-07 20:56:50,Balcão,Recusada,Lubango,Jovem
TXN003245,CLI0187,Pagamento de Serviço,135789.24,2024-03-09 06:33:25,ATM,Aprovada,Kuito,Empresarial
TXN002638,CLI0116,Pagamento de Renda,115471.42,2024-08-18 16:55:14,ATM,Recusada,Benguela,Jovem
TXN004067,CLI0162,Recarga de Telemóvel,225078.83,2024-11-28 16:41:47,Balcão,Pendente,Luanda,Empresarial
TXN002520,CLI0077,Levantamento,155810.95,2023-05-17 02:08:03,Agente Bancário,Aprovada,Huambo,Jovem
TXN001976,CLI0040,Depósito,186153.39,2024-03-13 16:47:59,ATM,Aprovada,Kuito,Poupança
TXN003060,CLI0127,Recarga de Telemóvel,125569.17,2024-03-09 15:41:02,ATM,Recusada,Malanje,Corrente
TXN001657,CLI0184,Transferência,174134.83,2023-10-14 07:56:14,Internet Banking,Aprovada,Sumbe,Corrente
TXN004997,CLI0006,Transferência,10292.95,2023-01-01 02:14:32,Agente Bancário,Aprovada,Uíge,Corrente
TXN001150,CLI0175,Transferência,229615.52,2024-01-29 07:06:06,Balcão,Aprovada,Cabinda,Empresarial
TXN003729,CLI0121,Pagamento de Renda,226627.57,2024-01-30 22:01:10,Agente Bancário,Recusada,Lubango,Empresarial
TXN002425,CLI0061,Levantamento,143988.64,2024-05-22 07:19:27,ATM,Aprovada,Malanje,Poupança
TXN003342,cli0199,Pagamento de Renda,127759.46,2024-06-09 11:01:19,Balcão,Pendente,Kuito,Poupança
TXN003256,CLI0083,Transferência,237061.1,2024-10-17 06:28:21,Internet Banking,Pendente,Cabinda,Empresarial
TXN002234,CLI0091,Pagamento de Renda,188446.97,2024-11-04 05:05:36,ATM,Pendente,Lubango,Corrente
TXN002847,CLI0075,Depósito,111183.12,2023-01-21 18:52:59,ATM,Aprovada,Huambo,Jovem
TXN000541,CLI0174,Pagamento de Renda,132313.05,2023-02-17 03:37:02,ATM,Pendente,Cabinda,Poupança
TXN000659,CLI0002,Pagamento de Electricidade,-130822.47,2023-06-13 22:35:57,Balcão,Aprovada,Saurimo,Jovem
TXN004721,CLI0146,PAGAMENTO DE RENDA,156434.95,2024-05-18 19:51:11,Balcão,Aprovada,Sumbe,Corrente
TXN003459,CLI0153,Compra com Cartão,165134.99,2023-03-09 00:57:21,App Mobile,Aprovada,Huambo,Poupança
TXN000661,CLI0092,Pagamento de Empréstimo,217700.11,2023-12-21 21:35:32,Balcão,Aprovada,Benguela,Poupança
TXN003135,CLI0023,Pagamento de Renda,68243.37,2023-11-02 03:45:29,Balcão,Pendente,Malanje,Poupança
TXN001396,CLI0121,Levantamento,125216.38,2024-04-05 23:21:41,ATM,Pendente,Lubango,Empresarial
TXN000478,CLI0122,Pagamento de Empréstimo,123166.27,2024-06-07 15:13:58,ATM,Aprovada,Lubango,Empresarial
TXN004474,CLI0061,Levantamento,172013.19,2023-08-01 17:06:18,ATM,Aprovada,Malanje,Poupança
TXN002604,CLI0086,Pagamento de Empréstimo,41409.36,2024-10-03 18:07:29,App Mobile,Recusada,Huambo,Corrente
TXN004253,CLI0128,Levantamento,29410.72,2024-09-23 00:03:20,Balcão,Aprovada,Luanda,Poupança
TXN004058,CLI0178,Pagamento de Serviço,24723.31,2024-08-14 20:12:39,ATM,Pendente,Saurimo,Poupança
TXN004129,CLI0155,Pagamento de Renda,144174.92,2023-02-16 09:53:05,Agente Bancário,Aprovada,Malanje,Corrente
TXN002190,CLI0037,Pagamento de Serviço,69055.42,2023-01-23 16:11:15,App Mobile,Recusada,Huambo,Jovem
TXN002111,CLI0017,Transferência,79322.71,2023-08-06 05:03:04,Internet Banking,Aprovada,Huambo,Jovem
TXN003252,CLI0113,Compra com Cartão,156249.32,2024-01-27 01:34:27,,Aprovada,Saurimo,Empresarial
TXN003643,CLI0067,Depósito,17402.5,2023-10-18 05:56:01,App Mobile,Pendente,Lubango,Jovem
TXN001944,CLI0195,Transferência,35005.88,2023-08-16 20:09:44,Agente Bancário,Aprovada,Cabinda,Corrente
TXN003413,CLI0075,Depósito,63498.37,2023-01-04 00:47:30,App Mobile,Pendente,Huambo,Jovem
TXN001965,CLI0045,Compra com Cartão,1927.36,2023-08-02 06:51:44,Internet Banking,Aprovada,Lubango,Empresarial
TXN001370,CLI0085,Recarga de Telemóvel,238908.74,2023-02-15 08:04:47,Internet Banking,Aprovada,Uíge,Empresarial
TXN002606,CLI0064,Pagamento de Renda,137137.01,2024-07-14 01:29:56,Balcão,Aprovada,Uíge,Corrente
TXN001669,CLI0100,Compra com Cartão,191929.9,2023-07-22 18:29:48,Balcão,Recusada,Saurimo,Empresarial
TXN000488,CLI0092,Recebimento de Salário,61435.11,2024-05-28 14:24:25,App Mobile,Aprovada,Benguela,Poupança
TXN002309,CLI0034,Transferência,185143.33,2024-09-13 10:13:59,App Mobile,Aprovada,Huambo,Empresarial
TXN003360,CLI0137,Pagamento de Serviço,176077.54,2024-04-16 17:34:31,Agente Bancário,Pendente,Benguela,Jovem
TXN003503,CLI0173,Pagamento de Serviço,185397.49,2024-12-17 23:37:41,Internet Banking,Aprovada,Benguela,Jovem
TXN003952,CLI0087,Pagamento de Serviço,147865.58,2024-10-09 01:27:04,Agente Bancário,Aprovada,Uíge,Poupança
TXN002098,CLI0097,COMPRA COM CARTÃO,185120.51,2024-02-04 07:56:33,Internet Banking,Aprovada,Uíge,Empresarial
TXN004426,CLI0082,Recebimento de Salário,241095.8,2023-08-31 11:22:53,Agente Bancário,Aprovada,Uíge,Corrente
TXN000111,CLI0169,Transferência,112542.15,2023-02-27 10:48:36,Internet Banking,Aprovada,Cabinda,Poupança
TXN001486,CLI0139,Recebimento de Salário,224477.67,2024-02-08 22:13:47,Agente Bancário,Recusada,Kuito,Poupança
TXN004415,CLI0191,Recebimento de Salário,196347.11,2024-10-21 21:27:26,Agente Bancário,Aprovada,Benguela,Corrente
TXN001257,CLI0104,Pagamento de Electricidade,172979.34,2023-07-16 11:04:21,ATM,Pendente,Uíge,Jovem
TXN004528,CLI0004,Pagamento de Serviço,200150.78,2023-06-18 10:42:27,App Mobile,Aprovada,Saurimo,Empresarial
TXN000553,CLI0112,Depósito,230668.46,2024-05-27 18:34:32,Internet Banking,Aprovada,Luanda,Empresarial
TXN004939,CLI0156,Recarga de Telemóvel,177460.05,2024-09-02 02:35:38,Agente Bancário,Aprovada,Benguela,Jovem
TXN000854,CLI0156,Recebimento de Salário,164319.28,2023-04-06 01:15:38,Internet Banking,Pendente,Benguela,Jovem
TXN003455,CLI0198,Transferência,124793.8,2024-12-21 16:57:42,Agente Bancário,Aprovada,Uíge,Corrente
TXN002108,CLI0161,Recarga de Telemóvel,52568.6,2024-04-20 19:47:59,Internet Banking,Aprovada,Lubango,Empresarial
TXN004609,CLI0049,Compra com Cartão,-25999.96,2023-07-16 06:31:22,Agente Bancário,Aprovada,Saurimo,Poupança
TXN004456,CLI0131,Transferência,28781.69,2024-06-15 09:58:49,Internet Banking,Pendente,Sumbe,Empresarial
TXN003080,CLI0034,Pagamento de Renda,55542.62,2024-05-14 11:40:53,Internet Banking,Pendente,Huambo,Empresarial
TXN001407,CLI0041,DEPÓSITO,216680.35,2024-07-05 17:32:34,ATM,Pendente,Saurimo,Corrente
TXN002890,CLI0192,Recebimento de Salário,-106853.35,2023-02-02 08:46:18,Agente Bancário,Aprovada,Luanda,Empresarial
TXN004347,CLI0169,Transferência,73074.3,2023-08-07 05:54:07,Internet Banking,Aprovada,Cabinda,Poupança
TXN001149,CLI0173,Recarga de Telemóvel,22068.17,2023-12-02 07:40:57,Internet Banking,Aprovada,Benguela,Jovem
TXN003328,CLI0080,Recebimento de Salário,84198.13,2023-04-08 22:52:24,App Mobile,Aprovada,Lubango,Jovem
TXN004447,CLI0076,Recebimento de Salário,63610.47,2024-07-04 14:06:44,App Mobile,Aprovada,Sumbe,Empresarial
TXN003618,CLI0098,Recarga de Telemóvel,3147.11,2024-05-22 11:54:32,Balcão,Aprovada,Sumbe,Corrente
TXN000018,CLI0040,Transferência,156372.75,2024-08-21 22:18:18,ATM,Pendente,Kuito,Poupança
TXN000110,CLI0182,Pagamento de Serviço,173362.4,2024-10-07 16:12:57,Internet Banking,Aprovada,Uíge,Corrente
TXN001022,CLI0161,Pagamento de Electricidade,113571.8,2023-06-16 20:50:12,Internet Banking,Aprovada,Lubango,Empresarial
TXN001632,CLI0110,Pagamento de Serviço,79474.84,2024-07-29 14:44:57,ATM,Recusada,Kuito,Empresarial
TXN002763,CLI0124,Depósito,94930.49,2023-10-15 01:25:43,Balcão,Aprovada,Luanda,Poupança
TXN003266,CLI0040,Transferência,193087.36,2023-03-12 02:52:26,Agente Bancário,Aprovada,Kuito,Poupança
TXN000366,CLI0197,Compra com Cartão,95045.37,2024-11-28 03:10:03,App Mobile,Aprovada,Malanje,Empresarial
TXN001554,CLI0094,Recarga de Telemóvel,93778.58,2023-01-22 17:45:38,Internet Banking,Aprovada,Luanda,Empresarial
TXN002516,CLI0130,Levantamento,195896.84,2023-08-29 02:13:57,Balcão,Aprovada,Uíge,Empresarial
TXN000489,CLI0044,Depósito,115496.89,2023-01-30 00:46:09,Agente Bancário,Aprovada,Benguela,Corrente
TXN001569,CLI0147,Levantamento,201627.68,2024-02-15 22:53:20,ATM,Aprovada,Malanje,Empresarial
TXN001038,CLI0133,Recebimento de Salário,147790.59,2023-03-25 17:29:39,Balcão,Recusada,Kuito,Jovem
TXN000922,CLI0098,Pagamento de Empréstimo,49361.1,2023-01-09 06:56:54,ATM,Pendente,Sumbe,Corrente
TXN003784,CLI0024,Pagamento de Serviço,170228.54,2024-05-05 16:58:32,App Mobile,Recusada,Sumbe,Corrente
TXN003173,CLI0085,Depósito,104630.4,2024-11-25 18:51:52,Internet Banking,Pendente,Uíge,Empresarial
TXN002999,CLI0068,Transferência,246590.05,2024-05-22 23:10:46,Internet Banking,Aprovada,Malanje,Jovem
TXN004288,CLI0188,Pagamento de Electricidade,187801.12,2023-02-28 07:41:25,App Mobile,Aprovada,Benguela,Poupança
TXN003667,CLI0123,Pagamento de Empréstimo,120378.21,2023-07-29 19:02:20,Internet Banking,Aprovada,Kuito,Poupança
TXN004787,CLI0200,Compra com Cartão,189207.95,2023-07-26 01:11:56,ATM,Recusada,Malanje,Empresarial
TXN001490,CLI0093,Pagamento de Empréstimo,115412.38,2023-04-02 11:33:04,Agente Bancário,Aprovada,Saurimo,Corrente
TXN003184,CLI0171,Transferência,229548.57,2024-04-14 19:59:47,Balcão,Pendente,Benguela,Corrente
TXN000352,CLI0129,Pagamento de Electricidade,93802.87,2024-05-19 12:50:07,Internet Banking,Pendente,Saurimo,Jovem
TXN000086,CLI0186,RECARGA DE TELEMÓVEL,217433.73,2023-06-12 05:58:29,ATM,Aprovada,Saurimo,Poupança
TXN003946,CLI0118,Recarga de Telemóvel,136633.21,2023-06-25 10:03:12,App Mobile,Aprovada,Saurimo,Corrente
TXN004844,CLI0173,Depósito,185887.38,2023-10-31 05:06:20,Internet Banking,Aprovada,Benguela,Jovem
TXN003648,CLI0190,Pagamento de Empréstimo,238105.24,2023-10-17 14:06:12,Agente Bancário,Aprovada,Malanje,Empresarial
TXN002773,CLI0056,Pagamento de Empréstimo,113188.8,2024-01-03 18:08:46,App Mobile,Recusada,Huambo,Empresarial
TXN004962,CLI0002,Recebimento de Salário,107553.34,2024-01-02 21:53:02,Balcão,Aprovada,Saurimo,Jovem
TXN000418,CLI0046,Recarga de Telemóvel,48155.29,2024-05-28 04:58:34,Balcão,Aprovada,Malanje,Poupança
TXN004167,CLI0054,Levantamento,208293.09,2023-08-23 20:32:16,App Mobile,Aprovada,Cabinda,Poupança
TXN003948,CLI0138,Levantamento,47655.1,2024-05-30 05:55:01,Internet Banking,Aprovada,Malanje,Empresarial
TXN004266,CLI0079,Recebimento de Salário,229769.46,2024-03-19 07:12:54,App Mobile,Aprovada,Malanje,Poupança
TXN000160,CLI0116,RECARGA DE TELEMÓVEL,115779.79,2023-03-15 13:48:25,Agente Bancário,Aprovada,Benguela,Jovem
TXN001169,CLI0036,Pagamento de Empréstimo,53783.48,2024-09-14 07:55:19,ATM,Aprovada,Lubango,Poupança
TXN004966,CLI0074,Compra com Cartão,46230.28,2024-06-06 07:21:17,ATM,Aprovada,Huambo,Corrente
TXN001758,CLI0003,Pagamento de Renda,81613.02,2024-08-06 15:40:20,Internet Banking,Aprovada,Saurimo,Corrente
TXN002533,CLI0121,Compra com Cartão,214602.95,2023-06-10 06:28:50,Balcão,Aprovada,Lubango,Empresarial
TXN000928,CLI0156,Pagamento de Serviço,159007.28,2023-05-15 08:21:40,Agente Bancário,Aprovada,Benguela,Jovem
TXN001628,CLI0006,Pagamento de Empréstimo,28690.22,2023-04-23 02:43:45,App Mobile,Aprovada,Uíge,Corrente
TXN003937,CLI0136,Depósito,154077.51,2023-12-11 00:44:17,Agente Bancário,Aprovada,Huambo,Empresarial
TXN002839,CLI0075,Transferência,236869.01,2024-05-30 23:28:21,ATM,Aprovada,Huambo,Jovem
TXN004597,CLI0173,Pagamento de Serviço,207746.43,2024-10-07 11:18:03,App Mobile,Aprovada,Benguela,Jovem
TXN003583,CLI0045,Pagamento de Electricidade,90409.5,2024-06-21 11:08:27,App Mobile,Aprovada,Lubango,Empresarial
TXN000096,CLI0024,Recebimento de Salário,119263.27,2024-03-05 07:06:05,Internet Banking,Aprovada,Sumbe,Corrente
TXN002352,CLI0038,Recarga de Telemóvel,138395.58,2023-09-29 11:29:23,App Mobile,Aprovada,Uíge,Jovem
TXN001704,CLI0063,Pagamento de Serviço,154861.15,2024-09-12 04:43:48,App Mobile,Aprovada,Kuito,Corrente
TXN000028,CLI0188,Levantamento,83463.39,2024-08-10 17:31:03,Agente Bancário,Pendente,Benguela,Poupança
TXN002800,CLI0143,Depósito,199962.11,2024-02-27 20:43:33,Agente Bancário,Pendente,Uíge,Poupança
TXN001959,CLI0132,Recarga de Telemóvel,241315.15,2024-12-07 00:51:56,Agente Bancário,Aprovada,Cabinda,Empresarial
TXN002499,CLI0196,Pagamento de Renda,234337.78,2023-12-09 00:07:48,Agente Bancário,Aprovada,Saurimo,Corrente
TXN000518,CLI0078,Recebimento de Salário,140110.32,2024-11-24 00:17:49,App Mobile,Aprovada,Kuito,Jovem
TXN004044,cli0094,Recarga de Telemóvel,79466.1,2024-03-02 21:55:30,Agente Bancário,Aprovada,Luanda,Empresarial
TXN004900,CLI0092,Compra com Cartão,189401.02,2024-03-07 23:00:20,ATM,Aprovada,Benguela,Poupança
TXN002417,CLI0189,Recarga de Telemóvel,143429.79,2023-01-11 09:44:05,ATM,Aprovada,Sumbe,Jovem
TXN000521,CLI0169,Pagamento de Renda,14114.51,2023-04-26 10:29:33,Balcão,Aprovada,Cabinda,Poupança
TXN001682,CLI0188,Compra com Cartão,89423.58,2023-04-03 11:51:30,Balcão,Aprovada,Benguela,Poupança
TXN000204,CLI0031,Pagamento de Renda,145288.12,2024-03-29 06:37:09,Balcão,Pendente,Uíge,Poupança
TXN004268,CLI0191,Pagamento de Electricidade,233197.51,2024-12-21 05:25:14,ATM,Aprovada,Benguela,Corrente
TXN002128,CLI0016,Compra com Cartão,16436.66,2023-07-07 23:01:33,Balcão,Aprovada,Huambo,Jovem
TXN004392,CLI0154,Levantamento,178835.31,2024-09-07 04:07:02,Balcão,Aprovada,Lubango,Jovem
TXN000245,CLI0030,Recebimento de Salário,71065.83,2024-07-16 07:53:00,App Mobile,Recusada,Sumbe,Poupança
TXN001988,cli0132,Pagamento de Renda,6202.11,2024-02-12 21:00:50,Internet Banking,Aprovada,Cabinda,Empresarial
TXN002998,CLI0126,Levantamento,162579.0,2023-11-09 06:01:58,ATM,Pendente,Sumbe,Jovem
TXN000377,CLI0124,Recarga de Telemóvel,192485.61,2023-04-22 07:12:47,App Mobile,Aprovada,Luanda,Poupança
TXN004585,CLI0178,Recebimento de Salário,175342.99,2023-08-25 15:57:24,App Mobile,Aprovada,Saurimo,Poupança
TXN000996,CLI0026,Depósito,92677.48,2024-02-22 19:06:10,App Mobile,Aprovada,Lubango,Empresarial
TXN004479,CLI0042,Compra com Cartão,110892.47,2023-05-23 04:05:08,,Aprovada,Lubango,Corrente
TXN002945,CLI0039,Levantamento,223161.38,2023-01-20 18:10:08,Agente Bancário,Pendente,Kuito,Corrente
TXN002952,CLI0036,Pagamento de Empréstimo,86915.62,2023-12-02 17:55:16,App Mobile,Aprovada,Lubango,Poupança
TXN002931,CLI0048,Compra com Cartão,104348.35,2023-08-09 11:01:06,App Mobile,Aprovada,Malanje,Corrente
TXN000306,CLI0195,Transferência,134007.17,2023-12-31 10:29:01,App Mobile,Aprovada,Cabinda,Corrente
TXN001458,CLI0102,Pagamento de Renda,49373.01,2023-04-10 07:20:12,Internet Banking,Recusada,Sumbe,Empresarial
TXN000459,CLI0151,Pagamento de Electricidade,76156.17,2023-06-11 09:22:14,Balcão,Aprovada,Malanje,Corrente
TXN004263,CLI0024,Compra com Cartão,168773.17,2024-12-02 06:50:25,Internet Banking,Aprovada,Sumbe,Corrente
TXN003490,CLI0038,Levantamento,90961.17,2024-08-17 21:07:16,Balcão,Aprovada,Uíge,Jovem
TXN001321,cli0149,Recebimento de Salário,82923.28,2023-04-25 03:00:29,Agente Bancário,Aprovada,Saurimo,Corrente
TXN002341,CLI0092,Pagamento de Empréstimo,215293.39,2023-07-10 23:54:39,ATM,Recusada,Benguela,Poupança
TXN003333,CLI0171,Depósito,17411.59,2024-11-21 20:52:15,App Mobile,Recusada,Benguela,Corrente
TXN002476,CLI0137,Depósito,95471.79,2024-06-11 10:13:20,ATM,Aprovada,Benguela,Jovem
TXN003593,CLI0063,Pagamento de Renda,157138.17,27/08/2023 01:24,Internet Banking,Aprovada,Kuito,Corrente
TXN003352,CLI0031,Recebimento de Salário,212729.89,2024-01-17 08:19:08,Internet Banking,Aprovada,Uíge,Poupança
TXN002525,CLI0036,Recarga de Telemóvel,209720.84,2024-12-07 03:05:29,Internet Banking,Aprovada,Lubango,Poupança
TXN001534,CLI0177,Pagamento de Renda,24002.0,2024-06-20 12:10:33,ATM,Pendente,Lubango,Poupança
TXN001691,CLI0074,Transferência,184162.58,2023-08-04 02:26:56,App Mobile,Aprovada,Huambo,Corrente
TXN002414,CLI0041,Depósito,122530.04,2024-11-20 07:12:38,Balcão,Pendente,Saurimo,Corrente
TXN001328,CLI0144,Pagamento de Renda,207738.24,2024-06-05 23:12:16,Internet Banking,Aprovada,Sumbe,Jovem
TXN002702,CLI0011,Pagamento de Serviço,33528.03,2024-08-16 23:18:20,App Mobile,Aprovada,Huambo,Poupança
TXN000629,CLI0065,Pagamento de Serviço,7166.11,2023-12-25 23:25:35,Agente Bancário,Aprovada,Benguela,Empresarial
TXN003899,cli0059,Pagamento de Electricidade,193333.54,2024-03-26 20:23:50,ATM,Recusada,Lubango,Jovem
TXN002274,CLI0022,Pagamento de Electricidade,73839.5,2024-08-12 14:30:03,ATM,Aprovada,Huambo,Corrente
TXN001423,CLI0152,PAGAMENTO DE ELECTRICIDADE,228036.42,2024-03-17 12:54:34,App Mobile,Recusada,Cabinda,Jovem
TXN002168,CLI0156,Depósito,146141.14,2024-03-27 02:31:37,Internet Banking,Aprovada,Benguela,Jovem
TXN001805,CLI0126,Levantamento,194969.73,2023-02-14 10:24:00,Internet Banking,Aprovada,Sumbe,Jovem
TXN001021,CLI0051,Transferência,9011.45,2024-05-07 22:22:22,Balcão,Aprovada,Cabinda,Poupança
TXN001304,CLI0127,Pagamento de Serviço,81093.53,2024-05-15 05:33:23,ATM,Aprovada,Malanje,Corrente
TXN000448,CLI0017,Depósito,84301.4,2024-05-15 17:33:27,ATM,Recusada,Huambo,Jovem
TXN004120,CLI0112,Pagamento de Renda,243798.26,2023-11-29 00:01:26,Internet Banking,Pendente,Luanda,Empresarial
TXN000317,CLI0016,Depósito,175481.37,2023-04-30 13:14:51,App Mobile,Pendente,Huambo,Jovem
TXN001241,CLI0172,Pagamento de Electricidade,197355.51,2023-10-04 17:09:00,App Mobile,Aprovada,Cabinda,Jovem
TXN004181,CLI0102,Pagamento de Renda,131244.36,2024-02-23 07:35:56,Balcão,Aprovada,Sumbe,Empresarial
TXN003247,CLI0121,RECARGA DE TELEMÓVEL,72049.14,2023-12-25 04:11:19,ATM,Recusada,Lubango,Empresarial
TXN003992,CLI0161,Recarga de Telemóvel,92154.38,2024-04-27 11:28:18,App Mobile,Aprovada,Lubango,Empresarial
TXN002867,CLI0114,Pagamento de Electricidade,170933.29,2023-03-14 04:14:08,App Mobile,Recusada,Malanje,Jovem
TXN000425,CLI0107,Transferência,109945.97,2023-05-09 03:56:13,App Mobile,Recusada,Kuito,Empresarial
TXN001058,CLI0105,Recebimento de Salário,86152.19,2024-10-20 02:10:28,Internet Banking,Aprovada,Luanda,Corrente
TXN000953,CLI0177,Pagamento de Electricidade,131127.91,2024-09-29 06:57:39,ATM,Pendente,Lubango,Poupança
TXN002575,CLI0167,Pagamento de Electricidade,212600.16,2023-01-02 21:34:04,ATM,Aprovada,Benguela,Jovem
TXN004823,CLI0066,Pagamento de Electricidade,181439.37,2023-04-25 21:55:28,Balcão,Recusada,Malanje,Jovem
TXN003506,CLI0116,Pagamento de Serviço,23073.33,2024-10-27 17:13:41,Agente Bancário,Aprovada,Benguela,Jovem
TXN002595,CLI0175,Pagamento de Empréstimo,114917.2,2023-07-05 03:16:04,Balcão,Aprovada,Cabinda,Empresarial
TXN003172,CLI0163,Pagamento de Serviço,60480.48,2023-10-18 02:33:49,App Mobile,Aprovada,Malanje,Empresarial
TXN001451,CLI0097,Recebimento de Salário,139409.72,2024-10-31 04:43:19,App Mobile,Pendente,Uíge,Empresarial
TXN001144,CLI0180,Pagamento de Electricidade,173104.48,2024-07-22 02:55:06,Internet Banking,Aprovada,Huambo,Corrente
TXN004848,CLI0108,Depósito,239565.62,2024-05-03 17:50:19,Balcão,Aprovada,Lubango,Corrente
TXN000642,CLI0082,Depósito,203271.28,2024-05-18 08:27:39,Agente Bancário,Aprovada,Uíge,Corrente
TXN001924,cli0014,Recebimento de Salário,99254.53,2023-11-04 18:11:58,ATM,Aprovada,Sumbe,Jovem
TXN000679,CLI0087,Pagamento de Electricidade,180776.33,2024-05-01 23:36:55,Internet Banking,Aprovada,Uíge,Poupança
TXN002113,cli0182,Pagamento de Empréstimo,101995.6,2023-08-27 07:40:14,Balcão,Aprovada,Uíge,Corrente
TXN000662,CLI0180,Pagamento de Serviço,171703.13,25/04/2024 06:54,App Mobile,Aprovada,Huambo,Corrente
TXN001828,CLI0016,Pagamento de Serviço,16167.25,2023-03-24 06:01:14,ATM,Pendente,Huambo,Jovem
TXN001106,CLI0111,Pagamento de Serviço,20313.28,2024-07-10 21:27:38,ATM,Aprovada,Huambo,Empresarial
TXN001339,CLI0109,Pagamento de Serviço,33522.89,2023-09-04 19:24:00,Agente Bancário,Pendente,Huambo,Poupança
TXN004039,CLI0060,Depósito,7962.87,2024-07-26 11:38:34,Internet Banking,Pendente,Kuito,Jovem
TXN004480,CLI0128,Recarga de Telemóvel,241779.17,2024-08-31 05:54:56,Balcão,Aprovada,Luanda,Poupança
TXN003792,CLI0173,Recebimento de Salário,220000.33,2024-02-22 19:45:56,App Mobile,Aprovada,Benguela,Jovem
TXN003063,CLI0023,Compra com Cartão,22696.02,2023-05-31 16:03:41,ATM,Aprovada,Malanje,Poupança
TXN000502,CLI0109,Pagamento de Serviço,53920.11,2023-05-17 01:06:43,ATM,Aprovada,Huambo,Poupança
TXN001263,CLI0078,Pagamento de Serviço,216030.03,2024-06-18 17:16:55,Internet Banking,Aprovada,Kuito,Jovem
TXN000140,CLI0169,Compra com Cartão,127625.88,2024-04-16 09:56:12,ATM,Recusada,Cabinda,Poupança
TXN003710,CLI0119,Depósito,159306.63,2023-04-04 16:36:18,Balcão,Aprovada,Lubango,Empresarial
TXN000977,CLI0178,Transferência,214857.33,2023-08-16 01:28:47,ATM,Recusada,Saurimo,Poupança
TXN002245,CLI0192,Pagamento de Electricidade,27348.98,2024-06-29 17:45:09,Agente Bancário,Aprovada,Luanda,Empresarial
TXN002169,CLI0039,Recebimento de Salário,124253.39,2024-10-11 07:09:37,App Mobile,Recusada,Kuito,Corrente
TXN002775,CLI0083,Pagamento de Serviço,224809.56,2023-02-22 12:18:45,App Mobile,Aprovada,Cabinda,Empresarial
TXN003887,CLI0017,Transferência,189947.7,2024-08-13 23:09:15,Balcão,Aprovada,Huambo,Jovem
TXN004766,CLI0177,Levantamento,140816.15,2024-01-23 09:31:21,ATM,Aprovada,Lubango,Poupança
TXN003363,CLI0165,Compra com Cartão,8147.37,2023-02-26 20:59:02,ATM,Recusada,Cabinda,Corrente
TXN002914,CLI0116,Pagamento de Electricidade,246233.7,2024-11-01 13:23:02,ATM,Aprovada,Benguela,Jovem
TXN000345,CLI0126,Recebimento de Salário,171235.68,2023-09-27 08:26:45,ATM,Aprovada,Sumbe,Jovem
TXN002957,CLI0182,PAGAMENTO DE RENDA,203866.4,2023-01-06 07:26:32,,Aprovada,Uíge,Corrente
TXN000375,CLI0193,Compra com Cartão,68238.61,2023-01-25 13:35:33,App Mobile,Pendente,Luanda,Empresarial
TXN004440,CLI0134,Recebimento de Salário,80191.99,2024-10-16 03:38:56,Internet Banking,Pendente,Sumbe,Jovem
TXN004162,CLI0022,Pagamento de Empréstimo,138176.52,2023-03-12 17:46:35,App Mobile,Aprovada,Huambo,Corrente
TXN003652,CLI0080,Pagamento de Serviço,95193.82,2024-12-22 11:31:31,Agente Bancário,Aprovada,Lubango,Jovem
TXN003542,CLI0167,Pagamento de Serviço,201590.04,2023-02-15 00:25:56,Agente Bancário,Aprovada,Benguela,Jovem
TXN000141,cli0029,Pagamento de Serviço,18217.49,2024-04-06 07:39:12,Internet Banking,Pendente,Benguela,Corrente
TXN002863,CLI0140,Recarga de Telemóvel,235937.43,2023-05-12 16:49:19,Internet Banking,Recusada,Uíge,Empresarial
TXN001155,CLI0025,Pagamento de Serviço,74298.13,2023-01-25 03:41:54,Balcão,Aprovada,Sumbe,Poupança
TXN002854,CLI0174,Pagamento de Renda,201414.69,2023-06-03 06:45:58,Internet Banking,Aprovada,Cabinda,Poupança
TXN002511,CLI0040,Pagamento de Serviço,29533.93,2024-08-16 20:44:57,Internet Banking,Aprovada,Kuito,Poupança
TXN003079,CLI0078,Pagamento de Serviço,155124.06,2024-12-05 17:16:24,Balcão,Aprovada,Kuito,Jovem
TXN003905,CLI0150,Depósito,145462.98,2023-06-11 16:19:48,Internet Banking,Aprovada,Benguela,Jovem
TXN004876,CLI0054,Pagamento de Renda,103607.72,2024-10-02 02:21:14,ATM,Aprovada,Cabinda,Poupança
TXN001928,CLI0035,Pagamento de Renda,74171.3,2024-12-26 19:18:46,App Mobile,Aprovada,Benguela,Corrente
TXN004442,CLI0052,Levantamento,153765.34,2024-10-18 21:55:08,ATM,Aprovada,Uíge,Corrente
TXN004572,CLI0150,Pagamento de Empréstimo,24585.41,2023-05-19 22:18:50,App Mobile,Aprovada,Benguela,Jovem
TXN001108,CLI0139,Pagamento de Electricidade,175865.59,2023-04-07 07:43:10,ATM,Pendente,Kuito,Poupança
TXN001671,CLI0029,Pagamento de Serviço,172139.07,2024-11-21 03:52:36,Internet Banking,Aprovada,Benguela,Corrente
TXN000131,CLI0072,Pagamento de Empréstimo,145697.91,2023-09-12 05:06:51,Internet Banking,Aprovada,Lubango,Jovem
TXN004553,CLI0005,Compra com Cartão,85426.1,14/07/2023 18:09,Internet Banking,Aprovada,Malanje,Poupança
TXN002273,CLI0132,Pagamento de Empréstimo,210054.67,2024-07-13 07:27:29,ATM,Aprovada,Cabinda,Empresarial
TXN001656,CLI0091,Pagamento de Electricidade,133543.63,2024-10-24 17:20:15,Internet Banking,Recusada,Lubango,Corrente
TXN004899,CLI0114,Pagamento de Renda,21286.61,2024-10-18 04:15:13,Agente Bancário,Recusada,Malanje,Jovem
TXN001889,CLI0048,PAGAMENTO DE ELECTRICIDADE,41863.5,2023-05-24 07:40:53,Agente Bancário,Aprovada,Malanje,Corrente
TXN000513,CLI0095,Transferência,179786.56,2023-01-11 23:07:15,Agente Bancário,Aprovada,Lubango,Corrente
TXN004607,CLI0100,Compra com Cartão,22539.45,2023-08-13 00:36:52,Balcão,Aprovada,Saurimo,Empresarial
TXN003911,CLI0135,Pagamento de Serviço,40005.33,2023-09-14 17:31:27,ATM,Aprovada,Malanje,Jovem
TXN000467,CLI0200,Pagamento de Renda,227741.6,2024-12-16 06:57:27,Internet Banking,Aprovada,Malanje,Empresarial
TXN004130,CLI0131,Transferência,48396.43,2024-01-28 11:05:42,Agente Bancário,Recusada,Sumbe,Empresarial
TXN001127,CLI0071,Pagamento de Renda,151832.35,02/07/2024 14:19,App Mobile,Aprovada,Lubango,Empresarial
TXN003375,CLI0150,Transferência,140288.65,2024-07-07 07:01:15,Balcão,Aprovada,Benguela,Jovem
TXN003223,CLI0075,Recarga de Telemóvel,89207.23,2024-01-24 17:56:48,Agente Bancário,Aprovada,Huambo,Jovem
TXN000136,CLI0003,Pagamento de Empréstimo,33477.7,2024-06-23 01:40:32,Balcão,Aprovada,Saurimo,Corrente
TXN001563,CLI0187,Recarga de Telemóvel,233166.73,2024-12-12 14:16:41,Internet Banking,Aprovada,Kuito,Empresarial
TXN002445,CLI0151,Compra com Cartão,38502.0,2023-04-28 23:21:01,Balcão,Aprovada,Malanje,Corrente
TXN002600,CLI0189,Pagamento de Electricidade,29581.72,2024-12-01 02:36:33,Balcão,Aprovada,Sumbe,Jovem
TXN001876,CLI0117,Transferência,41818.3,2024-02-15 15:32:08,Internet Banking,Aprovada,Sumbe,Jovem
TXN001306,CLI0048,Pagamento de Serviço,27133.07,2024-03-31 05:30:53,Balcão,Aprovada,Malanje,Corrente
TXN003105,CLI0086,Pagamento de Electricidade,158486.31,2024-09-03 09:09:38,ATM,Aprovada,Huambo,Corrente
TXN004225,CLI0119,Pagamento de Empréstimo,101823.02,2024-03-22 14:04:08,ATM,Pendente,Lubango,Empresarial
TXN001305,CLI0157,Recarga de Telemóvel,24279.29,2023-10-30 09:50:10,Internet Banking,,Malanje,Jovem
TXN004027,CLI0063,Depósito,67357.82,2024-08-01 08:00:09,Agente Bancário,Pendente,Kuito,Corrente
TXN001866,CLI0122,Pagamento de Serviço,191801.05,2023-05-18 17:19:23,Agente Bancário,Recusada,Lubango,Empresarial
TXN004901,CLI0002,Recarga de Telemóvel,203793.49,2024-01-15 00:15:34,Agente Bancário,Aprovada,Saurimo,Jovem
TXN003447,CLI0130,Depósito,53185.85,2023-11-02 19:52:23,ATM,Pendente,Uíge,Empresarial
TXN002676,CLI0026,Pagamento de Renda,132829.05,2024-09-11 16:51:45,ATM,Aprovada,Lubango,Empresarial
TXN003846,CLI0195,Levantamento,180331.74,2023-12-07 07:51:54,Balcão,Aprovada,Cabinda,Corrente
TXN000668,CLI0165,Pagamento de Empréstimo,184132.62,2024-07-31 01:55:26,Internet Banking,Pendente,Cabinda,Corrente
TXN003190,CLI0004,Recebimento de Salário,26977.84,2024-07-11 03:27:59,Internet Banking,Aprovada,Saurimo,Empresarial
TXN000388,CLI0170,Levantamento,148244.7,2023-03-30 19:07:57,Agente Bancário,Aprovada,Uíge,Corrente
TXN004638,CLI0063,Pagamento de Empréstimo,20854.31,2024-09-22 19:04:17,Internet Banking,Aprovada,Kuito,Corrente
TXN004621,CLI0051,Depósito,184125.83,2023-10-16 16:53:43,ATM,Aprovada,Cabinda,Poupança
TXN004030,CLI0064,Pagamento de Empréstimo,139221.69,2023-02-02 02:37:46,Internet Banking,Aprovada,Uíge,Corrente
TXN003529,CLI0159,Pagamento de Electricidade,13078.37,2023-09-23 22:24:57,App Mobile,Aprovada,Uíge,Empresarial
TXN003290,CLI0044,Pagamento de Renda,203613.91,2023-11-05 16:41:31,App Mobile,Recusada,Benguela,Corrente
TXN003495,CLI0196,Levantamento,143378.0,09/05/2024 15:33,Agente Bancário,Pendente,Saurimo,Corrente
TXN004873,CLI0180,Compra com Cartão,92311.09,2024-05-03 19:23:48,ATM,Aprovada,Huambo,Corrente
TXN004177,CLI0078,Transferência,44847.98,2024-11-06 19:22:33,ATM,Aprovada,Kuito,Jovem
TXN001240,CLI0001,Pagamento de Serviço,28786.0,2023-05-20 00:15:05,Balcão,Aprovada,Malanje,Poupança
TXN003858,CLI0028,Compra com Cartão,245291.56,2023-11-22 11:23:55,Balcão,Aprovada,Kuito,Poupança
TXN003865,CLI0034,Depósito,66361.04,2023-09-17 19:12:44,Agente Bancário,Aprovada,Huambo,Empresarial
TXN003330,CLI0017,Pagamento de Serviço,156146.26,2024-06-28 22:14:34,App Mobile,Aprovada,Huambo,Jovem
TXN003902,cli0151,Recarga de Telemóvel,198470.66,2024-08-10 02:28:44,App Mobile,Aprovada,Malanje,Corrente
TXN001398,CLI0027,Transferência,154568.24,2023-04-04 22:47:52,ATM,Aprovada,Sumbe,Corrente
TXN004105,CLI0102,Pagamento de Empréstimo,50621.37,26/06/2024 09:17,Agente Bancário,Pendente,Sumbe,Empresarial
TXN001840,CLI0050,Transferência,71617.56,2024-10-11 07:18:34,Balcão,Aprovada,Malanje,Corrente
TXN001053,CLI0006,Recarga de Telemóvel,14857.67,2024-05-20 02:03:09,Internet Banking,Recusada,Uíge,Corrente
TXN000850,CLI0078,Pagamento de Serviço,193516.5,2023-01-21 11:16:14,Balcão,Aprovada,Kuito,Jovem
TXN000586,CLI0029,Compra com Cartão,43034.04,2024-01-19 17:02:18,Agente Bancário,Recusada,Benguela,Corrente
TXN001403,CLI0178,Pagamento de Electricidade,24743.43,2024-08-26 00:27:18,Internet Banking,Aprovada,Saurimo,Poupança
TXN000611,CLI0096,Compra com Cartão,188029.88,2023-04-15 08:05:54,Agente Bancário,Aprovada,Malanje,Corrente
TXN001484,CLI0103,Pagamento de Electricidade,154844.13,2024-08-22 23:03:46,Agente Bancário,Aprovada,Malanje,Empresarial
TXN001360,CLI0147,Levantamento,65551.74,2023-05-08 17:02:22,App Mobile,Aprovada,Malanje,Empresarial
TXN000900,CLI0041,Compra com Cartão,158073.1,2023-06-28 15:36:30,App Mobile,Aprovada,Saurimo,Corrente
TXN002336,CLI0163,RECARGA DE TELEMÓVEL,198511.65,2023-01-07 07:07:08,Balcão,Aprovada,Malanje,Empresarial
TXN002901,CLI0185,Pagamento de Empréstimo,94916.78,2024-08-24 12:49:50,Agente Bancário,Aprovada,Benguela,Jovem
TXN000628,CLI0018,Pagamento de Serviço,138429.56,2024-08-14 18:06:52,Internet Banking,Aprovada,Kuito,Empresarial
TXN000094,CLI0129,Recebimento de Salário,24530.32,2024-12-14 01:40:15,ATM,Aprovada,Saurimo,Jovem
TXN004261,CLI0059,Compra com Cartão,181734.29,2023-10-09 14:27:34,Internet Banking,Aprovada,Lubango,Jovem
TXN003835,CLI0063,Transferência,158268.66,2023-05-11 00:26:12,Balcão,Aprovada,Kuito,Corrente
TXN003808,CLI0090,Transferência,151380.1,2024-09-20 14:50:40,Agente Bancário,Aprovada,Cabinda,Poupança
TXN004437,CLI0132,Pagamento de Renda,54574.38,2024-05-06 00:40:29,Balcão,Aprovada,Cabinda,Empresarial
TXN004586,CLI0075,Pagamento de Serviço,88739.81,2023-09-22 00:26:28,Balcão,Aprovada,Huambo,Jovem
TXN000607,CLI0110,Pagamento de Serviço,47680.99,2024-04-01 04:32:52,Balcão,Recusada,Kuito,Empresarial
TXN000651,CLI0109,PAGAMENTO DE SERVIÇO,230406.4,2023-01-27 19:16:03,ATM,Aprovada,Huambo,Poupança
TXN001009,CLI0149,Recarga de Telemóvel,52804.67,2024-08-10 16:09:53,Balcão,Aprovada,Saurimo,Corrente
TXN003285,CLI0051,Levantamento,114042.86,2023-07-17 20:24:28,Internet Banking,Aprovada,Cabinda,Poupança
TXN003054,CLI0057,Pagamento de Electricidade,210279.24,2024-11-27 18:17:26,Agente Bancário,Recusada,Benguela,Jovem
TXN001952,CLI0131,Pagamento de Empréstimo,182367.66,2023-11-16 17:12:34,Internet Banking,Aprovada,Sumbe,Empresarial
TXN003183,CLI0052,Pagamento de Serviço,93739.31,2024-09-25 04:27:54,Balcão,Recusada,Uíge,Corrente
TXN000121,CLI0062,Compra com Cartão,173512.42,2023-10-17 22:55:46,Balcão,Aprovada,Saurimo,Jovem
TXN004833,CLI0007,Recarga de Telemóvel,181218.64,2023-06-17 02:29:51,Internet Banking,Aprovada,Sumbe,Corrente
TXN002723,CLI0024,Depósito,236254.53,2024-09-18 13:19:39,ATM,Pendente,Sumbe,Corrente
TXN002371,CLI0049,Recarga de Telemóvel,36523.93,2023-09-20 15:09:07,Balcão,Pendente,Saurimo,Poupança
TXN002858,CLI0129,Recebimento de Salário,20324.7,2023-06-06 01:28:37,Balcão,Aprovada,Saurimo,Jovem
TXN000253,CLI0192,Pagamento de Empréstimo,161659.91,2024-12-04 10:07:48,ATM,Aprovada,Luanda,Empresarial
TXN001521,CLI0102,Pagamento de Electricidade,18885.09,2023-02-15 15:55:17,Internet Banking,Recusada,Sumbe,Empresarial
TXN004206,CLI0083,Recebimento de Salário,204471.65,2023-12-17 09:10:50,ATM,Aprovada,Cabinda,Empresarial
TXN001100,CLI0070,PAGAMENTO DE RENDA,8327.76,2024-03-04 04:29:39,Balcão,Aprovada,Huambo,Corrente
TXN000911,CLI0174,Compra com Cartão,222441.5,2024-04-22 18:18:14,Agente Bancário,Aprovada,Cabinda,Poupança
TXN000420,CLI0116,Depósito,84760.79,2023-02-13 12:55:50,Balcão,Aprovada,Benguela,Jovem
TXN000263,CLI0012,Depósito,242126.13,2024-06-30 14:35:40,App Mobile,Aprovada,Cabinda,Corrente
TXN000973,CLI0131,Pagamento de Renda,36922.94,2023-03-22 11:40:22,Internet Banking,Aprovada,Sumbe,Empresarial
TXN002244,CLI0167,Pagamento de Electricidade,76810.53,2024-05-28 21:09:07,Internet Banking,Pendente,Benguela,Jovem
TXN003401,CLI0156,Levantamento,175245.98,2023-05-15 04:52:59,Agente Bancário,Aprovada,Benguela,Jovem
TXN001391,CLI0126,Pagamento de Electricidade,126725.89,2024-01-27 01:11:16,Internet Banking,Recusada,Sumbe,Jovem
TXN004260,CLI0150,Depósito,88732.17,2024-05-24 05:05:46,Internet Banking,Pendente,Benguela,Jovem
TXN001055,CLI0173,Compra com Cartão,199704.88,2024-03-18 14:54:40,App Mobile,Aprovada,Benguela,Jovem
TXN001879,CLI0121,Recebimento de Salário,139588.59,2023-01-13 01:59:04,Internet Banking,Aprovada,Lubango,Empresarial
TXN003314,CLI0144,Pagamento de Empréstimo,178458.92,2023-12-28 07:56:39,App Mobile,Aprovada,Sumbe,Jovem
TXN000929,CLI0179,Levantamento,29507.29,2023-03-10 11:27:28,Agente Bancário,Aprovada,Luanda,Empresarial
TXN000845,CLI0058,Compra com Cartão,89797.35,2024-06-30 05:57:53,App Mobile,Aprovada,Sumbe,Empresarial
TXN004495,CLI0199,Recarga de Telemóvel,178145.03,2024-06-04 22:32:35,Internet Banking,Aprovada,Kuito,Poupança
TXN001982,CLI0098,Pagamento de Empréstimo,103872.71,2023-08-31 15:43:51,App Mobile,Recusada,Sumbe,Corrente
TXN003388,CLI0189,Depósito,189413.52,2023-09-28 12:07:37,ATM,Aprovada,Sumbe,Jovem
TXN003597,CLI0069,Pagamento de Electricidade,131878.62,2024-10-26 02:55:05,Balcão,Aprovada,Uíge,Empresarial
TXN004903,CLI0004,Compra com Cartão,-59290.34,2024-06-19 15:30:59,Internet Banking,Aprovada,Saurimo,Empresarial
TXN003670,CLI0030,Pagamento de Electricidade,127993.99,2024-01-13 07:34:34,Agente Bancário,Pendente,Sumbe,Poupança
TXN002479,CLI0142,Pagamento de Serviço,55500.89,2023-02-05 03:49:42,App Mobile,Aprovada,Kuito,Jovem
TXN002591,CLI0004,Pagamento de Empréstimo,166448.38,2023-09-28 07:28:50,Balcão,Aprovada,Saurimo,Empresarial
TXN002411,CLI0124,Transferência,206678.41,2023-06-07 15:52:17,Agente Bancário,Aprovada,Luanda,Poupança
TXN001371,CLI0043,Transferência,127796.99,2023-09-20 10:44:09,Internet Banking,Pendente,Cabinda,Poupança
TXN002347,CLI0164,Compra com Cartão,117952.28,2024-02-22 03:12:56,ATM,Aprovada,Cabinda,Empresarial
TXN004332,CLI0143,Compra com Cartão,234813.69,2023-07-04 13:06:04,ATM,Aprovada,Uíge,Poupança
TXN002409,CLI0047,Depósito,237763.36,2024-04-03 08:06:25,ATM,Pendente,Kuito,Corrente
TXN003052,CLI0135,Transferência,125118.35,2024-07-16 16:24:45,App Mobile,Recusada,Malanje,Jovem
TXN002217,CLI0069,Recarga de Telemóvel,163725.58,2024-09-09 01:43:49,,Aprovada,Uíge,Empresarial
TXN002442,CLI0088,Pagamento de Serviço,246447.19,2023-05-21 10:08:31,ATM,Aprovada,Cabinda,Poupança
TXN001101,CLI0121,Recebimento de Salário,168140.03,2024-06-24 01:06:46,Internet Banking,Aprovada,Lubango,Empresarial
TXN002425,CLI0061,Levantamento,143988.64,2024-05-22 07:19:27,ATM,Aprovada,Malanje,Poupança
TXN004723,CLI0020,Levantamento,171774.83,2023-01-05 04:05:58,Agente Bancário,Aprovada,Huambo,Jovem
TXN004386,CLI0163,Recarga de Telemóvel,116917.99,2024-06-24 01:37:52,Balcão,Aprovada,Malanje,Empresarial
TXN004941,CLI0003,Recarga de Telemóvel,30604.39,2023-08-24 01:41:28,ATM,Aprovada,Saurimo,Corrente
TXN000376,CLI0045,Levantamento,50923.55,2024-08-27 03:03:49,App Mobile,Aprovada,Lubango,Empresarial
TXN004722,CLI0104,Compra com Cartão,248760.14,2024-05-29 06:15:12,ATM,Pendente,Uíge,Jovem
TXN004001,CLI0122,Transferência,230785.64,2023-10-24 04:26:43,ATM,Pendente,Lubango,Empresarial
TXN004806,CLI0045,Recarga de Telemóvel,187993.39,2023-09-08 15:58:05,ATM,Aprovada,Lubango,Empresarial
TXN002235,CLI0023,Pagamento de Electricidade,172590.5,2024-10-24 12:03:30,ATM,Recusada,Malanje,Poupança
TXN003540,cli0094,Pagamento de Empréstimo,214152.3,2023-12-08 11:08:00,App Mobile,Aprovada,Luanda,Empresarial
TXN002581,CLI0114,Depósito,79861.06,2023-11-20 13:30:20,Agente Bancário,Aprovada,Malanje,Jovem
TXN000341,CLI0085,Pagamento de Serviço,136832.84,2023-06-08 07:07:57,Agente Bancário,Aprovada,Uíge,Empresarial
TXN004942,CLI0051,PAGAMENTO DE ELECTRICIDADE,210120.73,2024-08-26 17:52:14,ATM,Aprovada,Cabinda,Poupança
TXN004981,CLI0147,Transferência,209349.48,2023-06-23 22:11:15,ATM,Recusada,Malanje,Empresarial
TXN002951,CLI0010,Pagamento de Empréstimo,168466.95,2024-06-18 07:48:21,Balcão,Aprovada,Cabinda,Poupança
TXN001253,CLI0068,Transferência,198629.73,2024-11-26 04:27:58,Agente Bancário,Recusada,Malanje,Jovem
TXN003076,CLI0024,Compra com Cartão,160979.65,2023-02-11 16:11:15,Balcão,Aprovada,Sumbe,Corrente
TXN004097,CLI0177,Transferência,104435.58,2023-07-08 00:38:36,App Mobile,Pendente,Lubango,Poupança
TXN002540,CLI0047,Pagamento de Renda,138264.74,2024-02-26 23:48:22,Internet Banking,Pendente,Kuito,Corrente
TXN001528,CLI0117,Pagamento de Empréstimo,245514.38,2024-09-05 13:49:01,Agente Bancário,Recusada,Sumbe,Jovem
TXN001506,CLI0070,Recarga de Telemóvel,107602.1,2024-08-01 21:59:38,Internet Banking,Aprovada,Huambo,Corrente
TXN002140,CLI0043,Pagamento de Renda,230003.54,2023-12-21 02:13:45,Internet Banking,Aprovada,Cabinda,Poupança
TXN004011,CLI0121,Levantamento,60923.85,2024-08-12 09:03:38,ATM,Aprovada,Lubango,Empresarial
TXN004728,CLI0090,Depósito,224977.64,2023-08-26 04:33:45,ATM,Pendente,Cabinda,Poupança
TXN000608,CLI0131,Pagamento de Electricidade,20811.22,2024-07-18 21:49:39,Internet Banking,Aprovada,Sumbe,Empresarial
TXN002891,CLI0024,Recebimento de Salário,51051.05,2024-04-10 02:58:06,Internet Banking,Pendente,Sumbe,Corrente
TXN000998,CLI0075,Depósito,196582.23,2024-11-07 07:29:47,ATM,Aprovada,Huambo,Jovem
TXN003486,CLI0064,Recarga de Telemóvel,220892.08,2024-08-21 17:47:42,App Mobile,Aprovada,Uíge,Corrente
TXN002158,CLI0012,Transferência,84312.62,2023-06-29 03:27:33,Agente Bancário,Pendente,Cabinda,Corrente
TXN003425,CLI0187,Levantamento,523.26,2024-12-12 15:42:26,Agente Bancário,Aprovada,Kuito,Empresarial
TXN003025,CLI0093,Depósito,210403.5,2023-06-12 19:05:13,Internet Banking,Recusada,Saurimo,Corrente
TXN003302,CLI0099,Compra com Cartão,219857.25,2024-10-06 15:39:07,ATM,Recusada,Huambo,Empresarial
TXN001166,CLI0092,PAGAMENTO DE RENDA,61186.37,2024-12-15 00:31:04,Internet Banking,Recusada,Benguela,Poupança
TXN001804,CLI0046,Transferência,27051.0,2023-03-22 05:25:03,ATM,Aprovada,Malanje,Poupança
TXN001535,CLI0137,Pagamento de Electricidade,244782.82,2024-03-01 05:55:57,ATM,Aprovada,Benguela,Jovem
TXN003043,CLI0057,Transferência,194190.45,2023-09-23 20:44:20,Internet Banking,Aprovada,Benguela,Jovem
TXN003585,CLI0175,Recebimento de Salário,213705.2,2023-01-17 20:38:43,Agente Bancário,Aprovada,Cabinda,Empresarial
TXN003773,CLI0178,Pagamento de Renda,54692.27,2023-01-06 17:23:19,App Mobile,Aprovada,Saurimo,Poupança
TXN000277,CLI0181,Recebimento de Salário,187079.64,2023-04-03 11:55:10,ATM,Pendente,Lubango,Empresarial
TXN002495,CLI0080,Pagamento de Electricidade,96489.34,2023-05-20 21:32:13,Agente Bancário,Recusada,Lubango,Jovem
TXN001138,CLI0177,Pagamento de Serviço,116213.05,2023-10-08 08:22:40,Agente Bancário,Aprovada,Lubango,Poupança
TXN004265,CLI0140,Compra com Cartão,95852.83,2024-10-02 13:24:11,App Mobile,Aprovada,Uíge,Empresarial
TXN004819,CLI0012,Pagamento de Renda,21323.63,2024-09-22 21:38:08,Balcão,Recusada,Cabinda,Corrente
TXN002342,CLI0047,Recebimento de Salário,93009.74,2024-04-16 17:38:12,App Mobile,Aprovada,Kuito,Corrente
TXN002680,CLI0182,Levantamento,238686.52,2024-04-06 07:25:47,App Mobile,Aprovada,Uíge,Corrente
TXN002576,CLI0144,Transferência,163265.76,2023-07-01 02:40:13,ATM,Recusada,Sumbe,Jovem
TXN000486,CLI0122,Recarga de Telemóvel,98150.51,2023-02-13 07:00:55,ATM,Recusada,Lubango,Empresarial
TXN001542,CLI0117,Pagamento de Renda,146348.27,2024-12-02 10:52:49,App Mobile,Aprovada,Sumbe,Jovem
TXN004821,CLI0185,Recarga de Telemóvel,204597.76,2023-07-12 07:39:24,Internet Banking,Aprovada,Benguela,Jovem
TXN002903,cli0091,Transferência,232883.23,2023-06-07 09:19:53,App Mobile,Recusada,Lubango,Corrente
TXN003010,CLI0155,Recebimento de Salário,108817.98,2024-08-09 22:38:12,Balcão,Aprovada,Malanje,Corrente
TXN001114,CLI0040,Transferência,218403.76,2023-01-20 00:20:12,Internet Banking,Aprovada,Kuito,Poupança
TXN003698,CLI0191,Pagamento de Renda,208270.41,2024-07-19 15:16:38,ATM,Pendente,Benguela,Corrente
TXN003965,CLI0039,Pagamento de Electricidade,180033.96,2023-07-31 04:05:47,Internet Banking,Aprovada,Kuito,Corrente
TXN002335,CLI0079,Pagamento de Electricidade,102847.35,2023-10-24 08:59:16,ATM,Aprovada,Malanje,Poupança
TXN003602,CLI0017,Levantamento,81163.25,2024-07-12 16:16:33,Balcão,Aprovada,Huambo,Jovem
TXN004906,CLI0088,Recebimento de Salário,25781.68,2023-12-11 07:16:47,ATM,Pendente,Cabinda,Poupança
TXN000913,CLI0122,Depósito,38012.09,2023-05-20 05:00:38,App Mobile,Aprovada,Lubango,Empresarial
TXN004259,CLI0111,Recebimento de Salário,197443.76,2023-12-18 16:22:39,ATM,Aprovada,Huambo,Empresarial
TXN001845,CLI0051,Recebimento de Salário,234245.72,2024-05-14 08:47:16,Balcão,Aprovada,Cabinda,Poupança
TXN000836,CLI0184,Transferência,230907.5,2023-08-24 07:01:20,App Mobile,Pendente,Sumbe,Corrente
TXN002937,CLI0101,Pagamento de Empréstimo,85465.75,2024-02-07 06:08:35,Balcão,Aprovada,Lubango,Jovem
TXN004955,CLI0161,Pagamento de Electricidade,107061.33,2023-03-14 21:28:04,Agente Bancário,Aprovada,Lubango,Empresarial
TXN004164,CLI0137,Depósito,39151.55,2024-11-23 03:41:50,ATM,Aprovada,Benguela,Jovem
TXN001739,CLI0136,Pagamento de Serviço,156519.15,2024-07-21 06:56:21,Internet Banking,Recusada,Huambo,Empresarial
TXN001421,CLI0113,Levantamento,139357.23,2024-04-13 08:29:31,Internet Banking,Aprovada,Saurimo,Empresarial
TXN002394,CLI0088,Compra com Cartão,114026.03,2023-02-09 23:21:55,ATM,Aprovada,Cabinda,Poupança
TXN004089,CLI0176,Recarga de Telemóvel,165867.74,2023-09-25 14:56:22,ATM,Aprovada,Benguela,Poupança
TXN000499,CLI0046,Depósito,214966.21,2023-02-12 23:22:30,Internet Banking,Aprovada,Malanje,Poupança
TXN000273,CLI0197,Recebimento de Salário,185477.81,2024-09-16 23:13:23,App Mobile,Recusada,Malanje,Empresarial
TXN001520,CLI0096,Pagamento de Electricidade,90655.82,2023-02-05 11:59:44,App Mobile,Aprovada,Malanje,Corrente
TXN002041,CLI0077,Levantamento,39585.23,2023-03-05 12:47:31,App Mobile,Aprovada,Huambo,Jovem
TXN001767,CLI0066,Pagamento de Electricidade,165151.24,2023-11-07 10:22:40,ATM,Aprovada,Malanje,Jovem
TXN002691,CLI0062,Depósito,200160.98,2023-10-10 03:18:01,Agente Bancário,Aprovada,Saurimo,Jovem
TXN001401,CLI0036,Pagamento de Empréstimo,81996.5,31/05/2024 11:04,Balcão,Recusada,Lubango,Poupança
TXN000369,CLI0187,PAGAMENTO DE RENDA,152546.74,2024-11-17 08:41:05,Internet Banking,Aprovada,Kuito,Empresarial
TXN001687,CLI0028,Pagamento de Empréstimo,47403.89,2024-01-07 13:23:30,Internet Banking,Pendente,Kuito,Poupança
TXN000782,CLI0037,Compra com Cartão,19806.67,2023-03-14 01:29:28,App Mobile,Aprovada,Huambo,Jovem
TXN001746,CLI0141,Recebimento de Salário,61613.49,2023-10-29 18:18:42,Internet Banking,Aprovada,Malanje,Jovem
TXN000896,CLI0012,Compra com Cartão,143340.17,2023-06-21 21:31:05,Internet Banking,Aprovada,Cabinda,Corrente
TXN004241,CLI0075,Recebimento de Salário,-107621.95,2023-03-20 00:50:28,Balcão,Aprovada,Huambo,Jovem
TXN004646,CLI0100,Recebimento de Salário,213773.8,2023-07-27 21:02:26,Agente Bancário,Pendente,Saurimo,Empresarial
TXN000923,CLI0129,Depósito,161980.92,2023-01-27 01:00:38,Agente Bancário,Aprovada,Saurimo,Jovem
TXN002943,CLI0101,Recebimento de Salário,136167.9,2023-08-19 21:58:49,App Mobile,Recusada,Lubango,Jovem
TXN004788,CLI0013,Pagamento de Electricidade,53212.17,2024-10-29 01:38:16,Balcão,Aprovada,Benguela,Poupança
TXN003684,CLI0148,Compra com Cartão,229444.6,2023-04-19 20:33:24,Internet Banking,Aprovada,Kuito,Jovem
TXN002226,CLI0142,Recarga de Telemóvel,69936.83,2023-01-22 23:40:38,ATM,Aprovada,Kuito,Jovem
TXN004169,CLI0120,Recebimento de Salário,153337.51,2024-01-03 09:57:54,Agente Bancário,Pendente,Benguela,Poupança
TXN000124,CLI0195,Pagamento de Serviço,56598.43,2023-08-02 11:37:47,App Mobile,Aprovada,Cabinda,Corrente
TXN001268,CLI0151,Pagamento de Serviço,240183.17,2024-10-15 22:20:25,Internet Banking,Pendente,Malanje,Corrente
TXN004657,CLI0161,Recarga de Telemóvel,210199.15,2023-02-06 15:19:22,App Mobile,Recusada,Lubango,Empresarial
TXN004975,CLI0122,Transferência,71718.38,2024-11-14 17:03:12,App Mobile,Aprovada,Lubango,Empresarial
TXN003343,CLI0019,Pagamento de Electricidade,11368.27,2023-07-31 15:12:03,Agente Bancário,Recusada,Kuito,Empresarial
TXN002777,CLI0098,Recebimento de Salário,135313.74,2023-04-10 19:29:23,Balcão,Recusada,Sumbe,Corrente
TXN003850,CLI0075,Transferência,221894.05,2023-02-21 05:34:07,App Mobile,Aprovada,Huambo,Jovem
TXN002578,CLI0178,Depósito,244022.03,2023-11-24 07:14:59,Balcão,Aprovada,Saurimo,Poupança
TXN004409,CLI0066,Recebimento de Salário,126799.9,2023-06-04 09:00:44,Balcão,Aprovada,Malanje,Jovem
TXN000200,CLI0196,Pagamento de Serviço,165302.32,2023-11-10 20:56:26,Balcão,Recusada,Saurimo,Corrente
TXN004382,CLI0029,Compra com Cartão,20850.0,2023-03-03 15:18:56,Agente Bancário,Aprovada,Benguela,Corrente
TXN001984,CLI0015,Depósito,68546.81,2024-10-01 23:01:13,Internet Banking,Aprovada,Kuito,Empresarial
TXN002189,CLI0153,Compra com Cartão,123121.97,2024-08-06 00:08:17,ATM,Aprovada,Huambo,Poupança
TXN000397,CLI0009,Depósito,92460.36,2024-07-01 11:57:46,Agente Bancário,Aprovada,Lubango,Corrente
TXN001275,CLI0190,Levantamento,69176.85,2024-06-02 07:20:50,Agente Bancário,Aprovada,Malanje,Empresarial
TXN004378,CLI0102,Recebimento de Salário,-94792.91,2023-01-07 17:54:38,Balcão,Recusada,Sumbe,Empresarial
TXN004523,CLI0122,Pagamento de Electricidade,231723.26,2023-03-16 17:39:49,ATM,Recusada,Lubango,Empresarial
TXN001600,CLI0156,Pagamento de Serviço,112997.16,2024-03-25 04:39:12,App Mobile,Aprovada,Benguela,Jovem
TXN002753,CLI0008,Pagamento de Empréstimo,35674.95,2023-02-20 13:35:34,ATM,Aprovada,Saurimo,Poupança
TXN000188,CLI0028,Pagamento de Electricidade,134140.55,2024-11-04 18:54:39,Balcão,Aprovada,Kuito,Poupança
TXN000251,CLI0170,Depósito,55356.5,2024-02-19 08:33:35,Internet Banking,Aprovada,Uíge,Corrente
TXN003586,CLI0019,Pagamento de Empréstimo,132775.52,2024-01-06 01:20:07,Internet Banking,Recusada,Kuito,Empresarial
TXN000202,CLI0092,Recarga de Telemóvel,164574.86,2024-10-14 22:38:27,App Mobile,Aprovada,Benguela,Poupança
TXN002461,CLI0111,Depósito,199003.5,2024-04-16 22:51:36,App Mobile,Pendente,Huambo,Empresarial
TXN002857,CLI0196,RECEBIMENTO DE SALÁRIO,140342.43,2023-02-11 22:02:45,Internet Banking,Recusada,Saurimo,Corrente
TXN004316,CLI0107,Pagamento de Serviço,121585.63,2024-02-01 01:02:55,ATM,Pendente,Kuito,Empresarial
TXN002318,CLI0035,Pagamento de Serviço,132945.36,2024-01-18 06:05:52,Agente Bancário,Recusada,Benguela,Corrente
TXN000738,CLI0148,Recebimento de Salário,81101.83,2023-03-12 06:03:16,App Mobile,Aprovada,Kuito,Jovem
TXN000196,cli0167,Recebimento de Salário,195185.76,2024-11-02 13:52:12,Agente Bancário,,Benguela,Jovem
TXN000887,CLI0036,Compra com Cartão,20227.24,2024-09-16 04:57:20,Balcão,Aprovada,Lubango,Poupança
TXN002518,CLI0043,Pagamento de Renda,152632.58,2024-12-22 15:08:39,Agente Bancário,Aprovada,Cabinda,Poupança
TXN001090,CLI0053,Recebimento de Salário,68693.34,2023-05-14 20:39:54,Agente Bancário,Pendente,Cabinda,Poupança
TXN004596,cli0067,Transferência,-201148.81,2024-04-15 06:16:45,Agente Bancário,Aprovada,Lubango,Jovem
TXN000214,CLI0159,Levantamento,27012.8,2024-09-01 12:59:16,App Mobile,Aprovada,Uíge,Empresarial
TXN000280,CLI0199,Transferência,50825.96,2023-01-09 07:39:22,Internet Banking,Aprovada,Kuito,Poupança
TXN002770,CLI0163,Pagamento de Renda,136225.88,2024-08-14 21:48:40,Internet Banking,Recusada,Malanje,Empresarial
TXN002984,CLI0087,Pagamento de Serviço,234274.0,2023-08-08 08:36:25,App Mobile,Aprovada,Uíge,Poupança
TXN003575,CLI0107,Pagamento de Renda,214002.45,2023-08-24 08:32:00,Balcão,Pendente,Kuito,Empresarial
TXN001474,CLI0060,Depósito,135341.53,2024-04-09 15:34:47,Balcão,Pendente,Kuito,Jovem
TXN002355,CLI0065,Recebimento de Salário,179221.16,2024-05-07 03:07:57,Agente Bancário,Aprovada,Benguela,Empresarial
TXN003505,CLI0032,Levantamento,226635.91,2024-11-16 19:03:40,Internet Banking,Aprovada,Uíge,Jovem
TXN000198,CLI0160,Recebimento de Salário,128122.67,2023-01-06 16:58:07,Agente Bancário,Aprovada,Sumbe,Empresarial
TXN002084,CLI0092,Transferência,-136033.86,2024-09-14 03:46:16,Agente Bancário,Recusada,Benguela,Poupança
TXN004503,CLI0096,Compra com Cartão,80737.53,2024-09-09 09:04:34,ATM,Aprovada,Malanje,Corrente
TXN001492,CLI0046,Transferência,83899.72,2024-01-06 21:45:57,ATM,Recusada,Malanje,Poupança
TXN002343,CLI0006,Pagamento de Renda,195428.51,2024-06-01 12:48:07,App Mobile,Aprovada,Uíge,Corrente
TXN002882,CLI0189,Pagamento de Renda,38199.77,2023-10-10 10:33:42,Balcão,Aprovada,Sumbe,Jovem
TXN001940,CLI0111,Pagamento de Renda,212652.06,2023-05-28 07:24:05,ATM,Aprovada,Huambo,Empresarial
TXN004235,CLI0173,Compra com Cartão,110154.23,2024-06-25 04:47:32,ATM,Aprovada,Benguela,Jovem
TXN002684,CLI0012,Depósito,116548.27,2023-01-10 21:50:56,Balcão,Aprovada,Cabinda,Corrente
TXN002078,CLI0183,Pagamento de Empréstimo,153509.48,2023-03-01 23:08:11,ATM,Aprovada,Saurimo,Corrente
TXN002736,CLI0080,Recebimento de Salário,107078.06,2023-10-24 12:32:14,Agente Bancário,Aprovada,Lubango,Jovem
TXN000123,CLI0050,Recebimento de Salário,123994.98,2024-05-22 06:06:09,Agente Bancário,Recusada,Malanje,Corrente
TXN002750,CLI0187,Transferência,211017.19,2024-04-22 08:37:22,ATM,Pendente,Kuito,Empresarial
TXN004015,CLI0086,Depósito,24422.74,2024-03-16 12:53:54,Agente Bancário,Aprovada,Huambo,Corrente
TXN003510,CLI0122,Pagamento de Empréstimo,235685.9,2023-11-04 09:25:11,App Mobile,Pendente,Lubango,Empresarial
TXN002156,CLI0082,RECEBIMENTO DE SALÁRIO,178335.71,2024-04-09 16:36:40,ATM,Aprovada,Uíge,Corrente
TXN004226,CLI0035,Depósito,184336.18,2023-05-31 03:31:55,Internet Banking,Aprovada,Benguela,Corrente
TXN000168,CLI0189,Pagamento de Empréstimo,175289.92,2024-06-30 09:18:43,Agente Bancário,Aprovada,Sumbe,Jovem
TXN004842,CLI0008,Pagamento de Electricidade,232746.34,2023-08-24 18:02:16,Balcão,Aprovada,Saurimo,Poupança
TXN002464,cli0042,Recebimento de Salário,137102.73,2023-08-08 22:41:44,Balcão,Aprovada,Lubango,Corrente
TXN003970,CLI0170,Depósito,5655.44,2024-09-15 01:27:23,App Mobile,Aprovada,Uíge,Corrente
TXN003888,CLI0020,Pagamento de Electricidade,176487.52,2023-05-15 06:48:45,Agente Bancário,Recusada,Huambo,Jovem
TXN002784,CLI0161,Levantamento,23533.91,2024-01-29 11:29:27,Agente Bancário,Recusada,Lubango,Empresarial
TXN003398,CLI0178,Pagamento de Electricidade,191511.87,2024-04-18 00:17:09,Agente Bancário,Aprovada,Saurimo,Poupança
TXN004796,CLI0138,Transferência,32582.07,2024-05-20 06:42:04,Balcão,Recusada,Malanje,Empresarial
TXN002939,CLI0078,Pagamento de Electricidade,203702.76,2023-03-08 12:31:35,ATM,Aprovada,Kuito,Jovem
TXN000390,CLI0194,Transferência,73230.06,2024-02-17 15:19:34,ATM,Aprovada,Lubango,Poupança
TXN001414,CLI0112,Transferência,132266.52,2024-10-29 12:27:42,App Mobile,Recusada,Luanda,Empresarial
TXN003553,CLI0112,Pagamento de Empréstimo,179959.46,2024-06-25 09:26:28,Internet Banking,Pendente,Luanda,Empresarial
TXN002651,CLI0179,Pagamento de Serviço,10338.65,2023-06-23 19:43:00,Agente Bancário,Aprovada,Luanda,Empresarial
TXN003645,CLI0039,Pagamento de Empréstimo,12585.04,2024-04-13 03:42:28,ATM,Aprovada,Kuito,Corrente
TXN000296,CLI0146,Depósito,41253.8,2024-06-20 08:39:28,Internet Banking,Aprovada,Sumbe,Corrente
TXN001353,CLI0010,Pagamento de Renda,45171.05,2024-12-18 10:04:19,Balcão,Aprovada,Cabinda,Poupança
TXN001629,CLI0050,Pagamento de Serviço,204205.27,2024-02-24 02:28:17,Balcão,Pendente,Malanje,Corrente
TXN003101,CLI0156,Pagamento de Empréstimo,247317.4,2024-07-10 08:47:02,Balcão,Aprovada,Benguela,Jovem
TXN003107,CLI0184,Pagamento de Electricidade,182050.07,2023-02-12 14:31:10,ATM,Aprovada,Sumbe,Corrente
TXN001402,CLI0094,Pagamento de Empréstimo,185656.96,2024-09-21 12:09:19,Internet Banking,Aprovada,Luanda,Empresarial
TXN001004,CLI0148,Compra com Cartão,-97791.9,2024-10-05 07:11:20,Balcão,Recusada,Kuito,Jovem
TXN004961,CLI0176,Pagamento de Renda,6420.38,2023-08-31 04:34:45,Balcão,Aprovada,Benguela,Poupança
TXN002316,CLI0123,Compra com Cartão,244942.7,2024-06-21 22:48:51,Internet Banking,Aprovada,Kuito,Poupança
TXN002822,CLI0018,Depósito,157257.19,2023-05-20 01:32:01,Balcão,Aprovada,Kuito,Empresarial
TXN002806,CLI0079,Pagamento de Serviço,127474.84,2023-10-10 14:20:47,ATM,Aprovada,Malanje,Poupança
TXN004750,CLI0063,Compra com Cartão,179898.89,2023-03-17 05:45:48,App Mobile,Recusada,Kuito,Corrente
TXN002361,CLI0092,Recarga de Telemóvel,122517.92,2023-02-05 07:43:25,Agente Bancário,Aprovada,Benguela,Poupança
TXN000682,CLI0166,Recebimento de Salário,25310.59,2023-04-08 06:34:35,App Mobile,Recusada,Uíge,Empresarial
TXN002356,CLI0063,Compra com Cartão,178554.29,2023-09-29 07:24:50,Balcão,Recusada,Kuito,Corrente
TXN002531,CLI0172,Compra com Cartão,49774.1,2023-08-02 07:59:48,ATM,Pendente,Cabinda,Jovem
TXN001732,CLI0188,Depósito,185606.0,2023-08-25 23:18:24,Agente Bancário,Aprovada,Benguela,Poupança
TXN004586,CLI0075,Pagamento de Serviço,88739.81,2023-09-22 00:26:28,Balcão,Aprovada,Huambo,Jovem
TXN004582,CLI0003,Depósito,90890.54,2023-03-12 17:11:43,ATM,Aprovada,Saurimo,Corrente
TXN001755,CLI0084,Pagamento de Empréstimo,166556.88,2023-08-11 19:32:43,Agente Bancário,Aprovada,Kuito,Poupança
TXN002833,CLI0133,Pagamento de Empréstimo,67111.51,2024-10-05 14:46:30,Agente Bancário,Recusada,Kuito,Jovem
TXN002157,CLI0014,RECARGA DE TELEMÓVEL,16958.64,2023-07-02 08:55:02,Agente Bancário,Recusada,Sumbe,Jovem
TXN003195,CLI0086,Pagamento de Electricidade,176863.86,2024-08-04 20:59:00,Agente Bancário,Aprovada,Huambo,Corrente
TXN003721,CLI0118,Pagamento de Serviço,119413.51,14/05/2024 08:13,ATM,Recusada,Saurimo,Corrente
TXN000292,CLI0173,Pagamento de Serviço,81696.33,2023-03-20 06:04:32,Internet Banking,Recusada,Benguela,Jovem
TXN004538,CLI0016,Pagamento de Empréstimo,164736.04,2023-03-09 08:14:57,ATM,Aprovada,Huambo,Jovem
TXN003960,CLI0149,Recarga de Telemóvel,209678.49,2023-01-03 00:37:26,Balcão,Aprovada,Saurimo,Corrente
TXN003464,CLI0070,Transferência,-120570.09,2024-11-03 20:28:08,App Mobile,Aprovada,Huambo,Corrente
TXN003028,CLI0022,Transferência,211394.81,2024-03-29 20:56:49,Balcão,Recusada,Huambo,Corrente
TXN003445,CLI0080,Pagamento de Empréstimo,237266.29,2023-01-27 08:15:17,Agente Bancário,Aprovada,Lubango,Jovem
TXN002916,CLI0098,Compra com Cartão,31210.63,2024-03-24 21:23:38,Internet Banking,Pendente,Sumbe,Corrente
TXN004022,cli0129,Pagamento de Empréstimo,54758.92,2023-05-07 20:51:46,ATM,Pendente,Saurimo,Jovem
TXN004070,CLI0171,Transferência,13583.08,2023-09-08 07:01:37,ATM,Recusada,Benguela,Corrente
TXN002124,CLI0022,Pagamento de Serviço,84224.26,2024-10-23 15:06:01,Internet Banking,Aprovada,Huambo,Corrente
TXN001824,CLI0004,Recebimento de Salário,216807.57,2024-08-24 20:41:51,ATM,Recusada,Saurimo,Empresarial
TXN004909,CLI0143,Recarga de Telemóvel,196344.28,2023-04-02 01:11:46,ATM,Pendente,Uíge,Poupança
TXN000797,CLI0032,Pagamento de Empréstimo,56391.58,2023-01-23 17:58:16,Agente Bancário,Aprovada,Uíge,Jovem
TXN004171,CLI0115,Recebimento de Salário,103013.95,2024-03-14 15:27:32,ATM,Aprovada,Saurimo,Corrente
TXN001091,CLI0106,Pagamento de Empréstimo,184747.19,2024-11-05 05:15:13,Internet Banking,Aprovada,Saurimo,Empresarial
TXN001595,CLI0051,Depósito,243775.35,2023-10-27 21:48:56,Agente Bancário,Pendente,Cabinda,Poupança
TXN001460,CLI0053,Recarga de Telemóvel,190050.68,2024-07-25 05:08:36,App Mobile,Aprovada,Cabinda,Poupança
TXN001830,CLI0067,Pagamento de Renda,173259.82,2023-10-18 18:36:30,Agente Bancário,Aprovada,Lubango,Jovem
TXN002944,CLI0118,Pagamento de Empréstimo,104377.41,2024-12-10 06:10:47,Agente Bancário,Aprovada,Saurimo,Corrente
TXN000231,CLI0150,Pagamento de Renda,144849.32,2024-06-21 08:25:00,Agente Bancário,Aprovada,Benguela,Jovem
TXN004223,CLI0065,Pagamento de Empréstimo,166442.88,2024-07-01 07:05:50,,Aprovada,Benguela,Empresarial
TXN004451,CLI0043,Pagamento de Empréstimo,129899.17,2024-09-14 15:46:34,ATM,Pendente,Cabinda,Poupança
TXN001496,cli0042,Recarga de Telemóvel,180419.32,2024-11-20 06:47:07,Agente Bancário,Aprovada,Lubango,Corrente
TXN001102,CLI0088,Transferência,138319.47,2023-07-23 04:21:09,App Mobile,Pendente,Cabinda,Poupança
TXN003125,CLI0043,Recebimento de Salário,25827.73,2023-01-21 15:20:38,Internet Banking,Pendente,Cabinda,Poupança
TXN001575,CLI0026,Depósito,99408.22,2023-05-02 03:30:31,Internet Banking,Aprovada,Lubango,Empresarial
TXN001293,CLI0200,Recarga de Telemóvel,15647.59,2023-02-20 02:38:16,ATM,Aprovada,Malanje,Empresarial
TXN004144,CLI0102,Recebimento de Salário,7125.51,2024-06-17 18:44:23,Internet Banking,Aprovada,Sumbe,Empresarial
TXN001884,CLI0076,Pagamento de Serviço,211193.18,2023-04-14 06:30:34,Internet Banking,Aprovada,Sumbe,Empresarial
TXN002897,CLI0139,Compra com Cartão,247718.04,2024-08-21 21:45:56,Balcão,Aprovada,Kuito,Poupança
TXN002203,CLI0158,Pagamento de Empréstimo,10014.62,2024-11-19 15:23:47,ATM,Aprovada,Lubango,Jovem
TXN004412,CLI0145,Recarga de Telemóvel,47190.32,2023-05-19 15:37:40,Agente Bancário,Recusada,Huambo,Empresarial
TXN002788,cli0080,Pagamento de Renda,-124344.2,2024-10-28 19:38:58,Internet Banking,Pendente,Lubango,Jovem
TXN003726,CLI0118,Depósito,67663.96,2023-02-15 12:27:22,App Mobile,Recusada,Saurimo,Corrente
TXN001667,CLI0028,Recarga de Telemóvel,59522.32,2024-11-03 05:58:19,App Mobile,Aprovada,Kuito,Poupança
TXN004948,CLI0138,Recebimento de Salário,68883.82,2024-10-03 01:58:41,App Mobile,Aprovada,Malanje,Empresarial
TXN000012,CLI0088,Levantamento,10265.96,2023-05-15 00:43:52,Agente Bancário,Pendente,Cabinda,Poupança
TXN003310,CLI0018,Recebimento de Salário,97107.78,2023-03-20 08:18:33,Agente Bancário,Recusada,Kuito,Empresarial
TXN001185,CLI0057,Pagamento de Electricidade,67050.58,2024-08-06 21:11:55,Agente Bancário,Recusada,Benguela,Jovem
TXN004566,CLI0058,Recarga de Telemóvel,52949.09,2024-09-02 12:35:25,Internet Banking,Aprovada,Sumbe,Empresarial
TXN000610,CLI0164,Pagamento de Electricidade,223773.71,2023-06-20 12:15:59,Balcão,Aprovada,Cabinda,Empresarial
TXN004102,CLI0092,Recebimento de Salário,56076.55,2024-03-18 18:52:39,App Mobile,Aprovada,Benguela,Poupança
TXN000617,CLI0119,Pagamento de Empréstimo,47367.71,2024-10-18 22:53:09,Balcão,Aprovada,Lubango,Empresarial
TXN000348,CLI0139,Pagamento de Serviço,176431.53,2024-06-18 19:10:06,ATM,Aprovada,Kuito,Poupança
TXN004634,CLI0073,Compra com Cartão,125357.78,2024-09-30 20:42:58,Internet Banking,Aprovada,Saurimo,Poupança
TXN003771,CLI0121,Pagamento de Electricidade,94262.18,2024-08-22 03:10:31,Internet Banking,Aprovada,Lubango,Empresarial
TXN001281,CLI0120,Levantamento,173782.15,2024-09-10 17:44:01,Agente Bancário,Aprovada,Benguela,Poupança
TXN004247,CLI0112,Levantamento,135604.75,2023-07-01 17:32:54,App Mobile,Pendente,Luanda,Empresarial
TXN003742,CLI0083,Pagamento de Renda,8853.71,2023-01-06 06:03:55,ATM,Aprovada,Cabinda,Empresarial
TXN001434,CLI0028,Pagamento de Renda,160473.64,2024-06-04 10:14:09,Agente Bancário,Pendente,Kuito,Poupança
TXN000681,CLI0165,Recarga de Telemóvel,143458.99,2024-03-31 19:41:09,ATM,Aprovada,Cabinda,Corrente
TXN002507,CLI0147,Pagamento de Electricidade,237552.89,2024-06-17 07:07:22,Balcão,Pendente,Malanje,Empresarial
TXN001256,CLI0152,Recebimento de Salário,62633.15,2023-07-29 05:14:19,Agente Bancário,Aprovada,Cabinda,Jovem
TXN001571,CLI0064,Pagamento de Empréstimo,241606.87,2023-10-18 03:05:00,ATM,Pendente,Uíge,Corrente
TXN000455,CLI0007,Recebimento de Salário,89669.69,2023-12-13 09:32:00,Agente Bancário,Aprovada,Sumbe,Corrente
TXN003497,CLI0093,Transferência,163213.96,2023-07-06 06:20:48,App Mobile,Aprovada,Saurimo,Corrente
TXN003814,CLI0068,Pagamento de Serviço,169259.18,2023-05-29 02:04:11,Internet Banking,Aprovada,Malanje,Jovem
TXN002473,CLI0135,Recarga de Telemóvel,158903.96,2024-01-13 10:05:48,App Mobile,Aprovada,Malanje,Jovem
TXN000753,CLI0161,Levantamento,170524.2,2024-09-19 04:26:39,ATM,Aprovada,Lubango,Empresarial
TXN004453,CLI0183,Depósito,12789.89,2024-05-05 17:06:22,Internet Banking,Aprovada,Saurimo,Corrente
TXN003099,CLI0073,Transferência,14825.7,2023-06-16 05:19:10,Internet Banking,Aprovada,Saurimo,Poupança
TXN004391,CLI0115,Recebimento de Salário,8395.78,2023-10-21 20:48:21,ATM,Recusada,Saurimo,Corrente
TXN004439,CLI0025,Recebimento de Salário,211991.83,2023-03-17 14:18:05,,Aprovada,Sumbe,Poupança
TXN001362,cli0027,Pagamento de Serviço,177798.51,2024-03-10 21:55:02,Agente Bancário,Aprovada,Sumbe,Corrente
TXN003157,CLI0069,RECEBIMENTO DE SALÁRIO,184227.14,2023-11-23 18:45:31,Balcão,Aprovada,Uíge,Empresarial
TXN004747,CLI0104,Levantamento,98975.98,2024-05-17 08:59:21,Internet Banking,Aprovada,Uíge,Jovem
TXN004645,CLI0171,Levantamento,54011.98,2023-02-04 00:10:58,ATM,Pendente,Benguela,Corrente
TXN000570,CLI0159,RECARGA DE TELEMÓVEL,130677.57,2024-03-18 22:07:32,Agente Bancário,Aprovada,Uíge,Empresarial
TXN002334,CLI0189,Pagamento de Empréstimo,160005.7,2024-05-21 14:01:56,Agente Bancário,Aprovada,Sumbe,Jovem
TXN001995,CLI0056,Levantamento,158215.34,2023-09-22 06:58:24,App Mobile,Aprovada,Huambo,Empresarial
TXN004675,CLI0121,Pagamento de Electricidade,19458.9,2024-04-26 20:56:10,Balcão,Recusada,Lubango,Empresarial
TXN001475,CLI0058,Pagamento de Electricidade,59248.72,2024-02-10 00:47:00,Internet Banking,Aprovada,Sumbe,Empresarial
TXN000267,CLI0063,Depósito,40701.72,2024-04-05 02:09:38,ATM,Recusada,Kuito,Corrente
TXN002134,CLI0066,Pagamento de Empréstimo,87270.49,2024-04-01 18:16:43,Agente Bancário,Aprovada,Malanje,Jovem
TXN004313,CLI0178,Compra com Cartão,61064.21,2023-03-08 00:55:53,,Pendente,Saurimo,Poupança
TXN001207,CLI0003,Levantamento,140616.73,2024-07-06 07:57:30,ATM,Pendente,Saurimo,Corrente
TXN002522,CLI0069,Levantamento,169015.42,2024-01-08 10:14:05,Balcão,Aprovada,Uíge,Empresarial
TXN003156,CLI0077,Pagamento de Serviço,170298.34,2024-05-12 01:34:32,Internet Banking,Recusada,Huambo,Jovem
TXN001237,CLI0142,Compra com Cartão,247324.63,2024-12-19 22:58:40,Balcão,Aprovada,Kuito,Jovem
TXN002812,CLI0196,Pagamento de Empréstimo,218033.46,2024-09-19 23:04:16,Agente Bancário,Aprovada,Saurimo,Corrente
TXN002383,CLI0071,Recarga de Telemóvel,210839.07,2024-11-02 17:46:34,Balcão,Aprovada,Lubango,Empresarial
TXN000125,CLI0147,Levantamento,247727.96,2024-10-01 11:06:13,App Mobile,Recusada,Malanje,Empresarial
TXN004237,CLI0043,Pagamento de Empréstimo,200302.66,2024-01-12 12:40:04,App Mobile,Aprovada,Cabinda,Poupança
TXN001838,CLI0044,Transferência,72224.64,2023-03-09 17:19:49,ATM,Aprovada,Benguela,Corrente
TXN003573,CLI0157,PAGAMENTO DE SERVIÇO,216235.48,2023-12-05 01:14:45,Balcão,Aprovada,Malanje,Jovem
TXN001642,CLI0103,Compra com Cartão,181193.01,2023-12-05 03:24:28,Balcão,Recusada,Malanje,Empresarial
TXN002972,CLI0054,Transferência,161234.69,2023-05-26 19:07:44,Balcão,Aprovada,Cabinda,Poupança
TXN004047,CLI0186,Pagamento de Renda,187975.49,2023-06-11 09:47:11,Balcão,Aprovada,Saurimo,Poupança
TXN004278,CLI0195,Compra com Cartão,214845.99,2023-02-10 18:03:14,Agente Bancário,Pendente,Cabinda,Corrente
TXN000665,CLI0023,Compra com Cartão,224153.94,2023-05-11 12:43:55,Agente Bancário,Aprovada,Malanje,Poupança
TXN000643,CLI0171,PAGAMENTO DE SERVIÇO,95680.74,2024-11-08 20:24:53,ATM,Recusada,Benguela,Corrente
TXN002532,CLI0144,Depósito,104177.94,2024-11-07 16:20:49,Agente Bancário,Aprovada,Sumbe,Jovem
TXN002938,CLI0142,Levantamento,25176.52,2024-04-20 20:08:36,Internet Banking,Pendente,Kuito,Jovem
TXN003074,CLI0188,Recebimento de Salário,246562.69,2024-09-25 10:11:46,ATM,Aprovada,Benguela,Poupança
TXN000819,CLI0075,PAGAMENTO DE ELECTRICIDADE,76259.58,2023-05-07 07:12:39,Agente Bancário,Pendente,Huambo,Jovem
TXN001605,CLI0017,Transferência,14124.62,2024-03-16 01:41:46,Agente Bancário,Aprovada,Huambo,Jovem
TXN000316,CLI0149,Pagamento de Renda,192813.85,2023-10-16 11:22:22,Agente Bancário,Aprovada,Saurimo,Corrente
TXN002894,CLI0136,Pagamento de Empréstimo,143597.49,2023-03-27 17:25:25,App Mobile,Pendente,Huambo,Empresarial
TXN003263,CLI0119,Levantamento,131571.02,2024-05-31 14:13:25,Internet Banking,Aprovada,Lubango,Empresarial
TXN001172,CLI0101,Pagamento de Renda,226923.22,2024-08-04 11:04:26,Agente Bancário,Aprovada,Lubango,Jovem
TXN000970,CLI0046,Pagamento de Renda,201019.9,2023-03-28 08:07:19,Agente Bancário,Pendente,Malanje,Poupança
TXN002222,CLI0012,Transferência,163991.55,2024-06-17 21:53:20,ATM,Aprovada,Cabinda,Corrente
TXN000770,CLI0129,Levantamento,103806.4,2023-12-21 04:24:33,Internet Banking,Pendente,Saurimo,Jovem
TXN004684,CLI0155,Recarga de Telemóvel,221933.48,2023-01-28 09:20:47,Agente Bancário,Pendente,Malanje,Corrente
TXN002794,CLI0024,Levantamento,245371.01,2023-08-29 05:31:32,Agente Bancário,Pendente,Sumbe,Corrente
TXN004448,CLI0169,Transferência,82815.24,2024-11-25 14:43:45,Balcão,Aprovada,Cabinda,Poupança
TXN003912,CLI0097,Compra com Cartão,94758.28,2024-03-03 01:45:30,ATM,Aprovada,Uíge,Empresarial
TXN004959,CLI0051,Pagamento de Serviço,40643.73,2023-04-27 13:51:11,Agente Bancário,Pendente,Cabinda,Poupança
TXN002363,CLI0158,Pagamento de Serviço,168256.84,2024-10-23 01:01:01,Internet Banking,Aprovada,Lubango,Jovem
TXN003778,CLI0046,Depósito,140226.31,2024-11-20 05:12:43,Agente Bancário,Pendente,Malanje,Poupança
TXN002180,CLI0085,Levantamento,107569.78,2024-05-23 23:58:58,App Mobile,Aprovada,Uíge,Empresarial
TXN003380,CLI0026,Depósito,178436.58,2023-01-02 05:10:18,Agente Bancário,Aprovada,Lubango,Empresarial
TXN004242,CLI0178,Pagamento de Serviço,32199.9,2023-03-02 18:16:10,Internet Banking,Aprovada,Saurimo,Poupança
TXN000472,CLI0194,LEVANTAMENTO,147106.96,2023-06-09 12:57:20,Balcão,Recusada,Lubango,Poupança
TXN002377,CLI0100,Pagamento de Electricidade,221569.03,2023-06-25 16:27:13,ATM,Aprovada,Saurimo,Empresarial
TXN004077,CLI0044,Pagamento de Renda,26611.37,2023-12-02 04:15:14,Internet Banking,Aprovada,Benguela,Corrente
TXN002072,CLI0125,Transferência,118192.24,2023-01-06 23:40:53,Agente Bancário,Aprovada,Sumbe,Empresarial
TXN004878,CLI0055,Pagamento de Electricidade,190310.41,2023-03-09 17:44:57,Balcão,Recusada,Uíge,Poupança
TXN002693,CLI0187,Pagamento de Renda,117454.67,2023-02-13 21:21:00,Internet Banking,Aprovada,Kuito,Empresarial
TXN002968,CLI0062,Depósito,83915.15,2024-08-18 15:05:13,Internet Banking,Pendente,Saurimo,Jovem
TXN000757,CLI0118,Compra com Cartão,219226.14,2024-08-15 18:04:45,Internet Banking,Aprovada,Saurimo,Corrente
TXN003731,cli0017,Pagamento de Empréstimo,83570.96,2024-09-24 13:01:20,App Mobile,Aprovada,Huambo,Jovem
TXN001979,CLI0166,Pagamento de Serviço,184338.75,2023-01-25 04:16:02,ATM,Aprovada,Uíge,Empresarial
TXN004101,CLI0121,LEVANTAMENTO,221544.06,2023-03-30 22:03:13,App Mobile,Aprovada,Lubango,Empresarial
TXN003623,CLI0031,Compra com Cartão,148171.57,2024-05-08 06:56:58,ATM,Aprovada,Uíge,Poupança
TXN000008,CLI0045,Pagamento de Electricidade,44697.96,2023-02-28 12:41:12,ATM,Pendente,Lubango,Empresarial
TXN004952,CLI0057,Compra com Cartão,96235.02,2023-10-27 21:24:22,Balcão,Pendente,Benguela,Jovem
TXN004731,CLI0072,Transferência,4827.93,2023-01-07 11:49:08,Agente Bancário,Aprovada,Lubango,Jovem
TXN003213,CLI0197,Pagamento de Electricidade,16688.6,2024-09-13 16:18:27,Agente Bancário,Aprovada,Malanje,Empresarial
TXN004368,CLI0136,Depósito,130848.4,2023-12-08 01:02:32,Agente Bancário,Aprovada,Huambo,Empresarial
TXN003557,cli0070,Recebimento de Salário,64717.03,2024-02-08 05:36:19,App Mobile,Aprovada,Huambo,Corrente
TXN004151,CLI0190,Transferência,126830.93,2023-07-14 19:56:34,ATM,Pendente,Malanje,Empresarial
TXN000481,CLI0072,Transferência,63047.12,2023-04-05 21:47:16,Internet Banking,Aprovada,Lubango,Jovem
TXN003070,CLI0181,Transferência,200526.05,2023-11-02 12:17:02,Agente Bancário,Aprovada,Lubango,Empresarial
TXN002896,CLI0107,Pagamento de Serviço,120757.49,2023-09-03 05:14:46,ATM,Aprovada,Kuito,Empresarial
TXN004405,cli0057,Depósito,122286.4,2023-12-23 20:23:52,Balcão,Aprovada,Benguela,Jovem
TXN001617,CLI0045,Compra com Cartão,20021.36,2023-02-13 12:50:54,App Mobile,Aprovada,Lubango,Empresarial
TXN002678,CLI0018,PAGAMENTO DE SERVIÇO,65275.61,2024-09-06 04:06:08,Internet Banking,Pendente,Kuito,Empresarial
TXN004769,CLI0183,Transferência,86955.88,2024-09-26 10:40:51,Agente Bancário,Pendente,Saurimo,Corrente
TXN003077,CLI0041,Depósito,74732.68,2024-02-16 01:22:05,ATM,Aprovada,Saurimo,Corrente
TXN003429,CLI0198,Depósito,110640.09,2024-12-22 15:18:17,Balcão,Aprovada,Uíge,Corrente
TXN002003,CLI0131,Recebimento de Salário,177812.26,2023-06-11 20:26:04,Agente Bancário,Pendente,Sumbe,Empresarial
TXN000462,CLI0121,Levantamento,123225.68,2023-05-20 07:44:31,App Mobile,Aprovada,Lubango,Empresarial
TXN000542,CLI0127,Pagamento de Electricidade,109339.39,2024-06-25 18:36:41,App Mobile,Aprovada,Malanje,Corrente
TXN002719,CLI0146,Pagamento de Electricidade,36010.31,2023-07-11 13:12:06,Agente Bancário,Aprovada,Sumbe,Corrente
TXN001343,CLI0138,Transferência,65644.04,2023-05-31 04:57:54,Balcão,Pendente,Malanje,Empresarial
TXN000897,CLI0155,Recarga de Telemóvel,200702.01,2023-01-17 09:39:44,Balcão,Pendente,Malanje,Corrente
TXN000972,CLI0166,Recarga de Telemóvel,207024.58,2024-01-09 10:54:09,Balcão,Aprovada,Uíge,Empresarial
TXN003705,CLI0093,PAGAMENTO DE RENDA,41811.83,2024-02-14 13:43:52,Agente Bancário,Aprovada,Saurimo,Corrente
TXN003230,CLI0196,Pagamento de Empréstimo,201863.1,2023-10-25 23:15:19,Agente Bancário,Aprovada,Saurimo,Corrente
TXN001923,cli0078,Depósito,203332.15,2024-01-13 14:42:46,ATM,Aprovada,Kuito,Jovem
TXN004700,CLI0062,Recebimento de Salário,181736.96,2024-09-22 12:29:30,,Recusada,Saurimo,Jovem
TXN000857,CLI0186,TRANSFERÊNCIA,110349.21,2024-06-26 10:02:14,Balcão,Aprovada,Saurimo,Poupança
TXN000840,CLI0114,Pagamento de Empréstimo,7850.13,2024-10-14 23:23:56,Agente Bancário,Pendente,Malanje,Jovem
TXN001327,CLI0174,Transferência,23827.6,2023-07-26 15:19:04,Internet Banking,Pendente,Cabinda,Poupança
TXN004694,CLI0105,Depósito,200066.05,2023-01-11 22:24:19,Balcão,Aprovada,Luanda,Corrente
TXN001903,CLI0058,Recebimento de Salário,165978.61,2024-08-14 16:53:27,Balcão,Recusada,Sumbe,Empresarial
TXN000236,CLI0074,Compra com Cartão,196197.17,2024-06-20 09:37:15,ATM,Aprovada,Huambo,Corrente
TXN001354,CLI0007,Pagamento de Electricidade,195171.86,2023-10-23 12:04:12,Internet Banking,Aprovada,Sumbe,Corrente
TXN002823,CLI0077,Recarga de Telemóvel,115640.22,2024-11-15 09:52:04,App Mobile,Recusada,Huambo,Jovem
TXN002568,CLI0088,PAGAMENTO DE ELECTRICIDADE,242396.56,2023-04-08 22:06:03,App Mobile,Aprovada,Cabinda,Poupança
TXN002457,CLI0172,COMPRA COM CARTÃO,48692.28,2024-05-06 02:26:04,Internet Banking,Aprovada,Cabinda,Jovem
TXN004098,cli0122,Pagamento de Serviço,65477.86,2023-02-23 01:29:14,Balcão,Aprovada,Lubango,Empresarial
TXN002485,CLI0059,Recebimento de Salário,46862.62,2023-03-11 02:21:50,,Aprovada,Lubango,Jovem
TXN000093,CLI0171,PAGAMENTO DE ELECTRICIDADE,4425.08,2024-01-14 22:15:53,Internet Banking,Pendente,Benguela,Corrente
TXN000254,CLI0146,Depósito,137641.32,2024-05-15 17:36:14,Agente Bancário,Aprovada,Sumbe,Corrente
TXN002872,CLI0144,Pagamento de Renda,13586.9,2024-12-02 15:01:44,ATM,Aprovada,Sumbe,Jovem
TXN000801,CLI0197,Compra com Cartão,208967.75,2024-03-09 19:28:42,Balcão,Aprovada,Malanje,Empresarial
TXN001951,CLI0117,Recebimento de Salário,231537.93,2024-03-18 02:11:04,ATM,Aprovada,Sumbe,Jovem
TXN000262,CLI0057,Pagamento de Renda,92674.08,2023-07-25 07:58:25,ATM,Aprovada,Benguela,Jovem
TXN000549,CLI0093,Transferência,190610.19,2023-12-09 22:29:25,App Mobile,Pendente,Saurimo,Corrente
TXN002448,CLI0183,Pagamento de Renda,124554.49,2024-06-21 11:56:11,Balcão,Aprovada,Saurimo,Corrente
TXN004877,CLI0144,Depósito,181345.18,2024-04-20 06:04:29,ATM,Recusada,Sumbe,Jovem
TXN001443,CLI0198,Recarga de Telemóvel,148839.52,2023-07-20 22:21:56,ATM,,Uíge,Corrente
TXN002818,CLI0118,Pagamento de Serviço,88261.16,2023-03-09 20:31:45,Balcão,Aprovada,Saurimo,Corrente
TXN003418,CLI0145,Pagamento de Empréstimo,63118.1,2024-01-07 23:11:38,ATM,Aprovada,Huambo,Empresarial
TXN002861,CLI0095,Pagamento de Empréstimo,20030.58,2024-04-08 20:56:12,Agente Bancário,Aprovada,Lubango,Corrente
TXN004142,CLI0104,Pagamento de Electricidade,71062.24,2024-07-11 07:00:43,ATM,Aprovada,Uíge,Jovem
TXN004369,CLI0057,Transferência,18221.42,2024-01-10 15:23:53,App Mobile,Aprovada,Benguela,Jovem
TXN002619,CLI0170,Recarga de Telemóvel,146207.92,2023-12-03 03:48:51,Agente Bancário,Aprovada,Uíge,Corrente
TXN002387,CLI0155,Pagamento de Renda,123489.58,2024-12-22 12:49:43,Balcão,Aprovada,Malanje,Corrente
TXN004556,CLI0167,Recebimento de Salário,12494.23,2024-03-30 11:45:35,Balcão,Aprovada,Benguela,Jovem
TXN000020,CLI0113,Pagamento de Renda,132101.22,2024-01-26 14:51:36,App Mobile,Aprovada,Saurimo,Empresarial
TXN003017,CLI0171,Transferência,115686.59,2023-03-21 12:10:00,Internet Banking,Aprovada,Benguela,Corrente
TXN002401,CLI0113,Pagamento de Serviço,138697.71,2023-04-11 23:40:55,App Mobile,Aprovada,Saurimo,Empresarial
TXN004118,CLI0114,Pagamento de Serviço,32579.85,2023-07-29 05:43:12,App Mobile,Aprovada,Malanje,Jovem
TXN003364,CLI0192,Recebimento de Salário,12959.34,2024-05-09 21:18:31,Internet Banking,Recusada,Luanda,Empresarial
TXN000212,CLI0153,Depósito,5425.57,2024-10-11 10:24:24,Balcão,Pendente,Huambo,Poupança
TXN000548,CLI0194,Levantamento,195647.99,2024-04-18 12:48:31,Balcão,Recusada,Lubango,Poupança
TXN000017,CLI0020,Compra com Cartão,135172.8,2024-08-21 18:08:46,Balcão,Recusada,Huambo,Jovem
TXN000100,CLI0186,Levantamento,13897.26,2023-09-26 15:17:18,Agente Bancário,Pendente,Saurimo,Poupança
TXN004147,CLI0140,Depósito,53981.24,2023-01-19 09:55:56,ATM,Aprovada,Uíge,Empresarial
TXN000428,CLI0157,Levantamento,1640.23,2023-11-22 06:44:04,App Mobile,Aprovada,Malanje,Jovem
TXN001315,CLI0125,Pagamento de Renda,225653.26,2024-05-15 07:50:37,Internet Banking,Recusada,Sumbe,Empresarial
TXN003354,CLI0186,PAGAMENTO DE ELECTRICIDADE,221978.03,2024-09-08 22:57:07,App Mobile,Aprovada,Saurimo,Poupança
TXN000039,CLI0045,Pagamento de Empréstimo,246290.57,2023-04-05 06:21:36,Agente Bancário,Aprovada,Lubango,Empresarial
TXN002873,CLI0183,Levantamento,123238.98,2023-11-18 07:26:14,ATM,Recusada,Saurimo,Corrente
TXN002521,CLI0147,Pagamento de Serviço,213252.37,2024-01-15 17:06:00,Agente Bancário,Aprovada,Malanje,Empresarial
TXN001049,CLI0143,Recarga de Telemóvel,46921.48,2023-11-17 06:16:06,Agente Bancário,Aprovada,Uíge,Poupança
TXN000149,cli0186,Levantamento,1140.84,2024-01-31 05:11:00,ATM,Pendente,Saurimo,Poupança
TXN004363,CLI0067,PAGAMENTO DE SERVIÇO,15670.98,2024-09-04 19:04:04,Internet Banking,Recusada,Lubango,Jovem
TXN001778,CLI0110,Depósito,28211.51,2024-02-02 16:06:19,Agente Bancário,Pendente,Kuito,Empresarial
TXN000510,CLI0196,Transferência,198264.25,2023-11-15 16:50:54,Agente Bancário,Pendente,Saurimo,Corrente
TXN002539,CLI0088,Pagamento de Serviço,193011.28,2023-02-06 06:58:37,Agente Bancário,Aprovada,Cabinda,Poupança
TXN002386,CLI0049,Levantamento,128550.19,13/10/2023 13:22,Agente Bancário,Aprovada,Saurimo,Poupança
TXN001129,CLI0009,Compra com Cartão,142348.14,2024-08-10 14:01:16,App Mobile,Recusada,Lubango,Corrente
TXN000707,CLI0085,Depósito,237119.77,2023-06-04 13:28:41,ATM,Pendente,Uíge,Empresarial
TXN003796,CLI0110,Pagamento de Electricidade,49351.94,2024-01-01 10:12:50,App Mobile,Aprovada,Kuito,Empresarial
TXN004478,cli0191,Pagamento de Renda,188151.09,2024-11-01 01:18:23,Balcão,Pendente,Benguela,Corrente
TXN000501,CLI0135,Compra com Cartão,150155.42,2023-07-04 22:04:27,Internet Banking,Aprovada,Malanje,Jovem
TXN003509,CLI0032,Recebimento de Salário,190694.28,2023-07-30 16:10:46,App Mobile,Aprovada,Uíge,Jovem
TXN003538,CLI0115,Recarga de Telemóvel,149842.71,08/07/2024 20:48,App Mobile,Aprovada,Saurimo,Corrente
TXN003517,CLI0163,Compra com Cartão,209534.52,2023-08-27 00:29:21,App Mobile,Aprovada,Malanje,Empresarial
TXN002220,CLI0173,Recarga de Telemóvel,35770.92,2024-08-05 14:34:15,Agente Bancário,Aprovada,Benguela,Jovem
TXN003886,CLI0063,Transferência,35568.11,2024-10-03 20:55:09,Internet Banking,Aprovada,Kuito,Corrente
TXN001744,CLI0024,Recebimento de Salário,38490.9,2024-05-02 14:35:07,Agente Bancário,Pendente,Sumbe,Corrente
TXN004924,CLI0101,Depósito,131497.77,2024-03-08 00:14:38,Agente Bancário,Aprovada,Lubango,Jovem
TXN000492,CLI0068,Depósito,201248.45,2023-11-09 06:19:58,App Mobile,Recusada,Malanje,Jovem
TXN002681,cli0190,PAGAMENTO DE RENDA,118925.34,2023-04-12 07:24:10,App Mobile,Aprovada,Malanje,Empresarial
TXN000666,CLI0180,Levantamento,7790.83,2024-07-09 22:49:46,Balcão,Aprovada,Huambo,Corrente
TXN001701,CLI0147,Pagamento de Renda,216601.82,2024-05-17 00:14:47,App Mobile,Aprovada,Malanje,Empresarial
TXN001286,CLI0083,Transferência,172145.12,2023-03-06 04:23:00,Agente Bancário,Aprovada,Cabinda,Empresarial
TXN004064,CLI0156,Depósito,104314.33,2023-02-03 10:31:51,Agente Bancário,Aprovada,Benguela,Jovem
TXN003993,CLI0164,Transferência,57173.58,2023-03-12 06:26:11,Internet Banking,Recusada,Cabinda,Empresarial
TXN001307,CLI0097,Pagamento de Empréstimo,124589.24,2024-06-29 21:51:40,Internet Banking,Pendente,Uíge,Empresarial
TXN002673,CLI0098,Recarga de Telemóvel,113293.22,2024-01-24 05:32:28,App Mobile,Aprovada,Sumbe,Corrente
TXN003399,CLI0013,Transferência,194094.62,2023-06-18 11:08:23,Agente Bancário,Aprovada,Benguela,Poupança
TXN000829,CLI0058,Transferência,179925.94,2023-08-30 11:25:30,App Mobile,Pendente,Sumbe,Empresarial
TXN004149,CLI0186,Pagamento de Electricidade,29839.26,2024-05-22 20:16:57,App Mobile,Pendente,Saurimo,Poupança
TXN003936,CLI0148,Recarga de Telemóvel,159906.66,2023-03-07 03:01:28,Balcão,Aprovada,Kuito,Jovem
TXN003674,CLI0135,Recebimento de Salário,161901.32,2023-10-06 04:25:41,ATM,Aprovada,Malanje,Jovem
TXN000763,CLI0111,Pagamento de Renda,217071.14,2023-06-14 06:30:47,ATM,Aprovada,Huambo,Empresarial
TXN001897,CLI0179,Transferência,155460.64,2023-09-13 22:26:48,App Mobile,Aprovada,Luanda,Empresarial
TXN003055,CLI0055,Transferência,68639.54,2024-07-11 23:28:24,Balcão,Aprovada,Uíge,Poupança
TXN000441,CLI0110,Compra com Cartão,198722.45,2024-03-22 19:03:09,Agente Bancário,Recusada,Kuito,Empresarial
TXN002601,CLI0137,Compra com Cartão,224318.38,2023-11-26 13:21:19,Internet Banking,Pendente,Benguela,Jovem
TXN002859,CLI0184,Pagamento de Electricidade,56155.35,2023-06-29 19:43:34,Internet Banking,Recusada,Sumbe,Corrente
TXN004778,CLI0163,Levantamento,22929.41,2023-08-18 09:59:00,Internet Banking,Aprovada,Malanje,Empresarial
TXN000002,CLI0030,Pagamento de Empréstimo,169715.36,2023-08-09 00:05:48,Internet Banking,Aprovada,Sumbe,Poupança
TXN002771,CLI0038,Pagamento de Serviço,155865.85,2024-01-18 05:09:06,Balcão,Aprovada,Uíge,Jovem
TXN003568,CLI0002,Pagamento de Electricidade,212758.55,2023-09-21 21:31:47,App Mobile,Aprovada,Saurimo,Jovem
TXN002955,CLI0006,Pagamento de Renda,162853.02,2023-05-21 07:28:42,Balcão,Aprovada,Uíge,Corrente
TXN002048,CLI0180,Compra com Cartão,229331.69,2023-06-09 07:37:02,App Mobile,Aprovada,Huambo,Corrente
TXN004400,CLI0057,Pagamento de Electricidade,50857.71,2023-03-29 19:15:08,Agente Bancário,Aprovada,Benguela,Jovem
TXN002599,CLI0066,Compra com Cartão,154492.07,2024-03-14 19:11:48,App Mobile,Aprovada,Malanje,Jovem
TXN001740,CLI0115,Depósito,56388.36,2023-04-02 02:02:26,Agente Bancário,,Saurimo,Corrente
TXN001267,CLI0177,Recarga de Telemóvel,864.4,2023-09-23 02:13:24,Internet Banking,Recusada,Lubango,Poupança
TXN000981,CLI0059,Pagamento de Serviço,99923.56,2023-01-26 12:11:30,App Mobile,Pendente,Lubango,Jovem
TXN001607,CLI0111,Levantamento,236123.27,2023-06-19 15:17:14,Agente Bancário,Recusada,Huambo,Empresarial
TXN001536,CLI0085,Compra com Cartão,248859.52,16/03/2023 13:05,Balcão,Pendente,Uíge,Empresarial
TXN004300,CLI0002,Pagamento de Electricidade,22908.77,2024-03-01 19:19:48,Balcão,Aprovada,Saurimo,Jovem
TXN004928,CLI0115,Transferência,178747.33,2023-01-22 15:51:08,ATM,Aprovada,Saurimo,Corrente
TXN003087,CLI0046,Depósito,168407.16,2024-07-14 12:25:45,Internet Banking,Pendente,Malanje,Poupança
TXN001012,CLI0071,Pagamento de Empréstimo,62625.03,2024-10-20 04:57:25,Balcão,Aprovada,Lubango,Empresarial
TXN002629,CLI0087,Compra com Cartão,181748.09,2024-04-13 20:30:03,Internet Banking,Recusada,Uíge,Poupança
TXN002070,CLI0071,Levantamento,94829.23,2024-09-27 16:18:04,ATM,Aprovada,Lubango,Empresarial
TXN003895,CLI0141,Depósito,4707.81,2024-06-06 13:10:47,App Mobile,Aprovada,Malanje,Jovem
TXN003081,CLI0058,Pagamento de Empréstimo,231724.69,2024-03-08 22:59:32,App Mobile,Aprovada,Sumbe,Empresarial
TXN003523,CLI0177,Recebimento de Salário,128443.49,2024-01-15 00:22:40,ATM,Pendente,Lubango,Poupança
TXN002114,CLI0137,Pagamento de Empréstimo,168205.87,2024-09-27 16:31:06,Balcão,Aprovada,Benguela,Jovem
TXN003633,CLI0014,Depósito,135208.25,2023-09-08 13:56:47,Internet Banking,Aprovada,Sumbe,Jovem
TXN004462,CLI0078,Transferência,47227.5,2023-06-27 20:25:59,Balcão,Aprovada,Kuito,Jovem
TXN001618,CLI0061,Depósito,229516.0,2024-07-10 16:58:51,ATM,Aprovada,Malanje,Poupança
TXN003155,CLI0013,PAGAMENTO DE EMPRÉSTIMO,65388.81,2023-05-14 05:17:43,Internet Banking,Recusada,Benguela,Poupança
TXN004146,CLI0170,Recarga de Telemóvel,193529.01,2023-09-11 15:33:43,Agente Bancário,Aprovada,Uíge,Corrente
TXN001006,CLI0007,Recarga de Telemóvel,32267.22,2024-08-28 10:14:51,Agente Bancário,Aprovada,Sumbe,Corrente
TXN003012,CLI0032,Recebimento de Salário,93247.37,2023-04-13 06:59:44,Balcão,Aprovada,Uíge,Jovem
TXN002147,CLI0160,Depósito,173473.22,2023-10-09 01:17:38,Internet Banking,Aprovada,Sumbe,Empresarial
TXN002648,CLI0168,Pagamento de Serviço,101955.76,2023-08-23 22:45:41,ATM,Aprovada,Cabinda,Corrente
TXN002463,CLI0055,Pagamento de Serviço,120786.69,2024-01-06 08:31:29,Internet Banking,Pendente,Uíge,Poupança
TXN000201,CLI0100,Depósito,204095.67,2024-03-20 07:38:37,Agente Bancário,Pendente,Saurimo,Empresarial
TXN000883,CLI0189,Pagamento de Serviço,143996.89,2023-08-05 03:04:19,Internet Banking,Recusada,Sumbe,Jovem
TXN003244,CLI0004,Pagamento de Electricidade,144564.47,2024-05-29 01:26:01,App Mobile,Aprovada,Saurimo,Empresarial
TXN000315,CLI0171,Pagamento de Serviço,-108823.33,2024-05-06 14:16:41,Balcão,Aprovada,Benguela,Corrente
TXN002612,CLI0109,Pagamento de Empréstimo,221828.17,2024-12-16 10:57:24,Internet Banking,Aprovada,Huambo,Poupança
TXN000531,CLI0040,Pagamento de Renda,131407.11,2024-05-17 17:09:20,Agente Bancário,Pendente,Kuito,Poupança
TXN004687,CLI0054,Pagamento de Empréstimo,116996.75,2024-03-03 19:03:20,Balcão,Aprovada,Cabinda,Poupança
TXN004732,CLI0068,Pagamento de Serviço,122531.46,2023-07-30 15:55:26,Internet Banking,Recusada,Malanje,Jovem
TXN002765,CLI0009,Depósito,209310.89,2024-08-01 18:08:01,Agente Bancário,Aprovada,Lubango,Corrente
TXN000114,CLI0101,Pagamento de Renda,38110.86,2024-01-24 17:21:30,Agente Bancário,Pendente,Lubango,Jovem
TXN002630,CLI0010,Compra com Cartão,119430.69,2023-11-19 18:46:06,Balcão,Aprovada,Cabinda,Poupança
TXN004365,CLI0148,Pagamento de Electricidade,87685.56,2023-04-14 07:02:06,Internet Banking,Aprovada,Kuito,Jovem
TXN004856,CLI0180,Pagamento de Empréstimo,242238.9,2023-07-24 04:01:02,App Mobile,Aprovada,Huambo,Corrente
TXN001782,CLI0099,PAGAMENTO DE ELECTRICIDADE,211805.53,2023-10-01 17:25:40,Internet Banking,Recusada,Huambo,Empresarial
TXN004543,CLI0027,Pagamento de Renda,110102.4,2023-09-23 06:55:59,App Mobile,Aprovada,Sumbe,Corrente
TXN004062,CLI0106,Depósito,222052.51,2023-06-27 12:02:32,Agente Bancário,Aprovada,Saurimo,Empresarial
TXN002305,CLI0137,Levantamento,249954.2,2024-04-23 22:58:56,Balcão,Aprovada,Benguela,Jovem
TXN004629,CLI0062,Transferência,210202.33,03/10/2024 09:41,Internet Banking,Aprovada,Saurimo,Jovem
TXN004654,CLI0029,Levantamento,-234330.59,2023-01-31 06:39:32,Balcão,Aprovada,Benguela,Corrente
TXN002119,CLI0199,Pagamento de Serviço,182918.58,2024-05-16 01:40:43,ATM,Aprovada,Kuito,Poupança
TXN000654,CLI0098,Pagamento de Electricidade,188239.33,2023-11-16 16:56:51,App Mobile,Pendente,Sumbe,Corrente
TXN002269,CLI0105,Recebimento de Salário,86117.34,2024-01-12 07:13:22,Agente Bancário,Aprovada,Luanda,Corrente
TXN004219,CLI0027,Recebimento de Salário,6851.1,2024-01-25 06:40:52,Balcão,Pendente,Sumbe,Corrente
TXN002481,CLI0080,Compra com Cartão,-90609.04,2024-01-26 04:04:25,Internet Banking,Aprovada,Lubango,Jovem
TXN002670,CLI0199,Compra com Cartão,110133.39,2023-10-15 06:54:13,App Mobile,Aprovada,Kuito,Poupança
TXN001136,CLI0194,Pagamento de Electricidade,82100.99,2023-06-02 01:27:45,App Mobile,Aprovada,Lubango,Poupança
TXN000353,CLI0004,Compra com Cartão,167999.1,2024-07-30 14:43:03,Internet Banking,Aprovada,Saurimo,Empresarial
TXN002227,CLI0021,Pagamento de Empréstimo,238046.11,2024-08-03 01:43:59,Agente Bancário,Aprovada,Huambo,Corrente
TXN001610,CLI0149,Recebimento de Salário,168861.89,2024-06-22 09:11:09,Agente Bancário,Pendente,Saurimo,Corrente
TXN000754,CLI0134,Pagamento de Empréstimo,73064.98,2023-09-21 07:48:14,Internet Banking,Aprovada,Sumbe,Jovem
TXN004461,CLI0167,Pagamento de Serviço,129427.99,2024-06-04 21:04:17,ATM,Aprovada,Benguela,Jovem
TXN003452,CLI0004,Pagamento de Electricidade,99800.99,2024-11-20 08:56:34,,Aprovada,Saurimo,Empresarial
TXN002317,CLI0187,Pagamento de Electricidade,98339.57,2023-12-05 09:08:03,Agente Bancário,Aprovada,Kuito,Empresarial
TXN002467,cli0004,Pagamento de Serviço,55329.87,2024-02-13 16:10:57,App Mobile,Aprovada,Saurimo,Empresarial
TXN004809,cli0149,Transferência,42297.74,2023-01-09 17:23:59,Agente Bancário,Recusada,Saurimo,Corrente
TXN004533,CLI0163,Levantamento,101882.55,2023-11-29 04:38:32,App Mobile,,Malanje,Empresarial
TXN003978,CLI0050,Depósito,218970.32,2024-01-06 06:56:39,App Mobile,Recusada,Malanje,Corrente
TXN003217,CLI0017,Levantamento,41313.01,2024-12-23 10:39:00,Balcão,Pendente,Huambo,Jovem
TXN002741,CLI0028,Depósito,73928.68,2024-10-26 12:55:40,Balcão,Aprovada,Kuito,Poupança
TXN002101,CLI0076,Pagamento de Empréstimo,174975.25,2024-04-22 02:59:12,ATM,Pendente,Sumbe,Empresarial
TXN003466,CLI0126,Recarga de Telemóvel,62433.55,2024-08-31 04:28:18,Balcão,Pendente,Sumbe,Jovem
TXN002271,CLI0175,Pagamento de Serviço,176578.48,2024-11-07 18:05:02,Agente Bancário,Aprovada,Cabinda,Empresarial
TXN001798,CLI0087,Pagamento de Serviço,104683.45,2024-01-05 15:11:42,Agente Bancário,Aprovada,Uíge,Poupança
TXN002692,CLI0172,Recarga de Telemóvel,84452.24,2024-08-17 11:59:02,Agente Bancário,Pendente,Cabinda,Jovem
TXN001680,CLI0129,Pagamento de Empréstimo,21466.33,2024-04-22 15:27:27,Internet Banking,Aprovada,Saurimo,Jovem
TXN000706,CLI0042,Transferência,1949.65,2023-12-04 01:36:13,App Mobile,Pendente,Lubango,Corrente
TXN001977,CLI0030,Compra com Cartão,106627.5,2024-11-29 13:10:28,,Recusada,Sumbe,Poupança
TXN001018,CLI0127,Pagamento de Electricidade,128926.14,2023-06-20 08:15:20,ATM,Aprovada,Malanje,Corrente
TXN001684,CLI0052,Pagamento de Serviço,107067.44,2023-05-22 12:49:25,Agente Bancário,Recusada,Uíge,Corrente
TXN003598,CLI0158,Levantamento,111056.83,2023-01-14 23:46:05,Balcão,Aprovada,Lubango,Jovem
TXN003620,CLI0127,Recebimento de Salário,208012.36,2024-06-18 05:44:28,Balcão,,Malanje,Corrente
TXN001176,CLI0121,Pagamento de Empréstimo,243819.05,2024-01-16 08:12:48,Balcão,Pendente,Lubango,Empresarial
TXN001523,CLI0058,Depósito,114889.83,17/01/2024 04:44,Balcão,Aprovada,Sumbe,Empresarial
TXN001878,CLI0023,Levantamento,106034.1,2023-01-02 16:40:47,Internet Banking,Recusada,Malanje,Poupança
TXN003292,CLI0135,Depósito,130922.85,2023-01-21 10:16:34,ATM,Aprovada,Malanje,Jovem
TXN001231,CLI0129,Pagamento de Serviço,170248.75,2023-09-16 06:34:59,ATM,Aprovada,Saurimo,Jovem
TXN001051,CLI0180,Pagamento de Serviço,24607.04,2023-04-11 00:20:51,Agente Bancário,Recusada,Huambo,Corrente
TXN001614,CLI0195,TRANSFERÊNCIA,130318.33,14/04/2023 16:11,ATM,Aprovada,Cabinda,Corrente
TXN002849,CLI0115,Pagamento de Renda,93339.92,2023-07-30 21:18:07,Internet Banking,Aprovada,Saurimo,Corrente
TXN003417,CLI0063,Levantamento,239817.84,2023-07-16 15:20:35,Agente Bancário,Recusada,Kuito,Corrente
TXN004401,CLI0117,Pagamento de Renda,78021.19,2024-12-11 02:23:20,Balcão,Aprovada,Sumbe,Jovem
TXN003791,CLI0072,Recebimento de Salário,40292.74,2024-05-17 22:19:51,Balcão,Aprovada,Lubango,Jovem
TXN001457,CLI0129,Compra com Cartão,97367.11,11/05/2024 15:36,Agente Bancário,Recusada,Saurimo,Jovem
TXN000395,CLI0022,Transferência,197337.64,2024-11-25 01:35:04,Internet Banking,Aprovada,Huambo,Corrente
TXN003820,CLI0066,Pagamento de Renda,197890.4,2024-11-19 00:59:40,Agente Bancário,Aprovada,Malanje,Jovem
TXN000503,CLI0029,Pagamento de Empréstimo,170843.24,2024-01-04 19:55:20,Agente Bancário,Aprovada,Benguela,Corrente
TXN004702,CLI0166,Pagamento de Serviço,36337.08,2024-04-30 13:15:06,Internet Banking,Aprovada,Uíge,Empresarial
TXN003803,CLI0098,Compra com Cartão,102493.91,2024-07-13 21:40:01,Internet Banking,Aprovada,Sumbe,Corrente
TXN001635,CLI0081,Pagamento de Electricidade,61468.76,2023-12-05 13:36:33,Internet Banking,Aprovada,Uíge,Empresarial
TXN001950,CLI0182,Compra com Cartão,-124266.72,2024-11-28 08:19:58,Balcão,Aprovada,Uíge,Corrente
TXN000132,CLI0017,Recarga de Telemóvel,206299.49,2023-11-30 17:07:40,Internet Banking,Aprovada,Huambo,Jovem
TXN001685,CLI0045,Pagamento de Renda,2905.85,2023-06-02 11:17:00,Agente Bancário,Aprovada,Lubango,Empresarial
TXN004418,CLI0189,Levantamento,30919.48,2023-09-30 16:08:58,Balcão,Aprovada,Sumbe,Jovem
TXN004190,CLI0183,Depósito,128630.21,2023-08-05 09:21:45,Balcão,Pendente,Saurimo,Corrente
TXN003453,CLI0140,Compra com Cartão,170001.24,2023-03-26 08:06:45,Internet Banking,Recusada,Uíge,Empresarial
TXN004540,CLI0045,Pagamento de Serviço,120905.22,2023-03-27 15:05:15,Agente Bancário,Pendente,Lubango,Empresarial
TXN000873,CLI0082,Compra com Cartão,227811.85,2023-08-16 15:07:59,ATM,Recusada,Uíge,Corrente
TXN003733,CLI0041,Recarga de Telemóvel,208150.02,2024-08-07 08:36:44,ATM,Aprovada,Saurimo,Corrente
TXN000993,CLI0036,Pagamento de Renda,176232.56,2024-09-27 18:33:44,App Mobile,Aprovada,Lubango,Poupança
TXN001425,CLI0170,Depósito,232756.77,2024-10-21 22:03:10,App Mobile,Aprovada,Uíge,Corrente
TXN001880,CLI0045,Recebimento de Salário,220649.61,2024-12-01 02:28:26,ATM,Pendente,Lubango,Empresarial
TXN000443,CLI0053,Transferência,28832.64,2024-02-24 03:30:13,App Mobile,Aprovada,Cabinda,Poupança
TXN003175,CLI0108,Pagamento de Renda,21031.61,2023-02-09 21:45:51,Agente Bancário,Pendente,Lubango,Corrente
TXN002697,CLI0194,Pagamento de Electricidade,202780.28,2023-02-06 05:29:28,Balcão,Aprovada,Lubango,Poupança
TXN003635,CLI0179,Pagamento de Renda,141525.5,2023-08-03 07:30:55,Balcão,Aprovada,Luanda,Empresarial
TXN003957,CLI0001,Pagamento de Empréstimo,38867.2,2024-02-22 22:31:41,ATM,Aprovada,Malanje,Poupança
TXN003746,CLI0137,Pagamento de Empréstimo,169908.81,2024-10-22 11:22:23,Agente Bancário,Aprovada,Benguela,Jovem
TXN000878,CLI0019,Transferência,97334.48,2024-12-14 12:22:26,Agente Bancário,Recusada,Kuito,Empresarial
TXN001502,CLI0120,Recebimento de Salário,53727.97,2024-03-21 03:03:59,Agente Bancário,Recusada,Benguela,Poupança
TXN002686,CLI0074,Transferência,87975.85,2024-07-08 07:05:00,ATM,Aprovada,Huambo,Corrente
TXN003219,CLI0084,Pagamento de Electricidade,3037.65,2023-09-19 04:50:59,Agente Bancário,Aprovada,Kuito,Poupança
TXN004594,CLI0173,Pagamento de Serviço,205720.21,2024-06-29 02:37:17,Agente Bancário,Pendente,Benguela,Jovem
TXN002326,CLI0041,Recarga de Telemóvel,225317.0,2024-02-21 17:28:57,ATM,Pendente,Saurimo,Corrente
TXN001393,CLI0005,Compra com Cartão,97268.85,2024-12-17 13:28:44,App Mobile,Aprovada,Malanje,Poupança
TXN001399,CLI0064,Pagamento de Serviço,53915.26,2024-07-20 18:14:18,,Pendente,Uíge,Corrente
TXN003003,CLI0050,Transferência,92924.31,2024-03-07 04:56:28,ATM,Aprovada,Malanje,Corrente
TXN000186,CLI0052,Transferência,227745.72,2023-09-06 08:33:44,Agente Bancário,Aprovada,Uíge,Corrente
TXN004625,CLI0006,Recebimento de Salário,169146.52,2023-08-29 08:05:36,Agente Bancário,Aprovada,Uíge,Corrente
TXN001648,CLI0141,Depósito,40878.79,2024-06-19 05:59:14,App Mobile,Recusada,Malanje,Jovem
TXN000729,CLI0046,Recebimento de Salário,36308.83,2023-02-23 22:43:07,Agente Bancário,Aprovada,Malanje,Poupança
TXN002925,CLI0148,Levantamento,222533.09,2023-10-21 06:22:00,Internet Banking,Recusada,Kuito,Jovem
TXN002569,CLI0173,Compra com Cartão,34656.17,2024-05-16 21:24:26,ATM,Aprovada,Benguela,Jovem
TXN001015,CLI0008,Pagamento de Renda,36513.03,2024-11-08 07:47:01,Balcão,Pendente,Saurimo,Poupança
TXN004859,CLI0027,Levantamento,34516.02,2024-08-05 09:15:23,Internet Banking,Aprovada,Sumbe,Corrente
TXN000902,CLI0025,Pagamento de Electricidade,151620.05,2024-10-07 19:45:22,Internet Banking,Aprovada,Sumbe,Poupança
TXN004499,CLI0078,Depósito,242950.15,2023-10-10 23:35:49,Internet Banking,Aprovada,Kuito,Jovem
TXN000363,CLI0105,Pagamento de Renda,2139.97,2024-04-11 02:42:50,Balcão,Recusada,Luanda,Corrente
TXN002543,CLI0153,Transferência,198466.18,2024-07-26 00:27:52,Balcão,Aprovada,Huambo,Poupança
TXN002324,CLI0015,Pagamento de Electricidade,31960.6,2023-06-21 16:54:25,App Mobile,Pendente,Kuito,Empresarial
TXN003567,CLI0192,Pagamento de Empréstimo,214869.38,2024-07-11 08:45:25,Agente Bancário,Aprovada,Luanda,Empresarial
TXN001817,CLI0198,Levantamento,203555.09,2024-11-16 03:50:50,App Mobile,Aprovada,Uíge,Corrente
TXN000112,CLI0010,Pagamento de Empréstimo,228643.11,2024-05-10 16:32:39,Agente Bancário,Recusada,Cabinda,Poupança
TXN003889,CLI0087,Compra com Cartão,178912.94,2024-05-04 00:24:46,ATM,Aprovada,Uíge,Poupança
TXN002288,CLI0141,Levantamento,187344.5,2023-06-17 00:34:10,App Mobile,Recusada,Malanje,Jovem
TXN000509,CLI0165,Transferência,157259.92,2023-06-05 09:40:27,Balcão,Aprovada,Cabinda,Corrente
TXN000049,CLI0132,Pagamento de Renda,6282.49,2024-01-22 07:39:14,Internet Banking,Aprovada,Cabinda,Empresarial
TXN002564,CLI0039,Depósito,117830.74,2023-03-30 04:39:12,Balcão,Aprovada,Kuito,Corrente
TXN001156,CLI0092,Recebimento de Salário,75403.76,2024-04-09 03:20:30,Balcão,Pendente,Benguela,Poupança
TXN004182,CLI0115,Pagamento de Renda,109819.54,2023-11-21 09:01:19,App Mobile,Recusada,Saurimo,Corrente
TXN002440,CLI0151,Depósito,53396.91,2024-10-25 01:35:34,App Mobile,Aprovada,Malanje,Corrente
TXN000563,CLI0177,Pagamento de Renda,126693.58,2023-04-23 02:48:28,Internet Banking,Aprovada,Lubango,Poupança
TXN004016,CLI0125,Recebimento de Salário,223620.67,2023-08-07 00:12:45,ATM,Recusada,Sumbe,Empresarial
TXN003959,CLI0043,Pagamento de Serviço,236217.89,2023-10-21 23:02:15,Agente Bancário,Aprovada,Cabinda,Poupança
TXN003513,CLI0066,Pagamento de Empréstimo,236667.18,18/03/2023 13:05,ATM,Aprovada,Malanje,Jovem
TXN004914,CLI0170,Compra com Cartão,151835.52,2023-12-05 22:34:50,Internet Banking,Aprovada,Uíge,Corrente
TXN004850,CLI0142,Transferência,193773.0,2024-05-16 20:23:41,ATM,Aprovada,Kuito,Jovem
TXN001832,CLI0098,Pagamento de Electricidade,59002.3,2024-11-15 00:05:18,ATM,Aprovada,Sumbe,Corrente
TXN001444,CLI0103,Pagamento de Renda,68238.9,2023-03-17 06:18:42,Agente Bancário,Aprovada,Malanje,Empresarial
TXN002359,CLI0046,Recarga de Telemóvel,24917.76,2024-06-12 02:19:49,App Mobile,Aprovada,Malanje,Poupança
TXN002172,CLI0079,Recarga de Telemóvel,218322.85,2023-02-13 13:27:10,Internet Banking,Aprovada,Malanje,Poupança
TXN003827,CLI0002,Pagamento de Serviço,196885.08,2024-02-12 12:19:11,Balcão,Pendente,Saurimo,Jovem
TXN001246,CLI0030,Pagamento de Electricidade,138619.47,2024-01-19 23:15:58,ATM,Aprovada,Sumbe,Poupança
TXN001663,CLI0137,LEVANTAMENTO,146277.83,2024-08-26 01:15:06,Internet Banking,Aprovada,Benguela,Jovem
TXN004627,CLI0056,Pagamento de Electricidade,21500.23,2024-11-28 19:55:21,Balcão,Aprovada,Huambo,Empresarial
TXN002258,CLI0027,Recarga de Telemóvel,153267.36,2024-12-02 00:22:34,Internet Banking,Aprovada,Sumbe,Corrente
TXN002145,CLI0097,Recarga de Telemóvel,-194855.18,2023-08-12 08:43:54,ATM,Aprovada,Uíge,Empresarial
TXN001910,CLI0122,Depósito,147164.14,2023-01-09 18:47:41,Balcão,Aprovada,Lubango,Empresarial
TXN000068,CLI0146,Pagamento de Serviço,159862.09,2024-10-26 23:43:39,ATM,Recusada,Sumbe,Corrente
TXN000265,CLI0125,Pagamento de Renda,220567.54,2024-01-25 18:55:09,Agente Bancário,Aprovada,Sumbe,Empresarial
TXN004764,CLI0119,PAGAMENTO DE RENDA,173120.55,2023-06-16 04:08:54,Internet Banking,Aprovada,Lubango,Empresarial
TXN001088,CLI0196,Recebimento de Salário,53771.66,2023-08-27 09:00:42,App Mobile,Pendente,Saurimo,Corrente
TXN000498,CLI0119,Pagamento de Renda,161907.05,2023-11-24 19:00:24,Agente Bancário,Aprovada,Lubango,Empresarial
TXN001756,CLI0110,Recebimento de Salário,32382.81,2023-03-08 05:13:55,Balcão,Aprovada,Kuito,Empresarial
TXN003656,CLI0170,Recebimento de Salário,132086.73,2023-12-24 14:22:13,ATM,Aprovada,Uíge,Corrente
TXN000963,CLI0056,Pagamento de Serviço,45066.3,2023-08-13 17:51:21,Balcão,Recusada,Huambo,Empresarial
TXN003287,CLI0047,Depósito,249852.26,2024-10-29 14:43:33,,Recusada,Kuito,Corrente
TXN001505,CLI0076,Pagamento de Serviço,131242.47,2023-07-18 20:48:42,App Mobile,Aprovada,Sumbe,Empresarial
TXN001046,CLI0068,Transferência,99490.81,2023-10-02 19:18:12,App Mobile,Recusada,Malanje,Jovem
TXN002613,CLI0016,Pagamento de Renda,84154.32,2023-11-22 08:35:35,Balcão,Pendente,Huambo,Jovem
TXN000555,CLI0038,Recebimento de Salário,221951.15,2023-06-09 07:58:00,Internet Banking,Pendente,Uíge,Jovem
TXN004893,CLI0084,Pagamento de Empréstimo,97183.57,2023-04-30 17:12:10,App Mobile,Aprovada,Kuito,Poupança
TXN000127,CLI0189,Pagamento de Electricidade,158376.27,2024-04-19 00:06:16,App Mobile,Pendente,Sumbe,Jovem
TXN000439,CLI0024,Depósito,40869.81,2023-08-25 18:33:58,Internet Banking,Pendente,Sumbe,Corrente
TXN001896,CLI0163,Recarga de Telemóvel,148063.46,2023-01-26 18:22:16,Internet Banking,Aprovada,Malanje,Empresarial
TXN002790,CLI0176,Recarga de Telemóvel,207333.89,2024-03-27 07:09:20,ATM,Aprovada,Benguela,Poupança
TXN001438,CLI0067,RECEBIMENTO DE SALÁRIO,132038.72,2024-08-07 18:59:06,Internet Banking,Aprovada,Lubango,Jovem
TXN004183,CLI0165,Levantamento,79753.08,2023-03-23 05:02:11,Agente Bancário,Recusada,Cabinda,Corrente
TXN000070,CLI0093,Pagamento de Serviço,116616.05,2023-04-02 19:52:15,Balcão,Pendente,Saurimo,Corrente
TXN000975,CLI0088,Compra com Cartão,112868.85,2024-09-03 13:42:51,Internet Banking,Aprovada,Cabinda,Poupança
TXN004792,CLI0116,Recebimento de Salário,-143485.38,2024-07-09 14:09:05,Balcão,Pendente,Benguela,Jovem
TXN002561,CLI0012,Transferência,249919.69,2024-08-17 04:14:51,ATM,Aprovada,Cabinda,Corrente
TXN003797,CLI0053,Recebimento de Salário,152744.95,2024-08-31 10:14:09,Balcão,Aprovada,Cabinda,Poupança
TXN000010,CLI0080,Pagamento de Renda,92500.03,2023-02-14 04:30:26,Internet Banking,Aprovada,Lubango,Jovem
TXN004100,CLI0110,Transferência,156654.86,2023-07-13 17:16:07,,Recusada,Kuito,Empresarial
TXN001627,CLI0082,Levantamento,44287.97,2023-05-15 02:40:50,Internet Banking,Aprovada,Uíge,Corrente
TXN001381,CLI0035,Recebimento de Salário,81695.84,2023-01-26 09:27:22,ATM,Recusada,Benguela,Corrente
TXN002130,CLI0104,Recarga de Telemóvel,112120.98,2023-08-07 21:44:01,App Mobile,Aprovada,Uíge,Jovem
TXN003421,CLI0008,Depósito,80262.44,2023-01-10 13:12:02,App Mobile,Recusada,Saurimo,Poupança
TXN004522,CLI0090,Pagamento de Electricidade,90513.56,2024-10-24 05:04:43,Balcão,Recusada,Cabinda,Poupança
TXN002125,CLI0144,Pagamento de Empréstimo,178940.48,2024-03-17 09:07:12,Internet Banking,Aprovada,Sumbe,Jovem
TXN000169,CLI0127,RECARGA DE TELEMÓVEL,9971.95,2024-01-16 22:23:51,App Mobile,Aprovada,Malanje,Corrente
TXN000788,CLI0053,Pagamento de Renda,149284.28,2023-11-26 03:02:10,Internet Banking,Aprovada,Cabinda,Poupança
TXN003327,CLI0043,Pagamento de Renda,87261.32,2024-07-27 09:50:20,Balcão,Aprovada,Cabinda,Poupança
TXN000235,CLI0107,Recarga de Telemóvel,3686.24,2024-09-19 19:53:35,App Mobile,Aprovada,Kuito,Empresarial
TXN001768,cli0127,Pagamento de Serviço,133033.51,2023-03-04 09:02:48,Agente Bancário,Recusada,Malanje,Corrente
TXN001825,CLI0034,Transferência,175896.16,2023-03-01 00:59:41,Internet Banking,Aprovada,Huambo,Empresarial
TXN004469,CLI0013,DEPÓSITO,230694.5,2024-03-24 03:38:44,Agente Bancário,Aprovada,Benguela,Poupança
TXN000483,CLI0120,Pagamento de Serviço,122817.46,2024-01-22 17:30:39,App Mobile,Pendente,Benguela,Poupança
TXN000349,CLI0041,Pagamento de Empréstimo,237176.09,2024-02-18 23:07:23,Balcão,Recusada,Saurimo,Corrente
TXN001485,CLI0052,Compra com Cartão,133806.81,2023-10-21 12:57:05,Agente Bancário,Aprovada,Uíge,Corrente
TXN001565,CLI0166,Depósito,85688.56,2024-09-10 18:18:31,Agente Bancário,Aprovada,Uíge,Empresarial
TXN003840,CLI0167,Pagamento de Empréstimo,102205.95,2023-07-06 13:15:27,Balcão,Pendente,Benguela,Jovem
TXN000816,CLI0053,Levantamento,27428.95,2024-05-11 02:51:36,ATM,Aprovada,Cabinda,Poupança
TXN004204,CLI0172,Recebimento de Salário,241306.38,2023-04-26 14:07:50,Balcão,Aprovada,Cabinda,Jovem
TXN000790,CLI0091,Recebimento de Salário,202355.6,2023-05-20 17:39:28,Balcão,Aprovada,Lubango,Corrente
TXN004000,CLI0085,Transferência,180653.27,2024-07-14 02:09:27,Balcão,Aprovada,Uíge,Empresarial
TXN000772,CLI0159,Levantamento,162581.33,2023-03-11 14:58:20,Balcão,Aprovada,Uíge,Empresarial
TXN003852,CLI0081,Pagamento de Renda,156575.25,2024-07-10 23:14:22,ATM,Recusada,Uíge,Empresarial
TXN001181,cli0156,Levantamento,203372.07,2023-10-20 11:37:29,App Mobile,Aprovada,Benguela,Jovem
TXN002154,CLI0006,RECARGA DE TELEMÓVEL,22046.99,2023-02-08 13:09:39,Internet Banking,Pendente,Uíge,Corrente
TXN003007,CLI0099,Pagamento de Electricidade,34361.33,2024-12-18 15:16:29,Agente Bancário,Recusada,Huambo,Empresarial
TXN004562,CLI0049,Recarga de Telemóvel,212808.71,2023-10-07 14:53:17,App Mobile,Aprovada,Saurimo,Poupança
TXN003757,CLI0131,Recebimento de Salário,22892.52,2024-01-14 16:39:30,ATM,Pendente,Sumbe,Empresarial
TXN004429,CLI0172,Compra com Cartão,80667.52,13/06/2024 10:13,Agente Bancário,Aprovada,Cabinda,Jovem
TXN003489,CLI0139,Pagamento de Renda,218688.64,2023-01-11 13:43:36,App Mobile,Aprovada,Kuito,Poupança
TXN004086,CLI0034,Pagamento de Electricidade,82746.34,2024-09-27 08:22:03,ATM,Recusada,Huambo,Empresarial
TXN000032,CLI0069,Levantamento,150812.1,2023-12-01 11:05:56,Internet Banking,Aprovada,Uíge,Empresarial
TXN000619,CLI0177,Recarga de Telemóvel,6298.34,2024-03-31 21:38:09,App Mobile,Aprovada,Lubango,Poupança
TXN003159,CLI0010,Recebimento de Salário,19842.88,26/11/2023 21:44,App Mobile,Aprovada,Cabinda,Poupança
TXN001123,CLI0198,COMPRA COM CARTÃO,194550.94,2024-10-20 11:37:48,ATM,Aprovada,Uíge,Corrente
TXN002186,CLI0072,Transferência,11896.76,2024-03-16 12:20:27,Agente Bancário,Aprovada,Lubango,Jovem
TXN000013,CLI0100,Recebimento de Salário,13565.2,2024-04-09 09:24:01,App Mobile,Pendente,Saurimo,Empresarial
TXN003539,CLI0167,Pagamento de Renda,24381.63,2023-04-06 18:30:03,ATM,Recusada,Benguela,Jovem
TXN000545,CLI0107,Pagamento de Renda,139429.21,2023-06-12 16:06:46,App Mobile,Aprovada,Kuito,Empresarial
TXN002534,CLI0068,Pagamento de Electricidade,171600.67,2023-01-24 18:56:25,Internet Banking,Aprovada,Malanje,Jovem
TXN003934,CLI0200,Recarga de Telemóvel,31863.36,2023-11-02 16:14:03,App Mobile,Aprovada,Malanje,Empresarial
TXN004232,CLI0184,Pagamento de Electricidade,23614.76,2024-02-03 15:00:06,Internet Banking,Aprovada,Sumbe,Corrente
TXN001655,CLI0134,Levantamento,19227.56,2024-08-21 07:53:24,App Mobile,Aprovada,Sumbe,Jovem
TXN000994,CLI0084,Recarga de Telemóvel,199469.92,2023-06-04 22:03:26,Agente Bancário,Pendente,Kuito,Poupança
TXN000533,cli0185,Pagamento de Electricidade,146599.19,2023-07-17 22:56:18,App Mobile,Aprovada,Benguela,Jovem
TXN000484,CLI0111,Levantamento,213292.14,2023-09-02 07:48:30,Internet Banking,Aprovada,Huambo,Empresarial
TXN004818,CLI0146,Pagamento de Empréstimo,224392.36,2024-08-12 09:54:53,Agente Bancário,Recusada,Sumbe,Corrente
TXN003593,CLI0063,Pagamento de Renda,157138.17,27/08/2023 01:24,Internet Banking,Aprovada,Kuito,Corrente
TXN000745,CLI0114,Depósito,15470.2,2023-05-02 01:57:02,App Mobile,Aprovada,Malanje,Jovem
TXN002056,CLI0107,Levantamento,187123.44,2023-01-26 14:47:55,Internet Banking,Recusada,Kuito,Empresarial
TXN001907,CLI0177,Recarga de Telemóvel,173921.59,2024-01-11 09:45:40,App Mobile,Aprovada,Lubango,Poupança
TXN000206,CLI0021,Pagamento de Renda,78696.81,2023-05-18 08:14:35,App Mobile,Pendente,Huambo,Corrente
TXN000286,CLI0081,Recebimento de Salário,2925.94,2024-02-21 01:16:31,App Mobile,Recusada,Uíge,Empresarial
TXN003964,CLI0133,Pagamento de Electricidade,165821.7,2023-03-05 09:57:59,Balcão,Aprovada,Kuito,Jovem
TXN000129,CLI0035,Recebimento de Salário,164146.12,2024-11-04 10:56:18,Balcão,Aprovada,Benguela,Corrente
TXN004348,CLI0092,Transferência,22961.02,2023-03-08 05:21:48,Agente Bancário,Aprovada,Benguela,Poupança
TXN004072,CLI0020,Pagamento de Empréstimo,174831.03,2024-05-28 17:14:41,,Aprovada,Huambo,Jovem
TXN003914,CLI0061,Pagamento de Renda,221443.66,2024-02-17 22:22:41,Internet Banking,Recusada,Malanje,Poupança
TXN003884,CLI0006,Levantamento,199232.81,2023-07-19 05:27:46,Agente Bancário,Aprovada,Uíge,Corrente
TXN003282,CLI0020,Recebimento de Salário,44836.12,2024-11-10 12:25:13,App Mobile,Aprovada,Huambo,Jovem
TXN004544,CLI0068,Transferência,126756.66,2023-03-09 01:18:18,App Mobile,Aprovada,Malanje,Jovem
TXN001558,CLI0159,Compra com Cartão,85751.78,2024-09-24 20:20:17,Agente Bancário,Aprovada,Uíge,Empresarial
TXN004341,CLI0001,Recebimento de Salário,164676.75,2023-06-05 17:06:37,App Mobile,Aprovada,Malanje,Poupança
TXN004902,CLI0042,Transferência,161627.0,2024-12-27 05:55:35,Agente Bancário,Aprovada,Lubango,Corrente
TXN002650,CLI0110,Recarga de Telemóvel,123645.42,2023-05-25 04:34:15,Internet Banking,Aprovada,Kuito,Empresarial
TXN001118,CLI0162,Transferência,171172.36,2023-08-30 06:13:33,App Mobile,Pendente,Luanda,Empresarial
TXN003642,CLI0136,Compra com Cartão,90034.63,2023-01-20 00:57:10,Balcão,,Huambo,Empresarial
TXN003747,CLI0178,Compra com Cartão,45867.97,2024-09-03 22:23:56,App Mobile,Recusada,Saurimo,Poupança
TXN003349,CLI0037,Recarga de Telemóvel,171512.76,2024-07-02 02:19:12,Balcão,Aprovada,Huambo,Jovem
TXN003836,cli0200,Transferência,173907.45,2024-09-27 01:08:11,ATM,Aprovada,Malanje,Empresarial
TXN002149,CLI0035,Recebimento de Salário,179583.07,2024-03-20 03:30:30,App Mobile,Recusada,Benguela,Corrente
TXN001105,CLI0162,Pagamento de Empréstimo,14513.52,2023-04-05 17:50:31,Balcão,Recusada,Luanda,Empresarial
TXN000748,CLI0081,Recebimento de Salário,200933.15,2023-02-12 11:09:12,Internet Banking,Aprovada,Uíge,Empresarial
TXN003897,cli0188,Pagamento de Serviço,40185.1,2024-04-28 16:59:56,ATM,Pendente,Benguela,Poupança
TXN002545,CLI0084,Levantamento,137598.32,2023-01-01 10:28:58,Balcão,Aprovada,Kuito,Poupança
TXN001189,CLI0098,Depósito,220510.67,2023-06-09 07:52:38,Agente Bancário,Aprovada,Sumbe,Corrente
TXN000703,CLI0010,Pagamento de Renda,89258.14,14/02/2023 15:49,Agente Bancário,Aprovada,Cabinda,Poupança
TXN004399,CLI0195,Recarga de Telemóvel,104140.57,2024-08-17 07:57:27,Agente Bancário,Pendente,Cabinda,Corrente
TXN004418,CLI0189,Levantamento,30919.48,2023-09-30 16:08:58,Balcão,Aprovada,Sumbe,Jovem
TXN000084,CLI0037,Pagamento de Renda,241962.65,2023-11-17 12:51:57,Balcão,Recusada,Huambo,Jovem
TXN000482,CLI0174,Depósito,169961.49,2024-04-14 14:15:40,ATM,Aprovada,Cabinda,Poupança
TXN000301,CLI0006,Transferência,235139.12,2023-07-15 11:02:24,ATM,Pendente,Uíge,Corrente
TXN001796,CLI0045,Pagamento de Empréstimo,132255.29,2024-06-16 06:00:28,App Mobile,Aprovada,Lubango,Empresarial
TXN003842,CLI0107,Levantamento,55746.4,2023-10-02 14:33:59,Agente Bancário,Aprovada,Kuito,Empresarial
TXN002886,CLI0117,Compra com Cartão,115245.43,2024-10-01 07:48:34,App Mobile,Aprovada,Sumbe,Jovem
TXN000166,CLI0200,Compra com Cartão,89679.51,2024-02-16 05:19:59,Balcão,Aprovada,Malanje,Empresarial
TXN000255,CLI0033,Pagamento de Serviço,17917.32,2024-04-26 04:36:40,Balcão,Aprovada,Cabinda,Corrente
TXN001468,CLI0069,Pagamento de Electricidade,57764.84,2024-10-20 11:35:12,ATM,Aprovada,Uíge,Empresarial
TXN003147,CLI0070,Depósito,219443.08,2024-06-20 20:05:28,Balcão,Aprovada,Huambo,Corrente
TXN001532,CLI0170,Transferência,227641.25,2024-12-05 09:55:21,Balcão,Aprovada,Uíge,Corrente
TXN000248,CLI0040,Depósito,9952.64,2023-09-15 15:37:22,Internet Banking,Pendente,Kuito,Poupança
TXN004375,CLI0008,Pagamento de Electricidade,66487.44,2024-02-15 21:46:36,Internet Banking,Aprovada,Saurimo,Poupança
TXN001544,CLI0008,Compra com Cartão,205383.9,2024-02-25 08:55:39,ATM,Pendente,Saurimo,Poupança
TXN003102,CLI0111,Pagamento de Electricidade,14081.59,2024-04-13 17:15:37,App Mobile,Aprovada,Huambo,Empresarial
TXN004712,CLI0159,Recebimento de Salário,239961.25,2024-04-12 23:40:48,App Mobile,Aprovada,Uíge,Empresarial
TXN004185,cli0165,DEPÓSITO,93633.49,2024-05-12 00:35:37,App Mobile,Pendente,Cabinda,Corrente
TXN004155,CLI0088,Transferência,31300.75,2023-04-13 07:20:24,Internet Banking,Aprovada,Cabinda,Poupança
TXN000575,CLI0127,Recarga de Telemóvel,67687.24,2023-03-31 09:16:20,Agente Bancário,Aprovada,Malanje,Corrente
TXN002535,CLI0126,RECEBIMENTO DE SALÁRIO,236370.02,2024-03-26 13:58:30,App Mobile,Aprovada,Sumbe,Jovem
TXN003117,CLI0155,Depósito,193434.17,2024-05-30 00:49:50,,Aprovada,Malanje,Corrente
TXN002810,CLI0173,Pagamento de Electricidade,125488.14,2023-09-27 08:14:27,Internet Banking,Aprovada,Benguela,Jovem
TXN004881,CLI0042,Levantamento,98472.76,2024-08-08 06:58:35,Internet Banking,Pendente,Lubango,Corrente
TXN000957,CLI0047,Compra com Cartão,52180.52,2023-11-13 06:26:14,App Mobile,Aprovada,Kuito,Corrente
TXN001126,CLI0008,Recebimento de Salário,194061.33,2023-12-28 03:06:00,Balcão,Aprovada,Saurimo,Poupança
TXN001664,CLI0101,Depósito,209005.72,2023-04-02 20:40:02,App Mobile,Aprovada,Lubango,Jovem
TXN002076,CLI0043,Recarga de Telemóvel,206497.69,2024-12-18 07:57:15,Agente Bancário,Aprovada,Cabinda,Poupança
TXN003143,CLI0121,Depósito,64106.55,2024-11-30 22:29:50,ATM,Pendente,Lubango,Empresarial
TXN003427,CLI0064,Recebimento de Salário,142520.14,2023-01-22 03:30:58,Internet Banking,Aprovada,Uíge,Corrente
TXN003022,CLI0089,Levantamento,95149.18,2023-04-18 03:38:17,Balcão,Aprovada,Uíge,Empresarial
TXN000006,CLI0028,Pagamento de Serviço,131228.65,2023-11-08 00:55:32,Internet Banking,Recusada,Kuito,Poupança
TXN004996,CLI0162,Transferência,108975.64,2023-11-30 17:00:27,Balcão,Aprovada,Luanda,Empresarial
TXN002004,CLI0042,Pagamento de Serviço,23072.32,2023-08-22 02:00:24,ATM,Aprovada,Lubango,Corrente
TXN003547,CLI0120,Depósito,157940.63,2024-03-20 11:15:39,ATM,Aprovada,Benguela,Poupança
TXN000947,cli0004,Transferência,126989.12,2024-03-22 08:51:10,App Mobile,Aprovada,Saurimo,Empresarial
TXN001579,CLI0184,Transferência,101554.33,2023-10-02 18:10:19,ATM,Pendente,Sumbe,Corrente
TXN001780,CLI0028,Depósito,4223.63,2024-02-29 21:22:34,ATM,Aprovada,Kuito,Poupança
TXN000237,CLI0144,Pagamento de Serviço,127975.11,2023-07-04 13:06:02,Agente Bancário,Aprovada,Sumbe,Jovem
TXN001867,CLI0031,Recarga de Telemóvel,81053.11,2024-06-29 14:12:20,ATM,Aprovada,Uíge,Poupança
TXN002385,CLI0147,Pagamento de Serviço,219082.41,2023-01-21 04:38:36,App Mobile,Aprovada,Malanje,Empresarial
TXN003064,CLI0028,Levantamento,5852.33,2024-06-03 07:18:26,Agente Bancário,Aprovada,Kuito,Poupança
TXN004292,CLI0106,Recarga de Telemóvel,218209.26,2023-08-30 02:23:55,Internet Banking,Aprovada,Saurimo,Empresarial
TXN000789,CLI0162,Levantamento,8923.12,2024-11-21 20:32:38,Internet Banking,Aprovada,Luanda,Empresarial
TXN002659,CLI0024,Depósito,110153.35,2024-08-09 11:01:26,App Mobile,Pendente,Sumbe,Corrente
TXN004193,CLI0070,Pagamento de Empréstimo,62886.23,2023-11-05 07:07:35,ATM,Aprovada,Huambo,Corrente
TXN001512,CLI0163,Depósito,93051.78,2024-04-27 07:57:10,Internet Banking,Pendente,Malanje,Empresarial
TXN003215,CLI0084,Transferência,103582.88,13/10/2024 17:04,ATM,Aprovada,Kuito,Poupança
TXN003818,CLI0064,Recarga de Telemóvel,242512.07,2023-06-19 05:06:27,Balcão,Aprovada,Uíge,Corrente
TXN001826,CLI0122,Pagamento de Empréstimo,127419.64,2024-10-24 13:56:57,ATM,Pendente,Lubango,Empresarial
TXN001813,CLI0147,Levantamento,163228.24,2023-09-28 08:20:23,Internet Banking,Aprovada,Malanje,Empresarial
TXN001094,CLI0144,Transferência,30050.9,2023-11-19 11:37:32,ATM,Aprovada,Sumbe,Jovem
TXN001609,CLI0035,Depósito,114651.06,29/08/2023 19:19,ATM,Aprovada,Benguela,Corrente
TXN001043,CLI0059,Pagamento de Empréstimo,180624.2,2024-12-11 01:23:18,App Mobile,Aprovada,Lubango,Jovem
TXN004561,CLI0165,Transferência,206692.06,2024-11-18 13:41:20,App Mobile,Aprovada,Cabinda,Corrente
TXN002577,CLI0126,Recarga de Telemóvel,42045.48,2024-09-05 01:21:24,Agente Bancário,Aprovada,Sumbe,Jovem
TXN002071,CLI0200,Levantamento,245126.14,2024-05-10 16:22:41,Balcão,Aprovada,Malanje,Empresarial
TXN000534,CLI0012,Levantamento,78829.62,2023-08-20 04:33:06,Internet Banking,Pendente,Cabinda,Corrente
TXN004215,CLI0002,Pagamento de Electricidade,59098.18,2023-01-28 16:37:57,ATM,Recusada,Saurimo,Jovem
TXN001295,CLI0097,Pagamento de Serviço,100227.32,2023-02-19 20:08:22,Agente Bancário,Pendente,Uíge,Empresarial
TXN000411,CLI0029,Transferência,165289.22,2023-12-29 16:40:58,App Mobile,Aprovada,Benguela,Corrente
TXN000680,CLI0191,Recebimento de Salário,204639.69,02/11/2024 18:49,Balcão,Aprovada,Benguela,Corrente
TXN002240,CLI0083,Pagamento de Empréstimo,68446.1,2024-09-20 03:40:13,Balcão,Aprovada,Cabinda,Empresarial
TXN003109,CLI0132,Recebimento de Salário,137449.92,2024-09-24 01:30:07,ATM,Recusada,Cabinda,Empresarial
TXN002060,CLI0035,Compra com Cartão,1574.87,2024-11-04 18:05:57,Internet Banking,Pendente,Benguela,Corrente
TXN003629,CLI0113,Recebimento de Salário,103630.87,2024-07-01 19:24:32,Balcão,Aprovada,Saurimo,Empresarial
TXN003552,CLI0138,Levantamento,200655.79,2024-08-08 06:48:22,Agente Bancário,Recusada,Malanje,Empresarial
TXN000003,cli0053,Compra com Cartão,64252.12,2024-08-16 12:59:29,ATM,Aprovada,Cabinda,Poupança
TXN004720,CLI0141,Pagamento de Renda,137064.24,2024-10-15 18:27:50,ATM,Recusada,Malanje,Jovem
TXN002585,CLI0148,Pagamento de Empréstimo,145867.01,2023-12-29 02:49:24,Balcão,Aprovada,Kuito,Jovem
TXN004290,CLI0170,Pagamento de Empréstimo,1616.66,2024-07-15 12:04:55,Internet Banking,Aprovada,Uíge,Corrente
TXN000999,CLI0048,Pagamento de Empréstimo,90869.85,2023-12-24 22:00:12,Internet Banking,Aprovada,Malanje,Corrente
TXN001776,CLI0094,Depósito,239572.0,2023-06-10 00:44:02,Balcão,Aprovada,Luanda,Empresarial
TXN000792,CLI0155,Pagamento de Serviço,140459.2,2023-03-21 22:34:17,Agente Bancário,Aprovada,Malanje,Corrente
TXN000565,CLI0011,RECARGA DE TELEMÓVEL,76578.69,2023-10-16 12:39:12,ATM,Aprovada,Huambo,Poupança
TXN002429,CLI0121,Pagamento de Electricidade,8127.51,2024-05-01 14:30:44,Internet Banking,Aprovada,Lubango,Empresarial
TXN002295,CLI0192,Transferência,161462.36,2024-01-09 11:42:33,ATM,Recusada,Luanda,Empresarial
TXN000600,CLI0018,Pagamento de Empréstimo,173848.0,2024-01-05 12:09:28,ATM,Pendente,Kuito,Empresarial
TXN004662,CLI0084,Pagamento de Electricidade,229311.46,2024-06-13 21:03:20,Balcão,Aprovada,Kuito,Poupança
TXN004406,CLI0106,Pagamento de Serviço,158409.26,2024-10-09 22:51:30,Agente Bancário,Aprovada,Saurimo,Empresarial
TXN001203,CLI0193,Depósito,159794.19,2024-08-25 00:23:25,ATM,Aprovada,Luanda,Empresarial
TXN001546,CLI0193,Depósito,98803.31,2024-06-28 00:53:27,Internet Banking,Aprovada,Luanda,Empresarial
TXN002081,CLI0143,Pagamento de Electricidade,24788.05,2023-04-24 07:56:25,Balcão,Pendente,Uíge,Poupança
TXN004854,CLI0181,Pagamento de Electricidade,237834.23,2023-10-10 14:32:27,Internet Banking,Aprovada,Lubango,Empresarial
TXN000150,CLI0010,Recarga de Telemóvel,62441.66,2023-09-07 22:49:27,Internet Banking,Aprovada,Cabinda,Poupança
TXN003160,CLI0001,Transferência,11502.93,2023-11-19 14:01:50,ATM,Aprovada,Malanje,Poupança
TXN003134,CLI0046,Compra com Cartão,16521.88,2023-09-02 12:15:43,Balcão,Aprovada,Malanje,Poupança
TXN004862,CLI0178,Pagamento de Empréstimo,155241.38,2024-04-28 13:29:00,Balcão,Recusada,Saurimo,Poupança
TXN002167,CLI0050,Pagamento de Renda,247382.87,2023-11-03 22:34:05,Internet Banking,Aprovada,Malanje,Corrente
TXN002501,CLI0095,Compra com Cartão,52552.17,2023-11-08 04:32:51,Internet Banking,Aprovada,Lubango,Corrente
TXN001251,CLI0148,Recarga de Telemóvel,74737.74,2024-05-26 00:08:22,App Mobile,Recusada,Kuito,Jovem
TXN004964,CLI0022,Transferência,199606.43,2023-09-03 11:56:03,Internet Banking,Aprovada,Huambo,Corrente
TXN000247,CLI0199,Pagamento de Serviço,134669.68,2023-06-09 16:16:51,Internet Banking,Aprovada,Kuito,Poupança
TXN004287,CLI0160,Pagamento de Empréstimo,40324.93,2023-11-05 22:48:27,Internet Banking,Aprovada,Sumbe,Empresarial
TXN003005,CLI0176,Pagamento de Renda,197196.46,2023-07-21 08:42:54,ATM,Aprovada,Benguela,Poupança
TXN002094,CLI0046,Levantamento,147789.9,2023-07-06 23:40:48,App Mobile,Pendente,Malanje,Poupança
TXN003225,CLI0091,Pagamento de Renda,127281.91,2023-04-17 22:16:54,Internet Banking,Aprovada,Lubango,Corrente
TXN002644,CLI0160,Compra com Cartão,128466.27,2023-01-20 23:28:02,Internet Banking,Aprovada,Sumbe,Empresarial
TXN002439,CLI0186,Depósito,202950.49,2023-10-10 11:34:30,Internet Banking,Aprovada,Saurimo,Poupança
TXN001467,CLI0011,Compra com Cartão,48993.3,2024-05-08 11:37:36,App Mobile,Pendente,Huambo,Poupança
TXN000092,CLI0020,DEPÓSITO,210714.91,2023-04-17 19:01:40,Balcão,Aprovada,Huambo,Jovem
TXN003325,CLI0027,Pagamento de Renda,-239392.51,2024-07-29 18:37:56,Internet Banking,Aprovada,Sumbe,Corrente
TXN003432,CLI0142,Pagamento de Renda,-125453.16,2024-06-05 09:07:31,Balcão,,Kuito,Jovem
TXN001852,CLI0051,RECARGA DE TELEMÓVEL,66921.99,2024-07-02 10:37:02,Internet Banking,Pendente,Cabinda,Poupança
TXN004423,CLI0076,Transferência,26173.36,2023-09-14 17:14:01,Internet Banking,Aprovada,Sumbe,Empresarial
TXN001395,CLI0024,Compra com Cartão,163611.8,2023-08-04 07:05:15,,Aprovada,Sumbe,Corrente
TXN002286,CLI0196,Depósito,7711.34,2023-12-29 06:36:24,Balcão,Aprovada,Saurimo,Corrente
TXN004257,CLI0009,Pagamento de Electricidade,97649.34,2024-10-16 11:50:38,Internet Banking,Aprovada,Lubango,Corrente
TXN002838,CLI0119,Pagamento de Serviço,36919.39,2023-04-02 05:53:34,ATM,,Lubango,Empresarial
TXN003876,CLI0144,Recebimento de Salário,60826.64,2023-04-03 17:24:20,ATM,Recusada,Sumbe,Jovem
TXN001863,CLI0129,Pagamento de Renda,211036.74,2024-07-30 05:51:01,Internet Banking,Aprovada,Saurimo,Jovem
TXN000846,CLI0157,Recarga de Telemóvel,14633.73,2024-04-25 12:22:37,App Mobile,Aprovada,Malanje,Jovem
TXN002406,CLI0087,Compra com Cartão,236796.92,2024-08-28 17:52:29,Agente Bancário,Aprovada,Uíge,Poupança
TXN000134,CLI0052,Transferência,233215.03,2024-11-10 04:25:58,App Mobile,Aprovada,Uíge,Corrente
TXN001829,CLI0036,Levantamento,75228.42,2023-03-23 14:35:58,Agente Bancário,Pendente,Lubango,Poupança
TXN001883,CLI0069,Pagamento de Electricidade,204182.42,2024-10-01 04:18:16,,Aprovada,Uíge,Empresarial
TXN002106,cli0128,LEVANTAMENTO,38479.37,2024-10-18 22:54:45,Balcão,Aprovada,Luanda,Poupança
TXN000777,CLI0148,Recebimento de Salário,244350.23,2023-10-31 05:48:05,ATM,Pendente,Kuito,Jovem
TXN003759,CLI0058,Pagamento de Electricidade,172139.22,2023-12-18 18:41:04,Internet Banking,Aprovada,Sumbe,Empresarial
TXN004599,CLI0089,Recarga de Telemóvel,92265.17,2024-08-20 00:34:09,Internet Banking,Aprovada,Uíge,Empresarial
TXN000440,CLI0181,Recebimento de Salário,116341.8,2024-05-01 20:36:11,ATM,Aprovada,Lubango,Empresarial
TXN002961,CLI0191,Pagamento de Empréstimo,73889.24,2023-09-30 15:27:50,Agente Bancário,Aprovada,Benguela,Corrente
TXN004663,CLI0153,Pagamento de Electricidade,48629.18,2024-08-17 05:25:39,Balcão,Recusada,Huambo,Poupança
TXN003166,CLI0129,Transferência,85333.55,2023-01-23 07:16:55,Agente Bancário,Aprovada,Saurimo,Jovem
TXN003655,CLI0044,Compra com Cartão,157910.71,2023-02-09 03:04:27,Internet Banking,Aprovada,Benguela,Corrente
TXN003426,CLI0038,Pagamento de Renda,234892.58,2024-10-23 17:18:08,ATM,Aprovada,Uíge,Jovem
TXN004061,CLI0070,Depósito,185699.92,2023-01-21 22:40:50,ATM,Recusada,Huambo,Corrente
TXN001272,CLI0024,Pagamento de Empréstimo,23830.78,2023-04-03 06:12:10,ATM,Recusada,Sumbe,Corrente
TXN000851,CLI0014,Recebimento de Salário,107714.8,2023-04-08 06:35:39,Internet Banking,Pendente,Sumbe,Jovem
TXN003819,CLI0031,Recebimento de Salário,31521.63,2023-11-18 14:31:56,Agente Bancário,Aprovada,Uíge,Poupança
TXN002254,CLI0152,Transferência,60844.55,2023-05-16 12:54:24,Balcão,Pendente,Cabinda,Jovem
TXN001644,CLI0188,Pagamento de Renda,215537.14,2024-08-23 00:10:31,Agente Bancário,Recusada,Benguela,Poupança
TXN004549,CLI0004,Pagamento de Electricidade,143674.52,2023-03-28 10:19:52,Balcão,Aprovada,Saurimo,Empresarial
TXN003164,CLI0126,Transferência,133548.41,2024-10-17 12:11:44,ATM,Pendente,Sumbe,Jovem
TXN002610,CLI0055,Recebimento de Salário,240658.97,2023-09-12 23:49:47,Balcão,Pendente,Uíge,Poupança
TXN002065,CLI0089,Pagamento de Empréstimo,189536.15,2023-05-17 07:33:49,ATM,Aprovada,Uíge,Empresarial
TXN002413,CLI0121,Depósito,175545.16,2023-03-03 00:51:14,Balcão,Aprovada,Lubango,Empresarial
TXN001861,CLI0106,Pagamento de Renda,194137.33,2023-08-07 10:07:15,Agente Bancário,Pendente,Saurimo,Empresarial
TXN000103,CLI0093,Levantamento,111461.6,2023-08-28 10:31:18,Balcão,Aprovada,Saurimo,Corrente
TXN001721,CLI0165,Levantamento,178789.45,2024-01-10 22:34:30,Balcão,Recusada,Cabinda,Corrente
TXN002804,CLI0169,Pagamento de Electricidade,245319.61,2023-09-24 03:01:51,Agente Bancário,Aprovada,Cabinda,Poupança
TXN001899,CLI0199,Recarga de Telemóvel,92820.38,2024-10-27 21:21:05,Balcão,Pendente,Kuito,Poupança
TXN001477,CLI0030,Depósito,-222296.43,2023-05-17 11:49:43,ATM,Aprovada,Sumbe,Poupança
TXN003448,CLI0191,Levantamento,182522.63,2024-02-11 23:39:02,Internet Banking,Aprovada,Benguela,Corrente
TXN002641,CLI0144,Pagamento de Serviço,172574.86,2023-05-05 15:04:23,Agente Bancário,Aprovada,Sumbe,Jovem
TXN001489,CLI0098,Depósito,213767.75,2024-03-05 18:11:07,App Mobile,Aprovada,Sumbe,Corrente
TXN004267,CLI0011,Levantamento,165625.45,2023-11-12 00:42:04,Internet Banking,Aprovada,Huambo,Poupança
TXN002529,CLI0021,Depósito,76241.86,2024-04-25 08:37:16,Agente Bancário,Aprovada,Huambo,Corrente
TXN001624,CLI0049,Pagamento de Renda,46983.56,2024-09-09 01:13:58,Agente Bancário,Aprovada,Saurimo,Poupança
TXN001909,CLI0116,Compra com Cartão,154979.06,2024-09-13 23:22:23,App Mobile,Pendente,Benguela,Jovem
TXN003717,CLI0029,Recarga de Telemóvel,161755.17,2023-03-10 20:59:19,ATM,Aprovada,Benguela,Corrente
TXN003409,CLI0128,Recebimento de Salário,111910.91,2023-06-14 18:40:38,Balcão,Recusada,Luanda,Poupança
TXN001842,CLI0178,Depósito,132454.71,2024-12-24 17:20:39,Internet Banking,Aprovada,Saurimo,Poupança
TXN004136,CLI0126,Recebimento de Salário,32643.69,2024-03-17 22:36:33,App Mobile,Pendente,Sumbe,Jovem
TXN004977,CLI0049,Pagamento de Electricidade,223537.31,2023-09-06 00:56:55,Balcão,Aprovada,Saurimo,Poupança
TXN003188,CLI0061,Depósito,187901.35,2024-07-22 05:42:17,Agente Bancário,Recusada,Malanje,Poupança
TXN004904,CLI0026,Compra com Cartão,248530.78,2024-05-23 08:13:46,Balcão,Aprovada,Lubango,Empresarial
TXN002755,CLI0027,Compra com Cartão,59403.4,2024-10-15 01:16:46,Balcão,Recusada,Sumbe,Corrente
TXN001190,CLI0114,Pagamento de Electricidade,176012.37,2023-04-23 05:58:06,ATM,Aprovada,Malanje,Jovem
TXN000080,CLI0173,Depósito,100865.21,2023-02-04 08:37:56,ATM,Pendente,Benguela,Jovem
TXN001392,CLI0132,Pagamento de Empréstimo,133979.9,2024-05-10 02:30:10,ATM,Aprovada,Cabinda,Empresarial
TXN001348,CLI0101,Pagamento de Empréstimo,247223.91,2024-02-23 17:04:38,Balcão,Aprovada,Lubango,Jovem
TXN000730,cli0193,Depósito,96305.64,2023-10-21 12:06:10,Agente Bancário,Aprovada,Luanda,Empresarial
TXN001562,CLI0005,Depósito,182852.23,2024-06-17 00:47:04,Agente Bancário,Pendente,Malanje,Poupança
TXN002232,CLI0105,Pagamento de Empréstimo,184573.46,2024-02-06 09:32:48,Internet Banking,Aprovada,Luanda,Corrente
TXN003772,CLI0135,Pagamento de Renda,149797.43,2023-05-10 00:55:07,App Mobile,Aprovada,Malanje,Jovem
TXN001459,CLI0070,Pagamento de Renda,198235.82,2023-11-14 07:53:57,ATM,Pendente,Huambo,Corrente
TXN002510,CLI0193,Levantamento,205575.87,2023-11-05 20:27:29,Agente Bancário,Pendente,Luanda,Empresarial
TXN001387,CLI0086,Compra com Cartão,238292.81,2024-09-21 17:43:34,App Mobile,Recusada,Huambo,Corrente
TXN003273,CLI0075,RECEBIMENTO DE SALÁRIO,98536.44,2023-06-15 19:20:23,Internet Banking,Pendente,Huambo,Jovem
TXN003617,CLI0114,Depósito,16160.73,2023-07-17 21:33:58,App Mobile,,Malanje,Jovem
TXN001846,CLI0026,Recebimento de Salário,204373.28,2024-11-29 23:52:38,App Mobile,Aprovada,Lubango,Empresarial
TXN003208,CLI0161,Pagamento de Electricidade,21776.02,2023-06-03 22:39:30,Internet Banking,Pendente,Lubango,Empresarial
TXN004004,CLI0163,Transferência,126891.98,2023-02-10 00:05:53,ATM,Aprovada,Malanje,Empresarial
TXN003550,CLI0170,Pagamento de Electricidade,222831.24,2024-07-10 12:36:33,Balcão,Aprovada,Uíge,Corrente
TXN001989,CLI0028,Transferência,167141.07,2024-09-02 18:39:00,Balcão,Pendente,Kuito,Poupança
TXN002783,CLI0192,Pagamento de Serviço,75731.22,2023-08-17 17:44:38,App Mobile,Aprovada,Luanda,Empresarial
TXN001363,CLI0144,Pagamento de Empréstimo,189118.98,06/09/2023 21:27,Balcão,Recusada,Sumbe,Jovem
TXN004875,CLI0055,Pagamento de Electricidade,92046.23,2023-07-25 00:02:56,App Mobile,Aprovada,Uíge,Poupança
TXN003909,CLI0108,Compra com Cartão,122434.13,2023-01-23 16:09:25,Internet Banking,Aprovada,Lubango,Corrente
TXN003520,CLI0102,Recarga de Telemóvel,-67532.08,2023-12-14 17:31:12,Agente Bancário,Pendente,Sumbe,Empresarial
TXN001753,CLI0120,Pagamento de Serviço,103190.67,2023-05-30 15:19:10,,Pendente,Benguela,Poupança
TXN004349,cli0015,Levantamento,93422.41,2023-02-10 21:17:54,Agente Bancário,Aprovada,Kuito,Empresarial
TXN001294,CLI0136,Depósito,65036.08,2024-07-23 13:25:23,App Mobile,Pendente,Huambo,Empresarial
TXN002587,CLI0067,Recarga de Telemóvel,1189.39,2023-12-08 18:02:48,Balcão,Recusada,Lubango,Jovem
TXN001888,CLI0034,Pagamento de Empréstimo,204240.85,2024-03-16 08:40:10,Agente Bancário,Aprovada,Huambo,Empresarial
TXN001219,CLI0097,Levantamento,-199150.48,2023-03-05 22:22:27,Balcão,Aprovada,Uíge,Empresarial
TXN003870,CLI0016,Pagamento de Electricidade,206890.05,2023-12-24 08:16:06,App Mobile,Aprovada,Huambo,Jovem
TXN001971,CLI0017,Pagamento de Electricidade,217067.64,2024-01-12 13:09:28,Internet Banking,Recusada,Huambo,Jovem
TXN000986,CLI0029,Pagamento de Renda,158915.67,2024-09-17 20:33:51,ATM,Recusada,Benguela,Corrente
TXN003983,CLI0179,Compra com Cartão,166756.43,2023-09-13 11:53:58,App Mobile,Aprovada,Luanda,Empresarial
TXN003115,CLI0056,Levantamento,206579.55,2024-09-24 00:15:22,,Aprovada,Huambo,Empresarial
TXN001285,cli0118,Transferência,-8759.98,2023-01-24 06:29:49,App Mobile,Aprovada,Saurimo,Corrente
TXN000257,CLI0188,Pagamento de Empréstimo,90006.03,2023-12-12 22:04:27,Internet Banking,Aprovada,Benguela,Poupança
TXN004509,CLI0146,Pagamento de Serviço,216305.12,2023-05-02 18:31:07,Agente Bancário,Pendente,Sumbe,Corrente
TXN001329,CLI0031,Compra com Cartão,135596.29,2023-11-06 15:45:23,ATM,Aprovada,Uíge,Poupança
TXN003011,CLI0065,Pagamento de Renda,36259.32,2024-03-13 19:30:02,Balcão,Aprovada,Benguela,Empresarial
TXN003829,CLI0179,Transferência,139819.87,2024-08-29 13:56:53,Internet Banking,Pendente,Luanda,Empresarial
TXN004425,CLI0102,Recarga de Telemóvel,69185.06,2024-10-30 22:13:28,App Mobile,Recusada,Sumbe,Empresarial
TXN004354,cli0009,Pagamento de Serviço,95472.09,2023-04-30 19:04:29,Balcão,Aprovada,Lubango,Corrente
TXN002621,CLI0063,Levantamento,203715.58,2023-05-11 03:34:41,ATM,Pendente,Kuito,Corrente
TXN001085,CLI0042,Pagamento de Empréstimo,75314.49,2024-09-17 14:41:06,Balcão,Aprovada,Lubango,Corrente
TXN000269,CLI0124,Transferência,36106.68,2024-04-11 16:26:43,ATM,Aprovada,Luanda,Poupança
TXN004882,CLI0079,Compra com Cartão,206484.84,2024-11-05 13:58:35,App Mobile,Aprovada,Malanje,Poupança
TXN000961,cli0136,Pagamento de Empréstimo,79176.85,2024-08-06 04:59:55,App Mobile,Aprovada,Huambo,Empresarial
TXN001220,CLI0166,Transferência,44804.48,2024-01-01 23:57:23,Balcão,Aprovada,Uíge,Empresarial
TXN001184,CLI0025,Recebimento de Salário,165244.09,2024-11-23 07:15:04,ATM,Aprovada,Sumbe,Poupança
TXN003940,CLI0027,Recebimento de Salário,147513.44,2024-07-05 03:06:03,ATM,Recusada,Sumbe,Corrente
TXN004872,CLI0171,Compra com Cartão,89098.07,2024-02-12 23:30:22,Agente Bancário,Aprovada,Benguela,Corrente
TXN001297,CLI0055,Levantamento,115760.34,2023-03-05 19:43:39,App Mobile,Aprovada,Uíge,Poupança
TXN004109,CLI0138,Depósito,129132.65,2023-11-26 13:44:10,App Mobile,Pendente,Malanje,Empresarial
TXN003291,CLI0174,Pagamento de Serviço,89017.63,2023-11-02 05:45:51,Internet Banking,Pendente,Cabinda,Poupança
TXN003777,CLI0194,Pagamento de Empréstimo,216926.58,2023-11-05 07:49:17,Balcão,Aprovada,Lubango,Poupança
TXN000404,CLI0106,Recebimento de Salário,181636.77,2023-12-08 21:38:35,ATM,Pendente,Saurimo,Empresarial
TXN002278,CLI0115,Compra com Cartão,115656.93,2023-12-25 01:21:58,App Mobile,Aprovada,Saurimo,Corrente
TXN001986,CLI0140,Recarga de Telemóvel,210826.73,2023-01-31 21:46:05,Agente Bancário,Pendente,Uíge,Empresarial
TXN000725,CLI0105,Pagamento de Electricidade,-156675.85,2023-02-14 11:28:03,App Mobile,Aprovada,Luanda,Corrente
TXN001179,CLI0176,Pagamento de Empréstimo,51513.89,2023-09-07 10:31:47,Agente Bancário,Recusada,Benguela,Poupança
TXN004755,CLI0024,Pagamento de Serviço,209626.72,2024-10-09 09:51:07,,Aprovada,Sumbe,Corrente
TXN003224,CLI0183,Levantamento,146981.78,2023-08-03 19:01:31,App Mobile,Aprovada,Saurimo,Corrente
TXN001386,CLI0107,Levantamento,116025.35,2024-05-15 16:20:09,Internet Banking,Pendente,Kuito,Empresarial
TXN002405,CLI0035,Recarga de Telemóvel,178992.91,2024-01-10 16:28:46,App Mobile,Aprovada,Benguela,Corrente
TXN002015,CLI0158,Transferência,214657.53,2024-08-26 09:47:44,ATM,Aprovada,Lubango,Jovem
TXN004398,CLI0056,Transferência,239126.38,2024-09-05 04:38:54,ATM,Aprovada,Huambo,Empresarial
TXN001657,CLI0184,Transferência,174134.83,2023-10-14 07:56:14,Internet Banking,Aprovada,Sumbe,Corrente
TXN001368,CLI0199,Pagamento de Empréstimo,154121.83,2023-10-25 10:22:37,ATM,Aprovada,Kuito,Poupança
TXN002666,CLI0007,Pagamento de Serviço,41690.75,2024-10-31 11:33:54,App Mobile,Recusada,Sumbe,Corrente
TXN001142,CLI0096,Levantamento,6087.44,2024-05-22 16:28:16,App Mobile,Aprovada,Malanje,Corrente
TXN000464,CLI0005,Compra com Cartão,36961.21,2023-02-15 10:42:46,ATM,Recusada,Malanje,Poupança
TXN003801,CLI0010,Pagamento de Empréstimo,41598.44,2024-03-06 16:01:21,Agente Bancário,Aprovada,Cabinda,Poupança
TXN002487,CLI0021,Depósito,161179.77,2023-11-12 09:15:11,Agente Bancário,Recusada,Huambo,Corrente
TXN003203,CLI0109,Recebimento de Salário,87207.77,2023-02-24 13:18:03,Agente Bancário,Recusada,Huambo,Poupança
TXN002848,CLI0054,Pagamento de Empréstimo,19911.85,2024-02-01 17:37:21,App Mobile,Recusada,Cabinda,Poupança
TXN001133,CLI0040,Transferência,97187.55,2023-09-08 20:13:44,Agente Bancário,Aprovada,Kuito,Poupança
TXN002967,CLI0056,Levantamento,210395.04,15/04/2024 22:43,Balcão,Aprovada,Huambo,Empresarial
TXN001668,CLI0174,Pagamento de Empréstimo,25904.72,2023-11-10 06:00:07,Internet Banking,Pendente,Cabinda,Poupança
TXN001649,CLI0116,Recebimento de Salário,41421.52,2023-12-02 16:42:32,Agente Bancário,Pendente,Benguela,Jovem
TXN001119,CLI0033,Pagamento de Empréstimo,4918.59,2023-02-19 00:44:06,Agente Bancário,Aprovada,Cabinda,Corrente
TXN002973,cli0093,Levantamento,-210942.14,2023-08-17 12:49:19,Balcão,Aprovada,Saurimo,Corrente
TXN003392,CLI0113,Pagamento de Empréstimo,64288.81,2023-08-20 13:13:56,Internet Banking,Pendente,Saurimo,Empresarial
TXN004734,CLI0085,Depósito,30092.8,2023-08-03 07:57:07,Balcão,Aprovada,Uíge,Empresarial
TXN002655,CLI0003,Pagamento de Serviço,154785.97,2023-03-13 15:30:36,Agente Bancário,Recusada,Saurimo,Corrente
TXN001337,CLI0117,Pagamento de Serviço,78892.94,2024-12-24 10:18:18,Balcão,Aprovada,Sumbe,Jovem
TXN002489,CLI0133,Pagamento de Electricidade,129432.74,2023-07-15 23:41:26,App Mobile,Recusada,Kuito,Jovem
TXN001424,CLI0111,Transferência,13219.71,2023-12-29 22:30:56,Balcão,Aprovada,Huambo,Empresarial
TXN004802,CLI0077,Compra com Cartão,181853.75,2023-08-04 17:46:40,Agente Bancário,Aprovada,Huambo,Jovem
TXN001711,CLI0131,Levantamento,169269.84,2023-07-21 07:08:58,App Mobile,Pendente,Sumbe,Empresarial
TXN004550,CLI0026,Compra com Cartão,90105.98,2024-05-21 00:58:13,Agente Bancário,Pendente,Lubango,Empresarial
TXN004602,CLI0106,Recebimento de Salário,76006.96,2023-10-13 19:10:32,ATM,Aprovada,Saurimo,Empresarial
TXN004884,CLI0037,Transferência,200042.04,2024-06-17 09:43:47,Balcão,Recusada,Huambo,Jovem
TXN004894,CLI0101,Depósito,246332.88,2023-04-26 13:45:31,Internet Banking,Aprovada,Lubango,Jovem
TXN004771,CLI0033,Pagamento de Serviço,70868.03,2024-07-29 11:05:19,Balcão,Aprovada,Cabinda,Corrente
TXN004935,CLI0190,Recarga de Telemóvel,169294.87,2024-07-31 05:02:50,Balcão,Aprovada,Malanje,Empresarial
TXN003422,CLI0187,Pagamento de Electricidade,69673.64,2023-06-24 01:50:47,Balcão,Recusada,Kuito,Empresarial
TXN003782,CLI0031,Pagamento de Renda,223644.04,2024-11-13 08:09:55,ATM,Aprovada,Uíge,Poupança
TXN001204,CLI0063,Transferência,110037.0,2024-12-02 21:30:42,Balcão,Aprovada,Kuito,Corrente
TXN003706,CLI0155,Pagamento de Electricidade,232165.35,2024-01-10 03:02:27,App Mobile,Aprovada,Malanje,Corrente
TXN001557,CLI0017,Recebimento de Salário,20230.12,2023-04-09 05:37:50,ATM,Aprovada,Huambo,Jovem
TXN002399,CLI0122,Depósito,110456.46,2024-11-16 23:08:43,Agente Bancário,Aprovada,Lubango,Empresarial
TXN000960,CLI0137,Transferência,8550.49,2023-11-09 23:18:46,Internet Banking,Aprovada,Benguela,Jovem
TXN004832,CLI0115,Levantamento,110682.29,2023-03-23 05:05:24,Balcão,Recusada,Saurimo,Corrente
TXN001020,CLI0069,Transferência,165469.86,2023-10-19 02:13:55,App Mobile,Aprovada,Uíge,Empresarial
TXN003892,CLI0036,Compra com Cartão,233475.74,2024-06-05 15:54:14,Balcão,Aprovada,Lubango,Poupança
TXN000935,CLI0162,Transferência,146911.78,2023-12-29 22:06:46,Internet Banking,Aprovada,Luanda,Empresarial
TXN001851,CLI0043,Pagamento de Empréstimo,186466.64,2023-10-15 04:08:18,App Mobile,Recusada,Cabinda,Poupança
TXN003595,CLI0091,Pagamento de Serviço,154538.61,2023-12-11 11:42:19,ATM,Aprovada,Lubango,Corrente
TXN001109,CLI0152,Compra com Cartão,160328.45,2024-01-29 12:43:24,,Aprovada,Cabinda,Jovem
TXN004830,CLI0049,Levantamento,239884.02,2024-04-02 13:40:55,Internet Banking,Aprovada,Saurimo,Poupança
TXN002311,CLI0128,Pagamento de Electricidade,3275.05,2023-01-04 00:22:11,Balcão,Pendente,Luanda,Poupança
TXN000035,CLI0018,Pagamento de Serviço,237392.04,2023-10-25 08:55:23,App Mobile,Aprovada,Kuito,Empresarial
TXN002424,CLI0080,Transferência,117202.13,2024-09-21 16:35:36,App Mobile,Recusada,Lubango,Jovem
TXN004840,CLI0106,Pagamento de Empréstimo,84982.94,2023-05-23 15:01:39,Internet Banking,Aprovada,Saurimo,Empresarial
TXN003549,CLI0111,Recarga de Telemóvel,37284.1,2023-07-09 09:24:11,App Mobile,Aprovada,Huambo,Empresarial
TXN002393,CLI0012,Pagamento de Electricidade,245813.13,2024-11-09 06:28:59,App Mobile,Pendente,Cabinda,Corrente
TXN002550,CLI0174,Pagamento de Renda,88515.08,2024-06-09 13:13:30,Agente Bancário,Recusada,Cabinda,Poupança
TXN003508,CLI0189,Pagamento de Empréstimo,100003.32,2024-08-29 17:37:28,App Mobile,Aprovada,Sumbe,Jovem
TXN001276,CLI0034,Compra com Cartão,112642.02,2024-05-28 22:15:36,Internet Banking,Aprovada,Huambo,Empresarial
TXN001385,CLI0061,Transferência,175766.33,2023-10-10 11:42:56,App Mobile,Pendente,Malanje,Poupança
TXN001916,CLI0153,Transferência,29812.38,2024-07-09 20:28:21,Balcão,Pendente,Huambo,Poupança
TXN003192,CLI0045,Pagamento de Electricidade,141913.0,2023-12-06 06:12:41,App Mobile,Aprovada,Lubango,Empresarial
TXN000965,CLI0101,Pagamento de Serviço,116246.53,2024-08-10 20:17:59,Internet Banking,Aprovada,Lubango,Jovem
TXN003693,CLI0034,Levantamento,106205.92,2023-04-09 08:52:44,ATM,Recusada,Huambo,Empresarial
TXN002843,CLI0036,Recebimento de Salário,89081.43,2024-03-31 20:15:53,App Mobile,Aprovada,Lubango,Poupança
TXN004052,CLI0153,Pagamento de Electricidade,208742.04,2023-05-08 22:59:32,Agente Bancário,Aprovada,Huambo,Poupança
TXN001996,CLI0135,Pagamento de Renda,219354.94,2024-06-08 16:16:02,Agente Bancário,Recusada,Malanje,Jovem
TXN004580,CLI0144,Recebimento de Salário,142591.08,2023-11-01 11:02:28,Internet Banking,Recusada,Sumbe,Jovem
TXN004318,CLI0126,Recarga de Telemóvel,220236.49,2023-11-19 15:19:00,Agente Bancário,Aprovada,Sumbe,Jovem
TXN002547,CLI0002,Recarga de Telemóvel,108439.43,2023-12-23 03:10:43,ATM,Aprovada,Saurimo,Jovem
TXN003275,CLI0171,Pagamento de Renda,158106.26,2023-03-04 17:01:48,App Mobile,Recusada,Benguela,Corrente
TXN003112,CLI0059,Pagamento de Serviço,136341.65,2023-07-12 07:06:47,Balcão,Recusada,Lubango,Jovem
TXN004124,CLI0169,Transferência,47059.3,2023-06-02 08:59:55,App Mobile,Recusada,Cabinda,Poupança
TXN000630,CLI0010,Depósito,229325.68,2024-07-04 18:34:28,App Mobile,Aprovada,Cabinda,Poupança
TXN003832,CLI0136,Recarga de Telemóvel,173861.19,2023-09-20 22:09:33,Balcão,Aprovada,Huambo,Empresarial
TXN001958,CLI0181,Compra com Cartão,206764.37,2023-05-15 01:57:47,Internet Banking,Aprovada,Lubango,Empresarial
TXN000007,CLI0030,Recarga de Telemóvel,194168.94,2024-12-04 15:37:25,Agente Bancário,Aprovada,Sumbe,Poupança
TXN002747,CLI0055,Pagamento de Renda,91122.25,2024-01-21 06:36:28,,Aprovada,Uíge,Poupança
TXN000158,CLI0198,Pagamento de Serviço,66619.48,2023-12-26 21:24:23,Internet Banking,Aprovada,Uíge,Corrente
TXN004500,CLI0102,Recarga de Telemóvel,116536.12,2023-01-09 17:37:36,App Mobile,Aprovada,Sumbe,Empresarial
TXN001152,CLI0141,Transferência,197037.2,2024-07-05 06:45:15,ATM,Pendente,Malanje,Jovem
TXN003414,CLI0153,Levantamento,121959.59,2024-04-01 07:45:36,App Mobile,Aprovada,Huambo,Poupança
TXN003320,CLI0083,Compra com Cartão,91873.19,2024-12-30 20:19:04,Internet Banking,Pendente,Cabinda,Empresarial
TXN003995,CLI0178,Recarga de Telemóvel,72599.3,2023-05-21 16:24:34,Balcão,Pendente,Saurimo,Poupança
TXN003558,CLI0092,Compra com Cartão,132341.54,2023-10-27 01:44:22,Agente Bancário,Aprovada,Benguela,Poupança
TXN004632,CLI0082,Pagamento de Renda,61103.29,2023-01-30 06:00:51,App Mobile,Aprovada,Uíge,Corrente
TXN002662,CLI0003,Depósito,228311.34,2024-11-04 03:29:09,Agente Bancário,Aprovada,Saurimo,Corrente
TXN000811,CLI0004,Pagamento de Renda,44790.01,2023-01-17 04:14:26,Internet Banking,Aprovada,Saurimo,Empresarial
TXN000699,CLI0191,Depósito,187542.15,2024-02-20 00:32:11,Internet Banking,Pendente,Benguela,Corrente
TXN000550,CLI0052,Pagamento de Renda,208785.94,2023-07-10 13:01:22,Internet Banking,Aprovada,Uíge,Corrente
TXN003734,CLI0116,Levantamento,142190.75,2023-02-13 10:44:02,Internet Banking,Aprovada,Benguela,Jovem
TXN000954,CLI0026,Recebimento de Salário,84774.3,2023-03-03 04:17:00,Agente Bancário,Pendente,Lubango,Empresarial
TXN003756,CLI0199,Pagamento de Serviço,226173.47,2024-10-06 05:43:09,App Mobile,Aprovada,Kuito,Poupança
TXN000291,CLI0139,Depósito,215169.83,2023-11-02 19:24:55,Agente Bancário,,Kuito,Poupança
TXN004054,CLI0092,Compra com Cartão,83028.69,2024-07-03 16:21:21,ATM,Aprovada,Benguela,Poupança
TXN001592,cli0070,Compra com Cartão,199985.45,2023-12-21 06:13:24,Agente Bancário,Pendente,Huambo,Corrente
TXN004422,CLI0032,Recebimento de Salário,161207.36,2023-01-01 03:40:36,Balcão,Aprovada,Uíge,Jovem
TXN003883,CLI0123,Pagamento de Renda,49738.28,2024-10-22 05:32:01,Agente Bancário,Pendente,Kuito,Poupança
TXN002706,CLI0092,Pagamento de Serviço,191883.76,2024-12-18 19:23:48,Internet Banking,Pendente,Benguela,Poupança
TXN003023,CLI0179,Recarga de Telemóvel,196930.7,2024-06-01 16:08:33,Internet Banking,Recusada,Luanda,Empresarial
TXN003514,CLI0074,Levantamento,53692.09,2024-11-15 19:10:07,Balcão,Pendente,Huambo,Corrente
TXN004236,CLI0051,Pagamento de Empréstimo,21735.99,2024-05-02 22:50:18,App Mobile,Aprovada,Cabinda,Poupança
TXN000580,CLI0143,Compra com Cartão,126452.65,2024-04-19 03:31:31,Internet Banking,Aprovada,Uíge,Poupança
TXN000403,CLI0061,Pagamento de Renda,8756.09,2024-10-31 13:06:49,ATM,Recusada,Malanje,Poupança
TXN003476,CLI0075,Recebimento de Salário,228255.87,2023-11-15 18:22:21,Balcão,Aprovada,Huambo,Jovem
TXN002801,CLI0126,Recebimento de Salário,7378.32,2024-11-03 13:17:41,Balcão,,Sumbe,Jovem
TXN003922,CLI0163,Pagamento de Serviço,202395.06,2024-10-16 12:49:46,Balcão,Aprovada,Malanje,Empresarial
TXN002877,CLI0066,Recebimento de Salário,63201.94,2024-11-16 16:46:38,App Mobile,Aprovada,Malanje,Jovem
TXN004291,CLI0199,PAGAMENTO DE ELECTRICIDADE,84608.9,2024-11-02 07:49:29,Internet Banking,Aprovada,Kuito,Poupança
TXN004115,CLI0047,Compra com Cartão,157684.03,2024-05-03 16:34:54,Internet Banking,Recusada,Kuito,Corrente
TXN004017,CLI0138,Pagamento de Electricidade,233518.11,2024-03-26 12:23:08,,Aprovada,Malanje,Empresarial
TXN004990,CLI0096,Recebimento de Salário,232244.41,2023-06-29 22:07:14,App Mobile,Pendente,Malanje,Corrente
TXN001143,CLI0053,Levantamento,4078.84,2023-05-16 14:25:52,Balcão,Aprovada,Cabinda,Poupança
TXN004106,CLI0120,Recebimento de Salário,111845.63,2024-10-10 10:11:38,Agente Bancário,Aprovada,Benguela,Poupança
TXN001566,CLI0175,Pagamento de Empréstimo,117273.63,2023-06-01 10:40:32,Internet Banking,Aprovada,Cabinda,Empresarial
TXN003794,CLI0023,Compra com Cartão,240973.97,2024-07-15 05:54:35,App Mobile,Aprovada,Malanje,Poupança
TXN002704,CLI0195,Depósito,190269.16,2024-08-25 09:28:36,Internet Banking,Aprovada,Cabinda,Corrente
TXN004845,CLI0062,Levantamento,-148634.76,2024-04-02 15:56:07,App Mobile,Aprovada,Saurimo,Jovem
TXN000386,CLI0027,Recebimento de Salário,162538.13,2024-03-07 23:23:05,Balcão,Aprovada,Sumbe,Corrente
TXN004082,CLI0189,Pagamento de Renda,98390.21,2023-12-10 22:09:05,Agente Bancário,Aprovada,Sumbe,Jovem
TXN001132,CLI0067,Pagamento de Serviço,171038.72,2024-05-15 19:10:15,ATM,Aprovada,Lubango,Jovem
TXN004073,CLI0015,Pagamento de Renda,206701.59,15/08/2024 07:01,,Aprovada,Kuito,Empresarial
TXN000529,CLI0155,Transferência,208097.19,2023-03-16 15:38:53,App Mobile,Pendente,Malanje,Corrente
TXN004967,CLI0091,Transferência,61769.49,2023-07-26 02:58:36,Balcão,Aprovada,Lubango,Corrente
TXN002928,CLI0019,Recarga de Telemóvel,104206.9,2024-04-22 15:32:54,Agente Bancário,Pendente,Kuito,Empresarial
TXN003443,CLI0120,Compra com Cartão,-101813.78,2023-04-01 19:58:14,Agente Bancário,Aprovada,Benguela,Poupança
TXN003500,CLI0159,Pagamento de Renda,246264.75,2023-11-02 20:18:50,App Mobile,Aprovada,Uíge,Empresarial
TXN001462,CLI0193,Pagamento de Serviço,63677.84,2024-11-13 11:13:20,Agente Bancário,Aprovada,Luanda,Empresarial
TXN004972,CLI0024,Pagamento de Electricidade,234063.84,2023-10-17 21:08:19,App Mobile,Aprovada,Sumbe,Corrente
TXN004896,CLI0047,Recarga de Telemóvel,183697.81,2023-08-31 01:22:34,App Mobile,Aprovada,Kuito,Corrente
TXN001208,CLI0157,Pagamento de Renda,71589.33,2023-09-11 15:14:01,App Mobile,Recusada,Malanje,Jovem
TXN004359,CLI0037,Compra com Cartão,90325.41,2023-02-03 13:57:48,ATM,Pendente,Huambo,Jovem
TXN002506,CLI0036,Levantamento,168310.19,2023-02-06 09:53:01,ATM,Aprovada,Lubango,Poupança
TXN003556,CLI0058,Compra com Cartão,8800.66,2024-11-09 04:15:58,Balcão,Aprovada,Sumbe,Empresarial
TXN000807,CLI0104,Transferência,152058.31,2024-02-16 07:45:54,Agente Bancário,Aprovada,Uíge,Jovem
TXN004879,CLI0022,Recarga de Telemóvel,3782.27,2023-09-06 21:48:15,ATM,Pendente,Huambo,Corrente
TXN002257,CLI0132,Pagamento de Serviço,50792.15,2023-05-29 14:22:42,App Mobile,Aprovada,Cabinda,Empresarial
TXN004116,CLI0176,Pagamento de Renda,111059.05,2024-10-16 01:56:15,Balcão,Aprovada,Benguela,Poupança
TXN001734,CLI0174,Transferência,173164.43,2024-10-04 11:24:11,App Mobile,Aprovada,Cabinda,Poupança
TXN000192,CLI0096,Depósito,78125.21,2023-02-20 23:11:20,Agente Bancário,Aprovada,Malanje,Corrente
TXN004960,CLI0073,Compra com Cartão,129914.25,2023-12-11 14:56:58,Internet Banking,Aprovada,Saurimo,Poupança
TXN000373,CLI0086,Pagamento de Renda,208858.88,2023-02-13 12:19:51,Internet Banking,Pendente,Huambo,Corrente
TXN001435,CLI0157,Recebimento de Salário,180228.56,2023-07-13 03:15:49,Internet Banking,Recusada,Malanje,Jovem
TXN003478,CLI0063,Pagamento de Empréstimo,16732.42,2023-04-08 09:06:53,Balcão,Aprovada,Kuito,Corrente
TXN002912,CLI0172,Pagamento de Electricidade,12652.62,2023-02-04 20:41:39,ATM,Aprovada,Cabinda,Jovem
TXN001725,CLI0178,Transferência,9269.4,2024-08-28 02:17:03,Balcão,Aprovada,Saurimo,Poupança
TXN003210,CLI0073,Recebimento de Salário,2990.38,2024-08-18 02:05:25,Agente Bancário,Pendente,Saurimo,Poupança
TXN000089,CLI0106,Depósito,36907.72,2024-07-29 17:56:45,Agente Bancário,Aprovada,Saurimo,Empresarial
TXN002294,CLI0188,RECARGA DE TELEMÓVEL,114074.19,2023-07-22 20:11:30,App Mobile,Aprovada,Benguela,Poupança
TXN003021,CLI0164,Pagamento de Renda,33731.85,2024-09-03 16:45:07,ATM,Pendente,Cabinda,Empresarial
TXN004329,CLI0093,Recebimento de Salário,146906.71,2023-07-19 17:15:53,ATM,Recusada,Saurimo,Corrente
TXN001112,CLI0068,Pagamento de Empréstimo,202835.86,2024-07-30 11:28:25,Internet Banking,Aprovada,Malanje,Jovem
TXN000844,CLI0113,Recebimento de Salário,19996.88,2024-03-18 01:46:12,Internet Banking,Aprovada,Saurimo,Empresarial
TXN000220,CLI0179,Depósito,227851.08,2023-11-20 03:19:07,ATM,Aprovada,Luanda,Empresarial
TXN002846,CLI0142,Compra com Cartão,221251.41,2023-03-31 10:09:14,Agente Bancário,Pendente,Kuito,Jovem
TXN001733,CLI0108,Pagamento de Empréstimo,230775.84,2023-06-24 11:45:59,App Mobile,Aprovada,Lubango,Corrente
TXN000115,CLI0187,Transferência,114105.49,2023-09-24 11:13:35,App Mobile,Aprovada,Kuito,Empresarial
TXN001002,CLI0041,Recarga de Telemóvel,117377.48,2024-12-17 12:35:17,Balcão,Recusada,Saurimo,Corrente
TXN004362,CLI0048,Levantamento,182894.97,11/05/2024 11:12,Balcão,Pendente,Malanje,Corrente
TXN001788,CLI0104,Pagamento de Serviço,233961.67,2024-11-04 23:46:14,ATM,Pendente,Uíge,Jovem
TXN002120,CLI0102,Pagamento de Renda,3431.8,2023-12-12 20:22:44,Internet Banking,Pendente,Sumbe,Empresarial
TXN004068,CLI0024,Pagamento de Renda,208464.18,2024-03-13 16:14:36,Internet Banking,Aprovada,Sumbe,Corrente
TXN001048,CLI0057,Pagamento de Serviço,202975.57,2024-05-18 05:38:20,ATM,Aprovada,Benguela,Jovem
TXN004567,CLI0086,Compra com Cartão,141192.54,2023-08-13 02:44:54,App Mobile,Aprovada,Huambo,Corrente
TXN001079,CLI0004,Transferência,44294.49,2024-12-17 00:20:20,App Mobile,Aprovada,Saurimo,Empresarial
TXN004994,CLI0080,Pagamento de Electricidade,121470.81,2023-07-05 10:41:50,ATM,Aprovada,Lubango,Jovem
TXN003588,CLI0184,Transferência,-24868.43,2023-08-07 13:48:00,App Mobile,Recusada,Sumbe,Corrente
TXN004335,CLI0194,Levantamento,34792.4,2024-01-04 19:02:22,ATM,Aprovada,Lubango,Poupança
TXN004071,CLI0109,Pagamento de Renda,110804.92,2023-11-30 11:36:41,App Mobile,Recusada,Huambo,Poupança
TXN004761,CLI0146,Pagamento de Renda,194811.49,2024-09-15 22:17:14,Agente Bancário,Pendente,Sumbe,Corrente
TXN001187,CLI0105,Pagamento de Serviço,41827.82,2024-04-18 11:54:07,ATM,Aprovada,Luanda,Corrente
TXN004211,CLI0041,Compra com Cartão,204655.32,28/11/2024 14:29,App Mobile,Recusada,Saurimo,Corrente
TXN003795,CLI0056,Levantamento,-92366.63,2024-03-26 20:42:35,App Mobile,Aprovada,Huambo,Empresarial
TXN001314,CLI0191,Pagamento de Serviço,55041.72,2024-08-19 05:00:04,Balcão,Aprovada,Benguela,Corrente
TXN002282,CLI0123,Recebimento de Salário,77377.28,2023-03-04 12:56:50,Internet Banking,Aprovada,Kuito,Poupança
TXN001974,CLI0161,Recarga de Telemóvel,-245656.46,2024-05-25 23:25:10,Balcão,Aprovada,Lubango,Empresarial
TXN002204,CLI0083,Depósito,146344.37,2024-06-14 18:00:24,Internet Banking,Aprovada,Cabinda,Empresarial
TXN001960,CLI0075,Levantamento,96412.71,2023-02-08 10:17:51,Internet Banking,Recusada,Huambo,Jovem
TXN000091,CLI0044,Pagamento de Empréstimo,136863.31,2024-07-13 11:37:02,ATM,Aprovada,Benguela,Corrente
TXN002797,CLI0096,Pagamento de Electricidade,155854.88,2023-02-26 21:30:24,App Mobile,Aprovada,Malanje,Corrente
TXN002933,CLI0071,Recebimento de Salário,237944.4,2024-12-14 06:50:47,Internet Banking,Aprovada,Lubango,Empresarial
TXN000765,CLI0088,Compra com Cartão,235514.44,2023-09-29 06:58:52,ATM,Aprovada,Cabinda,Poupança
TXN000026,CLI0110,Depósito,142880.6,2023-07-06 20:26:32,Agente Bancário,Aprovada,Kuito,Empresarial
TXN000835,CLI0129,Recarga de Telemóvel,176703.04,2024-12-02 00:45:40,ATM,Aprovada,Saurimo,Jovem
TXN000781,CLI0169,Depósito,36370.5,2024-12-27 05:12:50,App Mobile,Aprovada,Cabinda,Poupança
TXN001317,CLI0105,Depósito,93888.5,2024-05-16 02:11:55,ATM,Aprovada,Luanda,Corrente
TXN003775,CLI0043,Depósito,214330.34,2023-01-19 21:05:51,Internet Banking,Aprovada,Cabinda,Poupança
TXN003798,CLI0111,Compra com Cartão,209091.73,2023-04-28 04:23:38,Internet Banking,Aprovada,Huambo,Empresarial
TXN000045,CLI0054,Pagamento de Electricidade,8056.33,2024-05-11 07:39:33,Internet Banking,Recusada,Cabinda,Poupança
TXN003609,CLI0161,Recebimento de Salário,101855.51,2024-01-10 07:37:18,Balcão,Aprovada,Lubango,Empresarial
TXN002159,CLI0013,Pagamento de Electricidade,65996.77,2024-12-18 06:35:14,ATM,Aprovada,Benguela,Poupança
TXN003231,CLI0028,Recarga de Telemóvel,102735.77,2023-06-28 10:40:32,App Mobile,Pendente,Kuito,Poupança
TXN000569,CLI0072,Levantamento,143212.7,2023-01-20 06:22:54,ATM,Pendente,Lubango,Jovem
TXN002524,CLI0140,Depósito,8502.31,2023-07-13 14:15:29,App Mobile,Aprovada,Uíge,Empresarial
TXN000081,CLI0188,Pagamento de Electricidade,193248.28,2024-04-09 09:59:35,App Mobile,Recusada,Benguela,Poupança
TXN000696,CLI0071,Recebimento de Salário,230991.08,2024-11-15 14:15:27,Agente Bancário,Pendente,Lubango,Empresarial
TXN003977,cli0064,Compra com Cartão,192695.19,2024-05-02 10:27:03,Internet Banking,Aprovada,Uíge,Corrente
TXN000595,CLI0159,Recebimento de Salário,-165101.15,2024-09-03 15:35:39,ATM,Recusada,Uíge,Empresarial
TXN000283,CLI0071,Pagamento de Serviço,232463.6,2023-12-20 05:19:20,Agente Bancário,Aprovada,Lubango,Empresarial
TXN002277,CLI0039,Pagamento de Serviço,170067.07,2023-12-08 13:25:48,ATM,Aprovada,Kuito,Corrente
TXN003751,CLI0111,PAGAMENTO DE EMPRÉSTIMO,2118.65,2024-03-04 12:34:47,Internet Banking,Aprovada,Huambo,Empresarial
TXN003261,CLI0036,Compra com Cartão,85080.94,2023-02-11 15:06:42,App Mobile,Aprovada,Lubango,Poupança
TXN001689,CLI0068,Pagamento de Empréstimo,143991.33,2024-04-01 08:34:31,Balcão,Recusada,Malanje,Jovem
TXN002068,CLI0054,Pagamento de Empréstimo,221684.92,2023-08-19 02:22:57,App Mobile,Recusada,Cabinda,Poupança
TXN000449,CLI0141,Pagamento de Renda,33422.59,2024-03-16 14:20:14,Internet Banking,Aprovada,Malanje,Jovem
TXN003804,CLI0013,Recarga de Telemóvel,186297.38,2023-02-15 00:36:56,App Mobile,Aprovada,Benguela,Poupança
TXN003589,CLI0031,Transferência,225327.39,2023-11-23 15:14:47,Agente Bancário,Aprovada,Uíge,Poupança
TXN001117,CLI0028,Levantamento,152150.5,2024-01-06 06:20:12,App Mobile,Pendente,Kuito,Poupança
TXN000737,CLI0183,Levantamento,164135.6,2024-08-27 02:56:43,Balcão,Aprovada,Saurimo,Corrente
TXN000638,CLI0146,Transferência,81426.4,2024-04-10 22:20:02,App Mobile,Aprovada,Sumbe,Corrente
TXN003402,CLI0171,Pagamento de Empréstimo,39549.49,2024-04-11 01:27:03,App Mobile,Recusada,Benguela,Corrente
TXN004459,CLI0092,Pagamento de Renda,25188.92,2023-03-08 06:08:52,Agente Bancário,Aprovada,Benguela,Poupança
TXN003458,CLI0027,Pagamento de Empréstimo,71340.26,2023-07-22 21:47:20,ATM,Aprovada,Sumbe,Corrente
TXN000139,CLI0081,Transferência,21520.05,2024-05-15 16:35:54,ATM,Aprovada,Uíge,Empresarial
TXN001331,CLI0196,Recebimento de Salário,20762.92,2023-02-28 07:09:32,Agente Bancário,Aprovada,Saurimo,Corrente
TXN000749,cli0008,Pagamento de Serviço,27062.9,2024-02-25 15:33:27,App Mobile,Aprovada,Saurimo,Poupança
TXN000463,CLI0191,Pagamento de Empréstimo,109299.09,2024-03-15 07:04:28,Agente Bancário,Aprovada,Benguela,Corrente
TXN002183,CLI0094,Recarga de Telemóvel,127219.19,2024-12-18 22:25:05,Internet Banking,Aprovada,Luanda,Empresarial
TXN002830,CLI0166,Compra com Cartão,67591.7,2024-07-21 14:11:14,Internet Banking,Recusada,Uíge,Empresarial
TXN000414,CLI0114,COMPRA COM CARTÃO,18067.88,2023-02-26 15:19:05,Balcão,,Malanje,Jovem
TXN004158,CLI0079,Compra com Cartão,200587.42,2023-05-17 02:15:38,Internet Banking,Aprovada,Malanje,Poupança
TXN001769,CLI0074,Recarga de Telemóvel,16660.83,2024-07-16 08:37:48,Agente Bancário,Aprovada,Huambo,Corrente
TXN001911,CLI0005,Pagamento de Serviço,37828.02,2024-02-29 00:54:16,Agente Bancário,Pendente,Malanje,Poupança
TXN003046,CLI0138,Pagamento de Serviço,12021.34,2024-04-15 11:58:43,Internet Banking,Pendente,Malanje,Empresarial
TXN004822,CLI0017,Pagamento de Empréstimo,225437.17,2024-10-28 15:05:25,App Mobile,Aprovada,Huambo,Jovem
TXN002179,CLI0199,Pagamento de Renda,95417.14,2024-07-13 12:30:15,App Mobile,Aprovada,Kuito,Poupança
TXN002992,CLI0015,Compra com Cartão,200798.36,2023-03-20 12:39:21,ATM,Recusada,Kuito,Empresarial
TXN000427,CLI0178,Transferência,68101.96,2024-05-11 23:12:56,ATM,Aprovada,Saurimo,Poupança
TXN004457,CLI0021,Depósito,70718.72,2023-11-03 11:16:14,Internet Banking,Aprovada,Huambo,Corrente
TXN002150,CLI0053,Pagamento de Serviço,125348.22,2024-01-30 06:21:05,App Mobile,Aprovada,Cabinda,Poupança
TXN001380,CLI0181,Levantamento,45575.97,2024-09-03 05:18:25,Internet Banking,Aprovada,Lubango,Empresarial
TXN003096,CLI0084,Recebimento de Salário,232188.17,2024-09-02 05:24:38,Balcão,Aprovada,Kuito,Poupança
TXN002733,CLI0055,Recarga de Telemóvel,186853.16,2023-05-03 12:32:09,Balcão,Aprovada,Uíge,Poupança
TXN000761,CLI0188,Levantamento,100679.36,2023-06-04 22:24:32,Internet Banking,Aprovada,Benguela,Poupança
TXN003664,CLI0164,Depósito,139167.69,2024-07-16 23:13:57,Agente Bancário,Aprovada,Cabinda,Empresarial
TXN000063,CLI0014,Levantamento,118364.77,2024-07-11 04:31:24,Internet Banking,Aprovada,Sumbe,Jovem
TXN003877,CLI0108,Compra com Cartão,100898.81,2023-07-16 09:44:19,Balcão,Recusada,Lubango,Corrente
TXN000258,CLI0036,RECARGA DE TELEMÓVEL,221640.79,2024-07-23 18:15:45,ATM,Aprovada,Lubango,Poupança
TXN002344,CLI0018,Transferência,69695.53,2024-06-18 09:06:27,Agente Bancário,Pendente,Kuito,Empresarial
TXN000396,CLI0091,Pagamento de Serviço,2353.78,2024-04-14 14:03:44,ATM,Aprovada,Lubango,Corrente
TXN002970,CLI0040,Compra com Cartão,6422.05,2023-07-16 09:02:19,Balcão,Pendente,Kuito,Poupança
TXN003764,CLI0048,Pagamento de Renda,124093.55,2024-06-28 13:25:32,Agente Bancário,Aprovada,Malanje,Corrente
TXN004795,CLI0178,Depósito,66981.45,2023-03-22 09:56:33,Agente Bancário,Aprovada,Saurimo,Poupança
TXN001526,CLI0011,Recebimento de Salário,1901.84,2023-07-09 17:48:28,Balcão,Aprovada,Huambo,Poupança
TXN000034,CLI0015,Levantamento,200373.45,2024-02-03 12:36:59,Internet Banking,Aprovada,Kuito,Empresarial
TXN003901,CLI0186,Recarga de Telemóvel,-129848.85,2023-12-13 04:24:33,ATM,Recusada,Saurimo,Poupança
TXN003533,CLI0122,Pagamento de Empréstimo,169261.0,2024-08-17 03:34:26,ATM,Aprovada,Lubango,Empresarial
TXN001191,CLI0104,Compra com Cartão,224663.92,2023-08-14 18:38:44,ATM,Pendente,Uíge,Jovem
TXN000861,CLI0142,Recebimento de Salário,106246.84,2023-12-27 00:18:48,App Mobile,Recusada,Kuito,Jovem
TXN004033,CLI0130,Depósito,184872.64,2023-02-08 08:01:51,Agente Bancário,Aprovada,Uíge,Empresarial
TXN003277,CLI0135,Compra com Cartão,18556.45,2023-08-26 16:45:28,App Mobile,Aprovada,Malanje,Jovem
TXN003379,CLI0082,Levantamento,146750.27,2023-09-09 03:55:25,App Mobile,Aprovada,Uíge,Corrente
TXN002517,CLI0128,Pagamento de Renda,175768.89,2023-09-04 10:13:48,Balcão,Aprovada,Luanda,Poupança
TXN002527,CLI0158,Pagamento de Renda,34862.82,2023-08-18 01:49:53,Balcão,Recusada,Lubango,Jovem
TXN003582,CLI0006,Pagamento de Serviço,152726.83,2024-09-21 21:19:26,Internet Banking,Aprovada,Uíge,Corrente
TXN004460,CLI0157,Depósito,227019.95,2024-07-04 06:54:47,Internet Banking,Recusada,Malanje,Jovem
TXN003587,CLI0051,Pagamento de Serviço,5086.49,2024-03-26 02:59:03,App Mobile,Pendente,Cabinda,Poupança
TXN004450,CLI0108,Pagamento de Electricidade,186399.63,2024-06-19 17:33:26,Agente Bancário,Aprovada,Lubango,Corrente
TXN004889,CLI0005,Levantamento,91378.81,2023-06-18 20:22:45,ATM,Aprovada,Malanje,Poupança
TXN003614,CLI0044,Recebimento de Salário,95663.4,2024-03-01 22:57:12,Internet Banking,Pendente,Benguela,Corrente
TXN000054,CLI0101,Pagamento de Electricidade,127075.09,2023-09-19 06:27:20,,Recusada,Lubango,Jovem
TXN002538,CLI0117,Pagamento de Renda,230347.85,2023-09-29 17:31:02,App Mobile,Aprovada,Sumbe,Jovem
TXN003828,CLI0048,Pagamento de Renda,243481.43,2024-06-20 06:41:14,ATM,Recusada,Malanje,Corrente
TXN002868,CLI0135,Pagamento de Renda,237493.21,2024-12-25 02:39:39,Balcão,Aprovada,Malanje,Jovem
TXN004446,CLI0073,Recebimento de Salário,78135.64,2024-01-03 16:37:48,Balcão,Pendente,Saurimo,Poupança
TXN000228,CLI0163,Compra com Cartão,175672.97,2023-10-18 09:49:17,Agente Bancário,Recusada,Malanje,Empresarial
TXN002268,CLI0095,Pagamento de Electricidade,82252.72,2024-02-06 15:52:11,,Recusada,Lubango,Corrente
TXN004309,CLI0178,Recebimento de Salário,33284.26,2024-10-19 12:38:17,Agente Bancário,Recusada,Saurimo,Poupança
TXN003269,CLI0103,Pagamento de Serviço,228756.38,2024-12-03 14:34:24,Balcão,,Malanje,Empresarial
TXN004661,CLI0087,Recebimento de Salário,37439.93,2023-01-01 07:32:39,App Mobile,Pendente,Uíge,Poupança
TXN004031,CLI0170,Depósito,32981.8,2024-09-27 22:49:17,ATM,Aprovada,Uíge,Corrente
TXN003297,cli0054,Pagamento de Renda,94900.96,2024-04-10 03:50:55,App Mobile,Aprovada,Cabinda,Poupança
TXN002562,CLI0178,Pagamento de Empréstimo,112897.33,2024-04-28 22:50:48,Balcão,Aprovada,Saurimo,Poupança
TXN003383,CLI0084,Pagamento de Serviço,169040.55,2023-10-17 19:48:22,Internet Banking,Aprovada,Kuito,Poupança
TXN001097,CLI0095,Levantamento,75376.08,2024-04-29 16:46:58,ATM,Aprovada,Lubango,Corrente
TXN001729,CLI0065,Pagamento de Empréstimo,198190.62,2023-11-13 12:35:12,App Mobile,Pendente,Benguela,Empresarial
TXN004656,CLI0089,Pagamento de Renda,7555.16,2023-09-29 10:01:14,Internet Banking,Aprovada,Uíge,Empresarial
TXN001431,CLI0152,Compra com Cartão,106156.89,2024-06-04 17:23:30,ATM,Recusada,Cabinda,Jovem
TXN003873,CLI0121,Pagamento de Empréstimo,144141.98,2023-05-29 15:45:33,Balcão,Aprovada,Lubango,Empresarial
TXN001289,CLI0074,RECARGA DE TELEMÓVEL,95171.59,2023-09-01 23:30:09,,Aprovada,Huambo,Corrente
TXN004692,CLI0104,Pagamento de Empréstimo,21930.15,2023-06-30 18:09:04,Balcão,Aprovada,Uíge,Jovem
TXN002436,CLI0042,Compra com Cartão,59451.26,2024-08-28 08:33:18,,Pendente,Lubango,Corrente
TXN003306,CLI0107,Pagamento de Renda,77852.52,2024-04-13 11:37:03,Agente Bancário,Aprovada,Kuito,Empresarial
TXN000712,CLI0010,Compra com Cartão,4906.51,2023-11-28 02:51:48,ATM,Aprovada,Cabinda,Poupança
TXN003689,CLI0059,Pagamento de Serviço,77616.09,2024-06-29 10:23:39,ATM,Recusada,Lubango,Jovem
TXN004864,CLI0183,Levantamento,189984.04,2024-12-15 17:17:56,Balcão,Aprovada,Saurimo,Corrente
TXN000943,CLI0103,Pagamento de Empréstimo,218234.61,2024-07-21 07:07:22,App Mobile,Pendente,Malanje,Empresarial
TXN000566,CLI0079,Compra com Cartão,-185045.25,2024-09-28 05:35:52,ATM,Aprovada,Malanje,Poupança
TXN000328,CLI0081,Recarga de Telemóvel,191164.0,2023-11-17 06:38:09,App Mobile,Aprovada,Uíge,Empresarial
TXN004612,CLI0048,Recebimento de Salário,-177459.37,2023-11-14 03:58:10,Agente Bancário,Recusada,Malanje,Corrente
TXN004805,CLI0114,Levantamento,71672.03,2024-11-03 13:20:03,App Mobile,Recusada,Malanje,Jovem
TXN004046,CLI0014,Transferência,57968.36,2024-08-27 15:07:07,Balcão,Aprovada,Sumbe,Jovem
TXN001067,CLI0161,Recebimento de Salário,21056.03,2023-10-20 21:02:14,Internet Banking,Aprovada,Lubango,Empresarial
TXN001797,CLI0107,Recebimento de Salário,111607.23,2023-01-08 23:44:14,App Mobile,Aprovada,Kuito,Empresarial
TXN004779,CLI0094,Compra com Cartão,246526.78,2024-09-18 11:32:13,App Mobile,Aprovada,Luanda,Empresarial
TXN003630,CLI0192,Pagamento de Serviço,195246.82,2023-04-14 02:42:30,Internet Banking,Aprovada,Luanda,Empresarial
TXN003481,CLI0042,Levantamento,238477.63,2023-12-10 17:15:29,App Mobile,Aprovada,Lubango,Corrente
TXN002148,CLI0030,Levantamento,175673.7,2024-08-01 19:56:16,,Aprovada,Sumbe,Poupança
TXN004965,CLI0100,Transferência,189107.64,2023-09-10 03:35:01,ATM,Pendente,Saurimo,Empresarial
TXN002995,CLI0095,Pagamento de Electricidade,5882.7,2023-02-14 04:07:27,Balcão,Aprovada,Lubango,Corrente
TXN000385,CLI0084,Pagamento de Renda,119095.92,2023-02-20 18:29:44,Internet Banking,Aprovada,Kuito,Poupança
TXN001743,CLI0157,Depósito,143148.45,2024-02-09 17:51:50,Balcão,Recusada,Malanje,Jovem
TXN000872,CLI0129,Pagamento de Electricidade,134972.36,2023-11-21 17:34:41,Agente Bancário,Pendente,Saurimo,Jovem
TXN003387,CLI0192,Levantamento,233965.32,2024-08-06 02:02:14,Internet Banking,Aprovada,Luanda,Empresarial
TXN004696,CLI0040,Pagamento de Electricidade,140528.23,2024-01-13 17:37:31,App Mobile,Pendente,Kuito,Poupança
TXN004743,cli0120,Pagamento de Empréstimo,151565.92,2024-04-09 09:02:36,Internet Banking,Pendente,Benguela,Poupança
TXN000022,CLI0024,Pagamento de Serviço,7154.21,2024-12-23 17:15:14,Internet Banking,Aprovada,Sumbe,Corrente
TXN002213,CLI0041,Transferência,134086.59,2023-07-02 13:06:59,Balcão,Aprovada,Saurimo,Corrente
TXN003276,CLI0009,Pagamento de Serviço,237712.0,2024-07-08 01:25:39,Balcão,Aprovada,Lubango,Corrente
TXN004003,cli0061,Depósito,248356.42,2023-04-01 00:58:56,Internet Banking,Aprovada,Malanje,Poupança
TXN000711,CLI0051,Pagamento de Renda,125832.32,2024-07-21 08:42:00,Balcão,Pendente,Cabinda,Poupança
TXN002337,CLI0192,Pagamento de Serviço,100361.16,2023-11-07 00:21:29,App Mobile,Recusada,Luanda,Empresarial
TXN000364,CLI0015,Pagamento de Empréstimo,8591.81,2024-10-25 04:31:53,Balcão,Aprovada,Kuito,Empresarial
TXN000250,CLI0150,Depósito,125957.82,2024-12-21 20:03:50,Balcão,Aprovada,Benguela,Jovem
TXN002657,CLI0066,Recarga de Telemóvel,14978.83,2023-09-25 22:11:31,Internet Banking,Aprovada,Malanje,Jovem
TXN003103,CLI0118,Pagamento de Electricidade,126692.08,2023-12-07 10:32:08,Balcão,Aprovada,Saurimo,Corrente
TXN003900,CLI0196,Pagamento de Renda,230322.08,2024-02-17 05:59:12,Agente Bancário,Aprovada,Saurimo,Corrente
TXN000077,CLI0097,Recebimento de Salário,218701.15,2024-05-29 00:42:25,Balcão,Pendente,Uíge,Empresarial
TXN001793,CLI0072,Recebimento de Salário,9651.28,2023-04-20 18:53:18,Internet Banking,Aprovada,Lubango,Jovem
TXN002408,CLI0034,Pagamento de Empréstimo,139504.14,2024-01-08 13:43:14,App Mobile,Aprovada,Huambo,Empresarial
TXN002055,CLI0170,Levantamento,78231.86,2024-10-20 23:42:34,Balcão,Aprovada,Uíge,Corrente
TXN003890,CLI0001,Pagamento de Renda,189773.55,2024-10-11 02:21:44,Agente Bancário,Aprovada,Malanje,Poupança
TXN002480,CLI0144,Levantamento,230446.64,2023-09-23 11:43:33,App Mobile,Aprovada,Sumbe,Jovem
TXN001350,cli0061,Recebimento de Salário,72556.62,2024-02-25 20:57:30,Agente Bancário,Recusada,Malanje,Poupança
TXN000587,CLI0191,Levantamento,142690.87,2024-12-26 02:52:59,ATM,Aprovada,Benguela,Corrente
TXN003608,CLI0008,Depósito,21184.93,2023-02-10 20:22:45,App Mobile,Aprovada,Saurimo,Poupança
TXN001162,CLI0011,Compra com Cartão,27863.81,2023-11-28 10:51:13,,Aprovada,Huambo,Poupança
TXN004733,CLI0084,Recarga de Telemóvel,107160.88,2024-01-09 12:16:04,ATM,Aprovada,Kuito,Poupança
TXN003014,CLI0128,Pagamento de Electricidade,181614.22,2023-11-18 16:07:09,App Mobile,Recusada,Luanda,Poupança
TXN001926,CLI0190,Pagamento de Serviço,34246.28,2023-10-11 09:02:40,Balcão,Aprovada,Malanje,Empresarial
TXN001134,CLI0107,RECARGA DE TELEMÓVEL,147622.33,2023-06-05 10:35:21,Balcão,Aprovada,Kuito,Empresarial
TXN001255,CLI0070,Pagamento de Electricidade,59858.97,2024-03-01 07:19:42,ATM,Aprovada,Huambo,Corrente
TXN003774,CLI0005,Compra com Cartão,217231.36,2023-07-09 21:46:14,ATM,Pendente,Malanje,Poupança
TXN001463,CLI0168,Pagamento de Empréstimo,84965.53,2023-12-29 21:41:15,App Mobile,Pendente,Cabinda,Corrente
TXN000573,CLI0047,Compra com Cartão,238065.1,2023-08-27 07:03:31,Balcão,Aprovada,Kuito,Corrente
TXN002002,CLI0054,Levantamento,91829.85,2024-01-22 23:29:02,App Mobile,Recusada,Cabinda,Poupança
TXN000217,CLI0119,Depósito,10341.41,2024-11-09 23:09:32,Balcão,Aprovada,Lubango,Empresarial
TXN003131,CLI0011,Pagamento de Empréstimo,82254.43,2023-09-08 01:13:23,Agente Bancário,Aprovada,Huambo,Poupança
TXN000297,CLI0093,Recarga de Telemóvel,5448.92,2023-09-25 07:14:23,Agente Bancário,Aprovada,Saurimo,Corrente
TXN004794,CLI0183,Recarga de Telemóvel,179730.12,2023-04-17 15:11:46,Internet Banking,Pendente,Saurimo,Corrente
TXN004135,CLI0153,Levantamento,247802.36,2024-10-16 08:25:05,Agente Bancário,Aprovada,Huambo,Poupança
TXN001545,CLI0031,Recebimento de Salário,14441.33,2024-01-25 04:56:33,Internet Banking,Aprovada,Uíge,Poupança
TXN000274,CLI0022,COMPRA COM CARTÃO,-64822.34,2023-11-14 09:43:36,Agente Bancário,Recusada,Huambo,Corrente
TXN002900,CLI0091,Pagamento de Electricidade,59570.29,2024-07-28 09:13:04,Balcão,Aprovada,Lubango,Corrente
TXN002887,CLI0033,Pagamento de Renda,22203.66,2024-09-13 06:16:59,App Mobile,Aprovada,Cabinda,Corrente
TXN001578,CLI0183,Recarga de Telemóvel,188718.14,2023-03-24 10:25:02,Balcão,Pendente,Saurimo,Corrente
TXN003947,CLI0156,Compra com Cartão,229368.82,2024-05-09 22:22:22,Agente Bancário,Aprovada,Benguela,Jovem
TXN001312,CLI0102,Recebimento de Salário,130075.14,2023-02-06 00:10:59,Internet Banking,Pendente,Sumbe,Empresarial
TXN004542,cli0175,Pagamento de Renda,112133.19,2024-02-14 21:28:41,App Mobile,Aprovada,Cabinda,Empresarial
TXN003132,CLI0114,Pagamento de Serviço,141394.61,2023-05-26 13:21:22,ATM,Recusada,Malanje,Jovem
TXN003780,CLI0094,Depósito,108759.29,2023-01-06 14:13:46,Agente Bancário,Recusada,Luanda,Empresarial
TXN001735,CLI0082,Recarga de Telemóvel,201453.09,2023-05-13 14:37:44,Agente Bancário,Aprovada,Uíge,Corrente
TXN001864,CLI0036,Levantamento,162153.97,2023-07-23 18:46:38,Internet Banking,Aprovada,Lubango,Poupança
TXN003535,CLI0193,Pagamento de Empréstimo,189344.96,2024-08-19 15:05:22,Internet Banking,Aprovada,Luanda,Empresarial
TXN002840,CLI0015,Compra com Cartão,173433.0,2024-08-30 05:06:10,Agente Bancário,Aprovada,Kuito,Empresarial
TXN000639,CLI0195,Pagamento de Empréstimo,4903.38,2023-09-18 06:48:50,Internet Banking,Aprovada,Cabinda,Corrente
TXN004299,CLI0089,Pagamento de Serviço,150211.92,2024-05-18 02:46:46,App Mobile,Pendente,Uíge,Empresarial
TXN000989,CLI0114,Pagamento de Empréstimo,194808.55,2023-05-31 08:52:54,Agente Bancário,Aprovada,Malanje,Jovem
TXN000346,CLI0066,Recebimento de Salário,56782.88,2023-08-06 15:11:30,Balcão,Recusada,Malanje,Jovem
TXN002421,CLI0061,Pagamento de Serviço,210523.41,2023-12-16 11:55:24,ATM,Recusada,Malanje,Poupança
TXN003658,CLI0151,Depósito,41275.91,2024-11-03 07:43:04,App Mobile,Pendente,Malanje,Corrente
TXN001527,CLI0030,Levantamento,55376.04,2023-12-11 22:05:54,Internet Banking,Aprovada,Sumbe,Poupança
TXN001914,CLI0154,Pagamento de Serviço,85965.18,2023-07-03 20:58:00,ATM,Pendente,Lubango,Jovem
TXN001893,CLI0064,Levantamento,132206.11,2024-04-13 11:01:08,App Mobile,Aprovada,Uíge,Corrente
TXN001815,CLI0151,Pagamento de Empréstimo,642.35,2024-07-15 09:42:24,Balcão,Aprovada,Malanje,Corrente
TXN003988,CLI0107,Pagamento de Electricidade,249704.67,2023-07-16 10:16:39,App Mobile,Aprovada,Kuito,Empresarial
TXN004658,CLI0049,Depósito,238457.67,2023-08-06 16:24:45,App Mobile,Aprovada,Saurimo,Poupança
TXN002835,CLI0088,Transferência,195418.86,2024-04-30 10:44:31,Internet Banking,Recusada,Cabinda,Poupança
TXN004131,CLI0200,Pagamento de Empréstimo,122772.76,2023-08-20 12:21:56,Agente Bancário,Aprovada,Malanje,Empresarial
TXN001010,cli0024,Recarga de Telemóvel,127429.45,2023-07-18 06:50:55,App Mobile,Aprovada,Sumbe,Corrente
TXN003951,CLI0173,Levantamento,18834.74,2024-01-04 19:23:45,ATM,Aprovada,Benguela,Jovem
TXN002283,CLI0199,Pagamento de Serviço,15018.12,2024-04-01 23:50:08,Balcão,Recusada,Kuito,Poupança
TXN003242,CLI0148,Recebimento de Salário,55149.26,2024-02-11 18:01:27,Internet Banking,Aprovada,Kuito,Jovem
TXN004858,CLI0179,Pagamento de Empréstimo,109524.96,2024-11-26 13:25:27,App Mobile,Aprovada,Luanda,Empresarial
TXN004445,CLI0137,Pagamento de Serviço,23703.95,2024-02-20 13:12:17,Internet Banking,Aprovada,Benguela,Jovem
TXN004188,CLI0111,Pagamento de Empréstimo,77354.51,2023-11-10 10:47:57,ATM,Pendente,Huambo,Empresarial
TXN000771,CLI0118,Recebimento de Salário,148925.51,2024-03-05 08:04:24,App Mobile,Aprovada,Saurimo,Corrente
TXN000979,CLI0125,Transferência,121257.61,2023-05-17 05:27:26,Agente Bancário,Aprovada,Sumbe,Empresarial
TXN002594,CLI0099,Pagamento de Electricidade,41857.99,2024-05-18 15:54:45,App Mobile,Pendente,Huambo,Empresarial
TXN004693,CLI0129,Pagamento de Renda,187308.98,2024-02-17 22:36:39,Agente Bancário,Aprovada,Saurimo,Jovem
TXN000430,CLI0128,Transferência,11257.34,2024-12-17 15:52:19,ATM,Pendente,Luanda,Poupança
TXN002001,CLI0198,Recebimento de Salário,5901.41,2024-09-24 13:34:55,Internet Banking,Aprovada,Uíge,Corrente
TXN002020,cli0103,Pagamento de Renda,227695.94,2024-02-19 08:08:13,ATM,Aprovada,Malanje,Empresarial
TXN004413,CLI0032,Depósito,159226.44,2023-08-22 04:15:31,Balcão,Aprovada,Uíge,Jovem
TXN001441,CLI0180,Depósito,239058.99,2024-12-05 01:03:45,ATM,Aprovada,Huambo,Corrente
TXN001264,CLI0200,Pagamento de Serviço,246630.03,2023-06-20 00:05:10,Internet Banking,Aprovada,Malanje,Empresarial
TXN001764,CLI0122,Pagamento de Renda,144756.18,2023-05-04 23:58:26,Balcão,Pendente,Lubango,Empresarial
TXN004454,CLI0066,Compra com Cartão,183972.41,2024-10-31 19:05:47,Balcão,Aprovada,Malanje,Jovem
TXN003511,CLI0109,Compra com Cartão,199250.32,2023-02-26 22:10:04,ATM,Pendente,Huambo,Poupança
TXN002320,CLI0023,Levantamento,2775.82,2023-10-24 20:32:54,ATM,Recusada,Malanje,Poupança
TXN001892,CLI0157,Transferência,75626.42,2023-01-10 14:21:24,App Mobile,Aprovada,Malanje,Jovem
TXN004927,CLI0165,Pagamento de Serviço,179062.42,2023-09-05 00:04:33,Internet Banking,Pendente,Cabinda,Corrente
TXN000732,CLI0123,Pagamento de Electricidade,83273.2,2023-08-27 18:04:17,Internet Banking,Aprovada,Kuito,Poupança
TXN000021,CLI0096,Recarga de Telemóvel,129219.39,2024-10-19 00:34:29,Balcão,Pendente,Malanje,Corrente
TXN002328,CLI0103,Compra com Cartão,120167.69,2023-06-19 22:55:49,App Mobile,Recusada,Malanje,Empresarial
TXN000793,CLI0175,Recebimento de Salário,49682.25,2023-06-03 21:47:29,App Mobile,Aprovada,Cabinda,Empresarial
TXN002573,CLI0150,Pagamento de Serviço,8774.57,2024-04-20 01:04:35,App Mobile,Aprovada,Benguela,Jovem
TXN002062,CLI0095,Pagamento de Renda,107461.47,2024-10-30 03:02:05,Internet Banking,Aprovada,Lubango,Corrente
TXN002449,CLI0045,Recarga de Telemóvel,61884.83,2023-11-15 03:07:00,ATM,Aprovada,Lubango,Empresarial
TXN003111,CLI0093,Levantamento,176965.46,2024-04-27 19:09:00,Agente Bancário,Aprovada,Saurimo,Corrente
TXN001994,CLI0058,Pagamento de Serviço,111799.72,2024-06-20 08:10:11,App Mobile,Aprovada,Sumbe,Empresarial
TXN001847,CLI0093,Pagamento de Renda,214733.94,2023-11-24 18:27:38,Internet Banking,Aprovada,Saurimo,Corrente
TXN003116,CLI0021,Transferência,61479.37,2023-05-23 14:23:02,Internet Banking,Aprovada,Huambo,Corrente
TXN000055,CLI0029,Recebimento de Salário,224742.39,2024-09-10 20:35:10,Agente Bancário,Aprovada,Benguela,Corrente
TXN002768,CLI0002,Pagamento de Electricidade,219606.09,2024-12-16 15:20:08,Balcão,Aprovada,Saurimo,Jovem
TXN003744,CLI0026,Pagamento de Electricidade,86885.92,2024-10-16 15:04:57,App Mobile,Recusada,Lubango,Empresarial
TXN001857,CLI0169,Compra com Cartão,204210.87,2023-10-17 12:52:50,Balcão,Recusada,Cabinda,Poupança
TXN004713,CLI0021,Transferência,125704.11,2024-01-25 10:56:03,App Mobile,Aprovada,Huambo,Corrente
TXN000113,CLI0166,Recebimento de Salário,3131.67,2023-03-24 06:56:58,App Mobile,Aprovada,Uíge,Empresarial
TXN003171,CLI0168,Compra com Cartão,219174.06,2023-01-19 03:04:39,Balcão,Recusada,Cabinda,Corrente
TXN004777,CLI0006,Transferência,26606.36,2023-07-08 04:41:33,ATM,Aprovada,Uíge,Corrente
TXN002566,CLI0004,Recebimento de Salário,183868.26,2023-12-06 21:26:42,App Mobile,Aprovada,Saurimo,Empresarial
TXN000866,CLI0045,Transferência,58551.78,2023-02-08 12:13:55,Agente Bancário,Pendente,Lubango,Empresarial
TXN000318,CLI0113,Pagamento de Serviço,89862.79,2023-10-21 10:07:24,Balcão,Pendente,Saurimo,Empresarial
TXN004372,CLI0006,Levantamento,102133.87,2024-09-18 19:32:12,App Mobile,Aprovada,Uíge,Corrente
TXN003703,CLI0113,Pagamento de Electricidade,166058.2,2024-01-20 04:36:29,Agente Bancário,Aprovada,Saurimo,Empresarial
TXN000853,CLI0004,Pagamento de Serviço,32115.62,2023-02-14 00:07:05,Balcão,Aprovada,Saurimo,Empresarial
TXN001388,CLI0150,Pagamento de Renda,43995.48,2024-03-19 13:01:01,Balcão,Aprovada,Benguela,Jovem
TXN001420,CLI0151,Compra com Cartão,228187.69,2024-12-22 18:40:51,Agente Bancário,Aprovada,Malanje,Corrente
TXN002074,CLI0156,Pagamento de Electricidade,821.56,2023-01-25 19:35:13,Agente Bancário,Aprovada,Benguela,Jovem
TXN003356,cli0093,Pagamento de Renda,99516.76,2024-02-27 14:32:09,App Mobile,Aprovada,Saurimo,Corrente
TXN000223,CLI0170,Recebimento de Salário,246954.01,2024-11-23 21:14:19,ATM,Recusada,Uíge,Corrente
TXN001929,CLI0192,Recarga de Telemóvel,71685.67,22/06/2024 15:30,Agente Bancário,Aprovada,Luanda,Empresarial
TXN000302,CLI0141,Depósito,191366.59,2024-02-11 23:44:49,Balcão,Aprovada,Malanje,Jovem
TXN001801,CLI0108,Levantamento,112618.32,2024-10-25 03:08:09,App Mobile,Recusada,Lubango,Corrente
TXN003040,CLI0019,Transferência,219764.24,2023-06-15 06:09:16,App Mobile,Recusada,Kuito,Empresarial
TXN000609,CLI0131,Pagamento de Empréstimo,45160.13,2023-12-27 14:34:09,Internet Banking,Recusada,Sumbe,Empresarial
TXN001501,CLI0124,Compra com Cartão,196409.29,2024-03-21 20:10:55,Balcão,Recusada,Luanda,Poupança
TXN004361,CLI0131,Pagamento de Electricidade,27577.52,2023-02-23 16:01:12,Internet Banking,Aprovada,Sumbe,Empresarial
TXN003030,CLI0030,Pagamento de Renda,155453.23,2024-09-05 06:27:45,App Mobile,Aprovada,Sumbe,Poupança
TXN000893,CLI0194,Compra com Cartão,62225.37,2023-09-10 17:50:26,Internet Banking,Aprovada,Lubango,Poupança
TXN000974,CLI0087,Transferência,66494.67,2023-06-13 04:16:04,ATM,Aprovada,Uíge,Poupança
TXN001854,CLI0057,Pagamento de Renda,168154.43,2023-07-23 09:14:32,Agente Bancário,Aprovada,Benguela,Jovem
TXN004651,CLI0109,Recarga de Telemóvel,109749.73,2024-09-27 03:57:56,Internet Banking,Aprovada,Huambo,Poupança
TXN003153,CLI0083,Pagamento de Serviço,220597.03,2024-02-15 08:27:09,Agente Bancário,Recusada,Cabinda,Empresarial
TXN001836,CLI0082,Pagamento de Empréstimo,42608.87,2023-11-01 07:29:49,Balcão,Recusada,Uíge,Corrente
TXN002322,CLI0196,Pagamento de Empréstimo,237709.24,2023-05-11 20:51:07,ATM,Recusada,Saurimo,Corrente
TXN003424,CLI0050,PAGAMENTO DE EMPRÉSTIMO,233209.26,2023-09-01 17:04:06,Agente Bancário,Aprovada,Malanje,Corrente
TXN004574,CLI0122,Levantamento,67034.66,2023-01-29 05:35:24,App Mobile,Pendente,Lubango,Empresarial
TXN002513,CLI0046,Pagamento de Empréstimo,221435.04,2023-04-26 21:00:34,ATM,Recusada,Malanje,Poupança
TXN000380,CLI0031,Compra com Cartão,29057.87,2023-08-01 12:57:40,ATM,Aprovada,Uíge,Poupança
TXN003534,CLI0074,Levantamento,205782.59,2023-04-19 07:14:10,ATM,Aprovada,Huambo,Corrente
TXN003824,CLI0131,Pagamento de Electricidade,70684.77,2023-04-11 20:45:10,Balcão,Pendente,Sumbe,Empresarial
TXN000695,CLI0069,Depósito,62653.35,2024-08-26 22:10:31,App Mobile,Pendente,Uíge,Empresarial
TXN002194,CLI0048,Recarga de Telemóvel,50349.19,2023-12-20 21:30:44,Balcão,Aprovada,Malanje,Corrente
TXN000320,CLI0116,Compra com Cartão,113792.71,2023-10-13 03:28:36,App Mobile,Recusada,Benguela,Jovem
TXN004983,CLI0138,Compra com Cartão,1990.06,2024-01-04 14:41:28,Internet Banking,Aprovada,Malanje,Empresarial
TXN001541,CLI0086,Depósito,49661.84,2023-11-04 11:36:19,Internet Banking,Aprovada,Huambo,Corrente
TXN003887,CLI0017,Transferência,189947.7,2024-08-13 23:09:15,Balcão,Aprovada,Huambo,Jovem
TXN004303,CLI0158,Pagamento de Renda,65800.41,2023-06-11 12:13:25,App Mobile,Recusada,Lubango,Jovem
TXN003057,CLI0026,Recebimento de Salário,163400.53,2023-12-08 21:23:08,App Mobile,Aprovada,Lubango,Empresarial
TXN001288,CLI0041,Levantamento,167201.82,2024-04-11 07:18:11,Agente Bancário,Aprovada,Saurimo,Corrente
TXN003896,CLI0013,Pagamento de Renda,4265.57,2023-07-08 16:39:46,Agente Bancário,Aprovada,Benguela,Poupança
TXN004944,CLI0188,Recarga de Telemóvel,124910.64,2024-02-25 07:07:46,Balcão,Recusada,Benguela,Poupança
TXN000409,CLI0026,Recarga de Telemóvel,88203.35,2023-12-13 08:57:54,Balcão,Pendente,Lubango,Empresarial
TXN000195,CLI0192,Levantamento,12887.94,2023-10-28 06:06:23,App Mobile,Aprovada,Luanda,Empresarial
TXN001194,CLI0098,Pagamento de Empréstimo,176922.58,2023-03-11 21:12:32,Balcão,Aprovada,Sumbe,Corrente
TXN001509,cli0021,Pagamento de Empréstimo,141360.48,2023-06-09 23:55:53,Internet Banking,Aprovada,Huambo,Corrente
TXN003083,CLI0018,Pagamento de Empréstimo,52319.68,2023-03-18 06:59:22,Balcão,Pendente,Kuito,Empresarial
TXN004214,cli0014,Depósito,36208.53,2024-09-22 08:41:42,Balcão,Aprovada,Sumbe,Jovem
TXN001754,CLI0159,Levantamento,175454.27,2024-03-04 11:41:47,Agente Bancário,Aprovada,Uíge,Empresarial
TXN002255,CLI0043,Pagamento de Electricidade,134546.24,2023-06-29 23:26:23,App Mobile,Aprovada,Cabinda,Poupança
TXN002636,CLI0024,Recebimento de Salário,62313.9,2023-06-23 20:47:07,ATM,Recusada,Sumbe,Corrente
TXN000344,CLI0125,Pagamento de Electricidade,50119.36,2023-05-25 19:04:19,Agente Bancário,Aprovada,Sumbe,Empresarial
TXN004828,CLI0055,Compra com Cartão,64513.24,2024-07-08 08:26:17,App Mobile,Recusada,Uíge,Poupança
TXN002230,CLI0103,Depósito,112325.8,2024-06-09 22:54:04,Internet Banking,Aprovada,Malanje,Empresarial
TXN000735,CLI0020,Pagamento de Electricidade,230868.24,2023-10-08 00:05:09,App Mobile,Aprovada,Huambo,Jovem
TXN003653,CLI0119,Pagamento de Empréstimo,151690.77,2024-01-29 04:59:16,Internet Banking,Pendente,Lubango,Empresarial
TXN004965,CLI0100,Transferência,189107.64,2023-09-10 03:35:01,ATM,Pendente,Saurimo,Empresarial
TXN002988,CLI0006,Compra com Cartão,121127.11,2023-11-14 13:36:24,Agente Bancário,Aprovada,Uíge,Corrente
TXN003221,CLI0033,Pagamento de Renda,207701.6,2023-12-17 18:57:17,App Mobile,Aprovada,Cabinda,Corrente
TXN002597,CLI0197,Levantamento,164496.15,2024-04-10 00:47:40,Internet Banking,Aprovada,Malanje,Empresarial
TXN000056,CLI0149,Pagamento de Electricidade,146089.06,2023-02-09 21:19:46,ATM,Pendente,Saurimo,Corrente
TXN000760,CLI0103,Levantamento,115838.5,2024-11-09 23:30:09,ATM,Aprovada,Malanje,Empresarial
TXN000517,CLI0086,Pagamento de Serviço,234860.82,2024-04-15 23:38:21,Internet Banking,Aprovada,Huambo,Corrente
TXN001890,CLI0146,Pagamento de Electricidade,223188.81,2023-05-27 21:53:45,Internet Banking,Aprovada,Sumbe,Corrente
TXN003866,CLI0144,Recarga de Telemóvel,147207.37,2024-10-14 19:13:03,ATM,Aprovada,Sumbe,Jovem
TXN001666,CLI0143,Pagamento de Serviço,76627.76,2024-01-10 17:50:53,Balcão,Aprovada,Uíge,Poupança
TXN003090,CLI0013,Recarga de Telemóvel,167329.24,2023-09-06 05:55:06,Internet Banking,Recusada,Benguela,Poupança
TXN000812,CLI0150,Depósito,27791.81,2024-01-03 01:18:38,Internet Banking,Aprovada,Benguela,Jovem
TXN002514,CLI0119,Pagamento de Electricidade,156342.1,2024-10-18 21:15:36,App Mobile,Recusada,Lubango,Empresarial
TXN003603,CLI0015,Depósito,115562.74,2024-06-22 07:28:28,Balcão,Pendente,Kuito,Empresarial
TXN002266,CLI0184,Pagamento de Renda,120368.4,2023-11-01 14:55:57,Balcão,Aprovada,Sumbe,Corrente
TXN003715,CLI0081,Pagamento de Electricidade,66043.85,2024-05-06 15:52:51,Internet Banking,Aprovada,Uíge,Empresarial
TXN001323,CLI0015,Recebimento de Salário,247510.65,2023-01-18 20:01:04,Agente Bancário,Pendente,Kuito,Empresarial
TXN001259,CLI0179,Depósito,51980.19,2023-09-23 03:21:19,Internet Banking,Aprovada,Luanda,Empresarial
TXN001404,CLI0094,Recebimento de Salário,211662.36,2023-06-14 16:12:05,App Mobile,Aprovada,Luanda,Empresarial
TXN000826,CLI0132,Pagamento de Empréstimo,225028.15,2024-02-26 23:16:42,ATM,Recusada,Cabinda,Empresarial
TXN004597,CLI0173,Pagamento de Serviço,207746.43,2024-10-07 11:18:03,App Mobile,Aprovada,Benguela,Jovem
TXN000148,CLI0161,Levantamento,90350.91,2024-02-01 17:39:51,Internet Banking,Aprovada,Lubango,Empresarial
TXN000806,CLI0102,Recarga de Telemóvel,13762.69,2023-09-17 05:21:19,Internet Banking,Recusada,Sumbe,Empresarial
TXN004672,CLI0187,Pagamento de Serviço,188268.71,2024-12-21 00:19:27,App Mobile,Aprovada,Kuito,Empresarial
TXN004744,CLI0100,Depósito,101030.57,2023-10-26 10:25:49,Agente Bancário,Aprovada,Saurimo,Empresarial
TXN000284,CLI0030,Recarga de Telemóvel,198450.62,2024-09-23 14:09:54,App Mobile,Recusada,Sumbe,Poupança
TXN000473,CLI0149,Pagamento de Empréstimo,125408.29,2024-10-26 04:55:45,App Mobile,Aprovada,Saurimo,Corrente
TXN003303,CLI0062,Pagamento de Electricidade,174697.62,2024-07-29 03:52:05,App Mobile,Aprovada,Saurimo,Jovem
TXN003758,CLI0177,Pagamento de Empréstimo,135136.29,2023-05-24 03:48:27,ATM,Recusada,Lubango,Poupança
TXN002176,CLI0031,Recarga de Telemóvel,-221665.66,11/05/2023 14:30,Balcão,Aprovada,Uíge,Poupança
TXN000340,CLI0190,Depósito,37345.43,2024-12-20 19:29:37,ATM,Recusada,Malanje,Empresarial
TXN004020,CLI0140,Pagamento de Electricidade,216306.99,2023-12-16 21:25:23,Internet Banking,Pendente,Uíge,Empresarial
TXN004117,CLI0095,Transferência,149615.03,2023-04-28 13:04:30,ATM,Aprovada,Lubango,Corrente
TXN002170,CLI0082,Depósito,73081.75,2024-12-27 06:55:43,Balcão,Pendente,Uíge,Corrente
TXN001461,CLI0013,Pagamento de Renda,159071.72,2024-09-28 03:17:05,Agente Bancário,Aprovada,Benguela,Poupança
TXN001212,CLI0017,Pagamento de Serviço,168316.64,2024-12-19 07:55:39,Internet Banking,Aprovada,Huambo,Jovem
TXN001810,CLI0097,Pagamento de Electricidade,202180.81,2024-11-01 07:57:40,ATM,,Uíge,Empresarial
TXN001772,CLI0037,Levantamento,246869.84,2023-02-11 01:35:38,Agente Bancário,Aprovada,Huambo,Jovem
TXN000524,CLI0047,Recebimento de Salário,124778.64,2024-08-19 17:16:54,Balcão,Aprovada,Kuito,Corrente
TXN000322,CLI0083,Recebimento de Salário,131038.53,2023-03-16 18:20:50,App Mobile,Aprovada,Cabinda,Empresarial
TXN001008,CLI0007,Pagamento de Renda,111979.69,2023-02-08 05:25:15,ATM,Aprovada,Sumbe,Corrente
TXN000511,CLI0073,Pagamento de Serviço,45881.37,2023-10-13 12:33:09,Balcão,Aprovada,Saurimo,Poupança
TXN002739,CLI0078,Levantamento,55791.92,2024-04-12 17:24:30,App Mobile,,Kuito,Jovem
TXN000437,CLI0039,Pagamento de Electricidade,10494.64,2023-02-04 08:23:55,Balcão,Aprovada,Kuito,Corrente
TXN004724,CLI0034,Transferência,59141.69,2024-03-31 11:59:05,Balcão,Recusada,Huambo,Empresarial
TXN002192,CLI0075,Pagamento de Empréstimo,189271.45,2024-05-05 19:51:23,Balcão,Aprovada,Huambo,Jovem
TXN003631,CLI0038,TRANSFERÊNCIA,11977.15,2023-10-07 07:11:03,,Aprovada,Uíge,Jovem
TXN000918,CLI0043,Pagamento de Renda,224040.36,2023-03-02 10:03:45,Balcão,Aprovada,Cabinda,Poupança
TXN002161,CLI0200,Pagamento de Renda,1434.6,2024-10-19 17:34:26,App Mobile,Aprovada,Malanje,Empresarial
TXN001472,CLI0117,Recarga de Telemóvel,218596.3,2023-07-18 10:03:33,Agente Bancário,Pendente,Sumbe,Jovem
TXN001921,CLI0019,Pagamento de Electricidade,61348.28,2024-07-20 09:10:25,Agente Bancário,Aprovada,Kuito,Empresarial
TXN004284,CLI0115,Pagamento de Empréstimo,108113.94,2023-05-01 23:36:22,App Mobile,Aprovada,Saurimo,Corrente
TXN001284,CLI0053,Transferência,22801.08,2024-05-09 04:32:53,ATM,Pendente,Cabinda,Poupança
TXN004205,CLI0192,Depósito,116497.18,2024-01-16 00:52:14,App Mobile,Aprovada,Luanda,Empresarial
TXN000885,CLI0154,Depósito,49185.6,2024-09-12 14:17:25,Agente Bancário,Recusada,Lubango,Jovem
TXN003802,CLI0162,Levantamento,200437.55,2023-05-08 02:21:56,Balcão,Recusada,Luanda,Empresarial
TXN003673,CLI0184,Pagamento de Serviço,134617.88,2024-06-05 02:50:54,Agente Bancário,Aprovada,Sumbe,Corrente
TXN000842,CLI0162,Levantamento,-35570.37,2024-09-21 03:39:33,ATM,Aprovada,Luanda,Empresarial
TXN003904,CLI0085,Depósito,8450.15,2024-11-07 06:44:20,Agente Bancário,Recusada,Uíge,Empresarial
TXN003435,CLI0063,Recarga de Telemóvel,232842.92,2024-10-05 01:59:39,Internet Banking,Aprovada,Kuito,Corrente
TXN001296,CLI0134,Pagamento de Electricidade,40068.92,2023-08-20 03:25:07,App Mobile,Aprovada,Sumbe,Jovem
TXN000543,CLI0176,Pagamento de Empréstimo,117382.59,2024-05-25 06:35:14,Agente Bancário,Pendente,Benguela,Poupança
TXN002688,CLI0084,Recebimento de Salário,237671.09,2023-12-21 10:52:53,App Mobile,Pendente,Kuito,Poupança
TXN000290,CLI0148,Compra com Cartão,229043.7,2024-08-16 14:52:56,Internet Banking,Aprovada,Kuito,Jovem
TXN004644,CLI0024,Pagamento de Electricidade,180164.72,2024-02-13 12:29:49,Internet Banking,Aprovada,Sumbe,Corrente
TXN000360,CLI0131,Pagamento de Electricidade,95461.45,2024-03-03 11:11:27,ATM,Aprovada,Sumbe,Empresarial
TXN003663,CLI0008,Recebimento de Salário,104047.99,2024-07-18 18:41:06,Internet Banking,Pendente,Saurimo,Poupança
TXN004209,CLI0117,Transferência,149415.15,2023-11-11 21:35:58,Agente Bancário,Aprovada,Sumbe,Jovem
TXN001659,CLI0161,Depósito,221705.31,2023-08-20 08:32:28,Internet Banking,Pendente,Lubango,Empresarial
TXN001041,CLI0065,Pagamento de Empréstimo,69519.8,2023-07-13 04:07:27,App Mobile,Aprovada,Benguela,Empresarial
TXN004037,CLI0189,Pagamento de Empréstimo,186986.33,2023-03-02 14:34:51,ATM,Pendente,Sumbe,Jovem
TXN002391,CLI0174,Pagamento de Serviço,118368.57,2024-08-15 07:07:14,Balcão,Pendente,Cabinda,Poupança
TXN002504,CLI0045,Recebimento de Salário,166868.89,2023-02-07 05:06:55,Balcão,Aprovada,Lubango,Empresarial
TXN000323,CLI0026,Depósito,97455.41,2024-10-11 13:45:11,Agente Bancário,Pendente,Lubango,Empresarial
TXN002936,CLI0156,Pagamento de Empréstimo,207585.27,2024-05-31 02:23:12,Internet Banking,Aprovada,Benguela,Jovem
TXN004911,CLI0071,Transferência,46931.45,2023-02-13 21:07:49,ATM,Recusada,Lubango,Empresarial
TXN001604,CLI0095,Pagamento de Empréstimo,214856.31,2023-04-13 11:00:43,Internet Banking,Recusada,Lubango,Corrente
TXN001413,CLI0021,Depósito,238494.94,2024-02-17 04:51:20,App Mobile,Aprovada,Huambo,Corrente
TXN003718,CLI0005,Pagamento de Renda,68835.25,2023-03-23 21:03:42,App Mobile,Recusada,Malanje,Poupança
TXN003362,CLI0005,Transferência,143062.27,2024-08-12 01:36:35,Internet Banking,Pendente,Malanje,Poupança
TXN004578,CLI0144,Pagamento de Renda,40829.55,2024-08-27 10:36:03,Internet Banking,Pendente,Sumbe,Jovem
TXN001599,CLI0075,Pagamento de Serviço,196498.37,2023-07-19 22:14:38,App Mobile,Pendente,Huambo,Jovem
TXN001103,CLI0082,Recarga de Telemóvel,32567.19,2024-09-21 17:34:12,Balcão,Aprovada,Uíge,Corrente
TXN003564,CLI0079,Recebimento de Salário,63867.87,2024-02-01 01:08:44,Balcão,Aprovada,Malanje,Poupança
TXN004059,CLI0022,Recebimento de Salário,111831.06,2023-03-05 23:01:40,ATM,Aprovada,Huambo,Corrente
TXN001637,CLI0186,Levantamento,190190.64,2024-02-23 02:49:17,ATM,Pendente,Saurimo,Poupança
TXN002210,CLI0129,Recebimento de Salário,59816.06,2023-02-06 16:26:51,Internet Banking,Aprovada,Saurimo,Jovem
TXN000266,CLI0155,Levantamento,82891.08,2024-09-22 01:21:13,ATM,Aprovada,Malanje,Corrente
TXN001273,CLI0071,Recarga de Telemóvel,-174119.28,2024-08-11 05:35:14,ATM,Pendente,Lubango,Empresarial
TXN002689,CLI0017,Recarga de Telemóvel,222581.51,2024-06-08 09:26:34,Internet Banking,Aprovada,Huambo,Jovem
TXN003908,CLI0167,Levantamento,157734.47,2024-09-17 15:00:06,Internet Banking,Recusada,Benguela,Jovem
TXN001683,CLI0053,Depósito,127881.0,2024-01-15 07:08:17,App Mobile,Aprovada,Cabinda,Poupança
TXN002795,cli0192,Pagamento de Serviço,22542.89,2024-06-13 21:18:13,Internet Banking,Recusada,Luanda,Empresarial
TXN003423,CLI0035,Pagamento de Serviço,234465.26,2023-07-11 19:43:16,Agente Bancário,Aprovada,Benguela,Corrente
TXN000336,CLI0038,Transferência,143074.43,2024-01-05 14:34:25,App Mobile,Aprovada,Uíge,Jovem
TXN004455,CLI0029,Recarga de Telemóvel,225575.71,2023-02-12 16:42:13,ATM,Pendente,Benguela,Corrente
TXN003024,CLI0122,Pagamento de Serviço,45788.03,2023-10-04 14:07:00,Balcão,Aprovada,Lubango,Empresarial
TXN003686,CLI0141,Recarga de Telemóvel,150076.65,2023-10-06 23:02:45,Internet Banking,Aprovada,Malanje,Jovem
TXN003059,CLI0165,Transferência,82718.3,2023-08-30 10:41:04,Agente Bancário,Aprovada,Cabinda,Corrente
TXN003329,CLI0012,Pagamento de Serviço,97999.85,2023-01-17 15:43:02,Internet Banking,Recusada,Cabinda,Corrente
TXN000962,CLI0196,Depósito,122943.84,2024-07-31 22:08:05,App Mobile,Recusada,Saurimo,Corrente
TXN001056,CLI0157,Depósito,193767.92,2023-04-03 23:03:35,App Mobile,Recusada,Malanje,Jovem
TXN001901,CLI0198,Compra com Cartão,198952.97,2023-07-12 13:21:18,Balcão,Aprovada,Uíge,Corrente
TXN003259,CLI0189,Pagamento de Serviço,65164.63,2023-06-23 11:20:53,Balcão,Recusada,Sumbe,Jovem
TXN002166,CLI0042,Pagamento de Renda,40149.37,2024-04-04 22:00:05,,Aprovada,Lubango,Corrente
TXN000624,CLI0171,Pagamento de Renda,234818.99,2024-03-22 16:28:49,,Recusada,Benguela,Corrente
TXN001549,CLI0023,Compra com Cartão,196564.7,2023-06-18 02:46:26,ATM,Aprovada,Malanje,Poupança
TXN003288,CLI0041,Recebimento de Salário,83874.02,2023-05-10 03:01:23,Agente Bancário,Aprovada,Saurimo,Corrente
TXN004579,CLI0150,Pagamento de Serviço,190082.53,2024-04-20 07:43:20,Balcão,Recusada,Benguela,Jovem
TXN002997,CLI0053,Levantamento,27750.57,2023-07-20 06:22:58,Balcão,Aprovada,Cabinda,Poupança
TXN003522,CLI0102,Pagamento de Serviço,222988.81,2024-05-08 07:14:04,Agente Bancário,Recusada,Sumbe,Empresarial
TXN003910,CLI0007,Recarga de Telemóvel,225321.83,2024-06-15 19:35:24,ATM,Aprovada,Sumbe,Corrente
TXN001076,CLI0074,Compra com Cartão,190366.83,2023-03-26 06:26:18,Agente Bancário,Aprovada,Huambo,Corrente
TXN001409,CLI0045,Pagamento de Serviço,27053.04,2024-10-15 16:09:53,App Mobile,Aprovada,Lubango,Empresarial
TXN002135,CLI0149,Pagamento de Electricidade,40225.98,2023-08-08 06:14:31,Agente Bancário,Aprovada,Saurimo,Corrente
TXN001222,CLI0044,Recebimento de Salário,148545.85,2023-07-27 15:23:52,Internet Banking,Aprovada,Benguela,Corrente
TXN004320,CLI0181,Levantamento,236607.37,2024-10-06 00:51:58,Agente Bancário,Pendente,Lubango,Empresarial
TXN003196,CLI0065,Pagamento de Empréstimo,146252.61,2024-10-02 12:53:46,ATM,Aprovada,Benguela,Empresarial
TXN004310,CLI0065,Pagamento de Electricidade,5700.61,19/11/2024 12:01,Balcão,Aprovada,Benguela,Empresarial
TXN002827,CLI0033,Pagamento de Serviço,91296.92,2023-07-16 22:34:54,Internet Banking,Aprovada,Cabinda,Corrente
TXN004357,CLI0091,Compra com Cartão,40222.2,2023-12-09 12:14:35,ATM,Aprovada,Lubango,Corrente
TXN000175,CLI0068,Pagamento de Serviço,87945.05,2023-02-22 15:47:10,ATM,Pendente,Malanje,Jovem
TXN003465,CLI0135,Transferência,117967.85,2023-05-02 10:39:11,Balcão,Aprovada,Malanje,Jovem
TXN004143,CLI0075,LEVANTAMENTO,51610.49,2024-03-15 10:16:22,Balcão,Pendente,Huambo,Jovem
TXN004165,CLI0063,Compra com Cartão,156467.44,2023-08-31 14:58:05,ATM,Aprovada,Kuito,Corrente
TXN004428,CLI0091,Recebimento de Salário,223808.01,2024-06-24 00:26:10,Balcão,Aprovada,Lubango,Corrente
TXN003708,CLI0127,Pagamento de Empréstimo,208045.63,2024-04-23 15:56:00,Internet Banking,Aprovada,Malanje,Corrente
TXN003640,CLI0036,Recarga de Telemóvel,210631.84,2023-09-06 05:49:45,App Mobile,Aprovada,Lubango,Poupança
TXN004191,CLI0147,Pagamento de Serviço,143450.76,2024-07-24 16:57:10,ATM,Aprovada,Malanje,Empresarial
TXN001071,CLI0183,Pagamento de Serviço,-160285.07,2024-03-19 14:55:14,Internet Banking,,Saurimo,Corrente
TXN004385,CLI0010,Transferência,225311.95,2023-05-02 16:45:11,App Mobile,Pendente,Cabinda,Poupança
TXN004993,CLI0066,Recebimento de Salário,179903.12,2023-11-25 01:30:58,ATM,Aprovada,Malanje,Jovem
TXN002505,CLI0109,Levantamento,146562.25,2024-10-19 04:13:22,Internet Banking,Aprovada,Huambo,Poupança
TXN000309,CLI0069,Recebimento de Salário,34587.7,2023-05-22 16:18:58,ATM,Aprovada,Uíge,Empresarial
TXN004817,CLI0145,Pagamento de Renda,157362.64,2023-11-28 04:27:13,Agente Bancário,Pendente,Huambo,Empresarial
TXN000423,CLI0028,Levantamento,154099.32,2024-09-12 17:42:21,Internet Banking,Recusada,Kuito,Poupança
TXN002365,CLI0094,Recebimento de Salário,38765.23,2024-09-24 01:34:13,App Mobile,Recusada,Luanda,Empresarial
TXN004376,CLI0164,Levantamento,36225.6,2024-09-09 05:26:09,Internet Banking,Recusada,Cabinda,Empresarial
TXN000413,CLI0113,Levantamento,98462.29,2024-04-19 00:51:06,Internet Banking,Aprovada,Saurimo,Empresarial
TXN001374,CLI0165,Levantamento,52481.81,2023-02-23 18:46:30,App Mobile,Aprovada,Cabinda,Corrente
TXN001581,CLI0002,Pagamento de Renda,139943.18,2024-10-27 11:23:05,App Mobile,Aprovada,Saurimo,Jovem
TXN004677,CLI0104,Transferência,99759.96,2024-06-22 08:39:53,App Mobile,Aprovada,Uíge,Jovem
TXN004785,CLI0189,Levantamento,236906.11,2023-01-31 12:10:15,Agente Bancário,Aprovada,Sumbe,Jovem
TXN003894,CLI0001,Pagamento de Serviço,68581.46,2024-02-20 15:49:26,Balcão,Aprovada,Malanje,Poupança
TXN001981,CLI0165,Levantamento,132642.95,2024-09-22 16:05:57,App Mobile,Aprovada,Cabinda,Corrente
TXN001250,CLI0148,Pagamento de Serviço,12745.14,2023-06-29 19:50:02,Agente Bancário,Aprovada,Kuito,Jovem
TXN004995,CLI0168,Levantamento,162889.81,2023-07-13 09:38:17,App Mobile,Recusada,Cabinda,Corrente
TXN000818,CLI0032,Recebimento de Salário,198188.96,2024-09-07 13:44:50,Internet Banking,Recusada,Uíge,Jovem
TXN000602,CLI0055,Pagamento de Serviço,238170.76,2024-08-19 19:03:08,Internet Banking,Pendente,Uíge,Poupança
TXN000786,CLI0022,Transferência,50209.76,2024-01-10 01:12:22,App Mobile,Aprovada,Huambo,Corrente
TXN004639,CLI0119,Recarga de Telemóvel,217770.04,2023-08-02 07:53:21,Agente Bancário,Recusada,Lubango,Empresarial
TXN004546,CLI0167,Recebimento de Salário,29767.3,2024-12-07 21:54:33,App Mobile,Recusada,Benguela,Jovem
TXN000937,CLI0113,Pagamento de Electricidade,173777.36,2024-03-23 08:46:10,Internet Banking,Recusada,Saurimo,Empresarial
TXN000877,CLI0043,Levantamento,138867.41,2024-08-17 14:07:56,Internet Banking,Aprovada,Cabinda,Poupança
TXN003400,CLI0108,Depósito,108922.43,2023-07-13 23:00:05,ATM,Aprovada,Lubango,Corrente
TXN001786,CLI0075,Recarga de Telemóvel,3049.62,2023-01-19 07:39:28,Balcão,Aprovada,Huambo,Jovem
TXN004140,CLI0057,Transferência,43610.87,2024-08-01 16:09:27,App Mobile,Aprovada,Benguela,Jovem
TXN000891,CLI0182,Transferência,66136.92,2024-06-18 08:54:27,Balcão,Aprovada,Uíge,Corrente
TXN001084,CLI0163,Pagamento de Renda,134345.44,2023-12-19 19:20:02,Internet Banking,Aprovada,Malanje,Empresarial
TXN002478,CLI0149,Pagamento de Electricidade,211826.23,2023-09-02 22:08:51,ATM,Pendente,Saurimo,Corrente
TXN002852,CLI0174,Pagamento de Electricidade,211440.85,2024-05-26 20:28:59,App Mobile,Aprovada,Cabinda,Poupança
TXN000170,CLI0034,Pagamento de Empréstimo,5967.27,2023-02-16 06:12:13,ATM,Aprovada,Huambo,Empresarial
TXN003080,CLI0034,Pagamento de Renda,55542.62,2024-05-14 11:40:53,Internet Banking,Pendente,Huambo,Empresarial
TXN000515,CLI0047,Recebimento de Salário,244043.98,2023-08-14 09:35:19,ATM,Aprovada,Kuito,Corrente
TXN002853,CLI0116,Recebimento de Salário,183692.27,2024-04-29 17:25:11,Internet Banking,Aprovada,Benguela,Jovem
TXN003928,CLI0122,Pagamento de Serviço,78060.05,2024-10-14 09:02:53,App Mobile,Recusada,Lubango,Empresarial
TXN003943,CLI0197,Transferência,152908.74,2024-10-18 04:16:53,App Mobile,Aprovada,Malanje,Empresarial
TXN000174,CLI0085,Levantamento,42387.91,2023-09-06 04:15:35,ATM,Aprovada,Uíge,Empresarial
TXN000067,CLI0130,Pagamento de Renda,28605.37,2024-09-20 05:23:00,App Mobile,Aprovada,Uíge,Empresarial
TXN002714,CLI0112,Compra com Cartão,178465.47,2023-06-10 04:56:21,Balcão,Aprovada,Luanda,Empresarial
TXN000747,CLI0191,Pagamento de Serviço,55117.15,2023-02-13 11:51:23,Internet Banking,Recusada,Benguela,Corrente
TXN002178,CLI0179,Pagamento de Empréstimo,201786.52,2023-03-13 11:24:31,Internet Banking,Pendente,Luanda,Empresarial
TXN003906,CLI0043,DEPÓSITO,198709.37,2024-05-03 15:39:29,ATM,Aprovada,Cabinda,Poupança
TXN003695,CLI0191,Compra com Cartão,246997.97,2024-06-11 01:01:37,ATM,Aprovada,Benguela,Corrente
TXN004178,CLI0149,Pagamento de Serviço,70647.83,2024-09-23 01:03:29,Internet Banking,Aprovada,Saurimo,Corrente
TXN004444,CLI0033,Pagamento de Empréstimo,193608.17,2024-05-01 06:15:50,Internet Banking,Aprovada,Cabinda,Corrente
TXN000636,CLI0110,Levantamento,89465.79,2023-03-24 05:50:43,ATM,Aprovada,Kuito,Empresarial
TXN001550,CLI0173,Transferência,212612.51,2024-02-04 18:27:45,Balcão,Pendente,Benguela,Jovem
TXN001344,CLI0176,Pagamento de Electricidade,106792.12,2024-08-11 15:52:42,Internet Banking,Aprovada,Benguela,Poupança
TXN004660,CLI0126,Recebimento de Salário,208509.54,29/08/2023 05:20,App Mobile,Recusada,Sumbe,Jovem
TXN000421,CLI0138,TRANSFERÊNCIA,18472.35,2024-12-19 07:48:58,Agente Bancário,Aprovada,Malanje,Empresarial
TXN004880,CLI0101,Recarga de Telemóvel,171329.35,2023-03-14 22:51:36,Balcão,Aprovada,Lubango,Jovem
TXN004498,CLI0100,Pagamento de Empréstimo,68799.06,2024-02-21 17:56:31,Balcão,Recusada,Saurimo,Empresarial
TXN003119,CLI0076,Compra com Cartão,247801.35,2023-07-19 18:09:27,Agente Bancário,Aprovada,Sumbe,Empresarial
TXN001450,CLI0125,Depósito,164187.97,2024-04-06 11:09:03,Balcão,Aprovada,Sumbe,Empresarial
TXN001972,cli0143,Compra com Cartão,97615.53,2023-10-09 14:57:14,Balcão,Aprovada,Uíge,Poupança
TXN004246,CLI0030,Pagamento de Electricidade,86457.78,2023-10-10 10:24:29,ATM,Pendente,Sumbe,Poupança
TXN002727,CLI0171,Pagamento de Renda,91085.29,2024-04-21 22:29:33,Agente Bancário,Aprovada,Benguela,Corrente
TXN000702,CLI0077,Pagamento de Renda,1057.46,2023-06-15 11:50:13,App Mobile,Aprovada,Huambo,Jovem
TXN001139,CLI0004,Pagamento de Serviço,125148.38,2023-06-10 06:41:35,ATM,Aprovada,Saurimo,Empresarial
TXN000912,CLI0096,Recarga de Telemóvel,115988.6,2024-01-02 16:46:08,Agente Bancário,Aprovada,Malanje,Corrente
TXN000155,CLI0060,Recarga de Telemóvel,93436.75,2024-11-26 14:46:58,Internet Banking,Pendente,Kuito,Jovem
TXN002523,CLI0091,Recebimento de Salário,26300.81,2023-03-22 20:03:37,Internet Banking,Aprovada,Lubango,Corrente
TXN000211,CLI0188,Depósito,31228.91,2023-05-12 06:06:14,Agente Bancário,Recusada,Benguela,Poupança
TXN002443,CLI0163,Pagamento de Electricidade,178787.55,2023-05-29 06:12:46,Agente Bancário,Aprovada,Malanje,Empresarial
TXN003441,CLI0189,Recarga de Telemóvel,157231.57,2023-01-21 00:46:41,Agente Bancário,Aprovada,Sumbe,Jovem
TXN004887,CLI0175,Recebimento de Salário,137097.75,2024-06-25 04:11:38,Agente Bancário,Aprovada,Cabinda,Empresarial
TXN002732,CLI0152,Recarga de Telemóvel,244177.77,2023-07-03 14:37:08,Agente Bancário,Recusada,Cabinda,Jovem
TXN002642,CLI0172,Recarga de Telemóvel,189947.21,2024-08-24 20:06:08,Agente Bancário,Aprovada,Cabinda,Jovem
TXN003799,CLI0093,Transferência,228981.9,2024-12-06 07:34:59,App Mobile,Aprovada,Saurimo,Corrente
TXN001616,CLI0117,Pagamento de Empréstimo,107003.61,2024-10-26 19:11:03,Balcão,Aprovada,Sumbe,Jovem
TXN004886,CLI0183,Depósito,77535.19,2024-12-17 16:56:28,ATM,Pendente,Saurimo,Corrente
TXN003181,CLI0020,Levantamento,131631.47,2024-01-22 22:44:58,Agente Bancário,Recusada,Huambo,Jovem
TXN000365,CLI0042,Compra com Cartão,175111.78,2024-06-21 02:44:53,Agente Bancário,Pendente,Lubango,Corrente
TXN004668,CLI0137,Levantamento,217293.2,2024-09-12 05:57:40,Agente Bancário,Pendente,Benguela,Jovem
TXN000997,CLI0106,Transferência,143734.99,2023-08-21 03:04:21,ATM,Recusada,Saurimo,Empresarial
TXN003541,CLI0130,Recarga de Telemóvel,66318.34,2024-12-13 10:12:34,ATM,Aprovada,Uíge,Empresarial
TXN001261,CLI0126,Pagamento de Renda,63401.76,2023-02-08 00:11:06,App Mobile,Aprovada,Sumbe,Jovem
TXN004255,CLI0106,Pagamento de Serviço,182888.2,2024-03-21 15:12:49,Balcão,Recusada,Saurimo,Empresarial
TXN000705,CLI0065,Pagamento de Serviço,75171.6,2023-10-18 17:38:03,Internet Banking,Aprovada,Benguela,Empresarial
TXN002372,CLI0185,Recebimento de Salário,25379.39,2024-08-29 02:16:28,Agente Bancário,Aprovada,Benguela,Jovem
TXN003841,CLI0152,Recarga de Telemóvel,239531.61,2023-06-20 08:07:37,App Mobile,Pendente,Cabinda,Jovem
TXN001831,cli0161,Pagamento de Empréstimo,45493.0,2024-04-03 19:27:37,Agente Bancário,Aprovada,Lubango,Empresarial
TXN000043,CLI0021,Compra com Cartão,68975.53,2024-03-03 20:25:41,ATM,Pendente,Huambo,Corrente
TXN002685,CLI0104,Levantamento,68010.72,2024-10-27 05:06:13,ATM,Aprovada,Uíge,Jovem
TXN001244,CLI0018,Pagamento de Serviço,114734.37,2024-08-21 17:28:50,Internet Banking,Recusada,Kuito,Empresarial
TXN003728,CLI0158,Recebimento de Salário,151469.02,2023-04-27 04:16:13,Balcão,Aprovada,Lubango,Jovem
TXN001372,CLI0094,Pagamento de Empréstimo,125756.78,2023-05-19 01:58:05,Agente Bancário,Aprovada,Luanda,Empresarial
TXN004489,CLI0194,Pagamento de Serviço,126615.45,2023-07-10 21:30:19,Agente Bancário,Aprovada,Lubango,Poupança
TXN000949,CLI0046,Recebimento de Salário,168842.37,2024-11-06 23:50:03,Agente Bancário,Aprovada,Malanje,Poupança
TXN004137,CLI0007,Pagamento de Electricidade,-206212.37,2023-11-23 15:32:13,Balcão,Aprovada,Sumbe,Corrente
TXN003097,CLI0146,Recebimento de Salário,159538.19,2023-07-19 01:32:15,App Mobile,Recusada,Sumbe,Corrente
TXN004947,CLI0139,Levantamento,228371.02,2023-02-22 08:27:05,Internet Banking,Recusada,Kuito,Poupança
TXN001011,CLI0093,Compra com Cartão,163174.46,2024-10-20 12:17:22,Balcão,Aprovada,Saurimo,Corrente
TXN000419,CLI0189,Pagamento de Serviço,6828.47,2023-05-30 23:30:33,ATM,Aprovada,Sumbe,Jovem
TXN002027,CLI0185,Levantamento,176828.82,2023-05-20 04:38:21,App Mobile,Aprovada,Benguela,Jovem
TXN000015,CLI0022,Compra com Cartão,198019.66,2024-05-14 19:35:01,Agente Bancário,Aprovada,Huambo,Corrente
TXN003743,CLI0089,Pagamento de Electricidade,44929.29,2023-12-05 00:47:13,Agente Bancário,Recusada,Uíge,Empresarial
TXN001593,CLI0079,Compra com Cartão,109096.98,2024-08-15 06:18:55,Agente Bancário,Pendente,Malanje,Poupança
TXN000289,CLI0170,Pagamento de Renda,214343.79,2024-08-16 14:32:40,Agente Bancário,Aprovada,Uíge,Corrente
TXN004589,cli0182,Recarga de Telemóvel,35167.32,2023-11-26 12:48:56,Internet Banking,Aprovada,Uíge,Corrente
TXN004229,CLI0016,Transferência,69047.34,2023-10-21 18:52:53,ATM,Aprovada,Huambo,Jovem
TXN003822,CLI0186,Depósito,161957.16,2024-11-05 07:59:33,Balcão,Recusada,Saurimo,Poupança
TXN003917,CLI0058,Pagamento de Serviço,217735.71,2023-12-25 04:47:49,Internet Banking,Pendente,Sumbe,Empresarial
TXN004581,CLI0161,Pagamento de Electricidade,227843.06,2024-09-27 09:42:59,App Mobile,Recusada,Lubango,Empresarial
TXN004534,CLI0105,Pagamento de Empréstimo,99187.14,2024-12-08 08:40:03,Internet Banking,Aprovada,Luanda,Corrente
TXN001436,CLI0040,Recarga de Telemóvel,36013.75,2023-10-27 18:21:13,App Mobile,Aprovada,Kuito,Poupança
TXN003962,CLI0144,Pagamento de Electricidade,163924.67,2024-05-15 21:09:38,Agente Bancário,Aprovada,Sumbe,Jovem
TXN001113,CLI0044,Depósito,220053.68,2023-12-28 03:11:58,App Mobile,Aprovada,Benguela,Corrente
TXN003130,CLI0112,Pagamento de Renda,183592.22,2023-02-08 10:57:09,Agente Bancário,Aprovada,Luanda,Empresarial
TXN001336,CLI0042,Pagamento de Electricidade,194546.1,2024-08-20 09:18:28,Agente Bancário,Aprovada,Lubango,Corrente
TXN004134,CLI0027,Levantamento,143792.0,2023-07-26 15:48:02,Balcão,Aprovada,Sumbe,Corrente
TXN003231,CLI0028,Recarga de Telemóvel,102735.77,2023-06-28 10:40:32,App Mobile,Pendente,Kuito,Poupança
TXN000528,CLI0100,Recebimento de Salário,238630.9,2024-08-07 12:42:30,App Mobile,Pendente,Saurimo,Empresarial
TXN000399,cli0139,Pagamento de Electricidade,225944.53,2023-02-10 23:47:01,App Mobile,Recusada,Kuito,Poupança
TXN000562,CLI0115,Levantamento,100987.05,2024-02-13 18:06:55,App Mobile,Pendente,Saurimo,Corrente
TXN004781,CLI0131,Recebimento de Salário,111890.54,2023-02-12 08:02:23,App Mobile,,Sumbe,Empresarial
TXN002929,CLI0151,Pagamento de Serviço,52929.23,2023-09-07 07:07:08,App Mobile,Aprovada,Malanje,Corrente
TXN001992,CLI0151,Recarga de Telemóvel,151870.5,2024-03-05 17:52:22,ATM,Aprovada,Malanje,Corrente
TXN004718,CLI0055,Levantamento,48497.87,2023-01-12 07:28:17,Balcão,Recusada,Uíge,Poupança
TXN003931,CLI0186,Depósito,161797.15,2024-07-07 09:38:46,Agente Bancário,Aprovada,Saurimo,Poupança
TXN002198,CLI0085,Pagamento de Electricidade,229462.48,2023-04-21 22:42:20,Agente Bancário,Recusada,Uíge,Empresarial
TXN001245,CLI0005,Pagamento de Empréstimo,209461.02,2024-08-05 08:01:47,App Mobile,Aprovada,Malanje,Poupança
TXN000072,CLI0121,Recarga de Telemóvel,188807.52,2024-06-12 10:29:33,ATM,Aprovada,Lubango,Empresarial
TXN001066,CLI0135,Pagamento de Electricidade,130657.37,2024-02-18 03:48:48,Agente Bancário,Pendente,Malanje,Jovem
TXN002086,CLI0077,Pagamento de Electricidade,89749.73,2023-04-19 18:02:21,Agente Bancário,Aprovada,Huambo,Jovem
TXN001465,CLI0199,Recebimento de Salário,73720.72,2024-05-31 03:08:29,ATM,Aprovada,Kuito,Poupança
TXN000574,CLI0026,Pagamento de Empréstimo,81392.34,2024-11-24 14:55:55,ATM,Aprovada,Lubango,Empresarial
TXN001019,CLI0158,Levantamento,46564.38,2023-07-14 16:50:26,ATM,Aprovada,Lubango,Jovem
TXN004387,CLI0065,Transferência,241230.87,2023-07-10 09:08:32,Internet Banking,Aprovada,Benguela,Empresarial
TXN004852,CLI0029,Levantamento,174419.46,2023-08-18 03:32:21,App Mobile,Aprovada,Benguela,Corrente
TXN004111,CLI0090,Pagamento de Renda,120366.12,2023-05-31 07:38:18,Agente Bancário,Aprovada,Cabinda,Poupança
TXN003574,CLI0082,Pagamento de Electricidade,94004.6,2024-05-03 01:18:22,Balcão,Aprovada,Uíge,Corrente
TXN000426,CLI0005,Pagamento de Renda,45263.51,2023-01-06 14:39:54,Balcão,Aprovada,Malanje,Poupança
TXN002118,CLI0118,Depósito,152935.55,2024-05-19 15:50:46,ATM,Aprovada,Saurimo,Corrente
TXN003000,CLI0109,Levantamento,240848.51,2023-03-26 09:42:50,Balcão,Aprovada,Huambo,Poupança
TXN002441,CLI0143,Pagamento de Serviço,62405.93,2023-06-03 21:22:26,App Mobile,Aprovada,Uíge,Poupança
TXN002142,CLI0072,Transferência,72921.72,2024-06-08 09:26:28,ATM,Aprovada,Lubango,Jovem
TXN002700,CLI0158,Recebimento de Salário,118955.6,2024-10-24 02:18:00,App Mobile,Aprovada,Lubango,Jovem
TXN004635,CLI0026,Depósito,25699.69,2024-05-19 00:03:29,ATM,Recusada,Lubango,Empresarial
TXN003685,CLI0126,Compra com Cartão,4211.02,2023-11-16 10:15:26,Balcão,Aprovada,Sumbe,Jovem
TXN002021,CLI0093,Compra com Cartão,174091.25,2024-07-27 22:47:10,Internet Banking,Pendente,Saurimo,Corrente
TXN002353,CLI0078,Pagamento de Renda,163578.47,2023-03-17 21:39:08,App Mobile,Recusada,Kuito,Jovem
TXN001416,CLI0112,Recebimento de Salário,88631.82,2023-03-03 07:25:31,,Aprovada,Luanda,Empresarial
TXN003068,CLI0091,Recarga de Telemóvel,17538.79,2023-07-14 10:36:06,Internet Banking,Pendente,Lubango,Corrente
TXN004827,CLI0085,Pagamento de Empréstimo,28640.99,2024-04-09 13:39:40,Balcão,Aprovada,Uíge,Empresarial
TXN003823,CLI0122,Recarga de Telemóvel,-225542.4,2023-10-18 02:57:39,Balcão,Aprovada,Lubango,Empresarial
TXN002780,CLI0057,Depósito,97228.58,2024-09-17 11:18:34,Balcão,Aprovada,Benguela,Jovem
TXN004366,CLI0055,Recebimento de Salário,119619.77,2024-09-11 06:03:02,Agente Bancário,Aprovada,Uíge,Poupança
TXN004606,CLI0105,Pagamento de Empréstimo,137670.38,2023-09-02 21:19:21,Internet Banking,Aprovada,Luanda,Corrente
TXN002462,CLI0161,Pagamento de Renda,37064.14,2024-12-24 21:41:43,ATM,Recusada,Lubango,Empresarial
TXN000667,CLI0172,Levantamento,181490.89,2024-05-07 02:11:39,ATM,Recusada,Cabinda,Jovem
TXN003697,CLI0152,Pagamento de Empréstimo,60043.17,2023-08-16 03:50:23,Agente Bancário,Pendente,Cabinda,Jovem
TXN003932,CLI0159,Pagamento de Electricidade,157976.97,2024-06-02 09:46:44,Internet Banking,Pendente,Uíge,Empresarial
TXN002281,CLI0192,Pagamento de Renda,196110.04,2024-08-08 01:21:47,App Mobile,Aprovada,Luanda,Empresarial
TXN004264,CLI0062,Pagamento de Renda,154699.31,2024-06-23 05:17:17,Agente Bancário,Aprovada,Saurimo,Jovem
TXN003491,CLI0173,Recebimento de Salário,5087.43,2023-07-25 13:17:08,Agente Bancário,Aprovada,Benguela,Jovem
TXN000210,CLI0035,Pagamento de Empréstimo,47512.3,2024-08-05 15:10:04,Internet Banking,Aprovada,Benguela,Corrente
TXN002247,CLI0123,Pagamento de Serviço,230010.47,2024-07-02 15:15:58,App Mobile,Aprovada,Kuito,Poupança
TXN002043,CLI0101,Recarga de Telemóvel,117862.03,2024-03-15 05:48:36,ATM,Aprovada,Lubango,Jovem
TXN001905,cli0115,Compra com Cartão,195042.82,2023-01-01 01:35:32,Agente Bancário,Recusada,Saurimo,Corrente
TXN002036,CLI0161,Pagamento de Empréstimo,207679.18,2024-01-02 12:48:39,ATM,Recusada,Lubango,Empresarial
TXN000004,cli0129,Recarga de Telemóvel,215510.21,2023-11-05 09:56:35,App Mobile,Aprovada,Saurimo,Jovem
TXN000768,CLI0001,Pagamento de Renda,159909.64,2023-12-16 00:05:35,ATM,Pendente,Malanje,Poupança
TXN003837,CLI0071,Levantamento,248834.49,2024-11-20 05:53:18,ATM,Recusada,Lubango,Empresarial
TXN003146,CLI0064,Pagamento de Empréstimo,-78278.59,2024-10-27 13:32:33,ATM,Aprovada,Uíge,Corrente
TXN002687,CLI0173,Recarga de Telemóvel,214931.59,2023-10-06 23:58:26,Internet Banking,Pendente,Benguela,Jovem
TXN001415,CLI0002,Pagamento de Empréstimo,218105.94,2024-09-16 05:11:08,ATM,Pendente,Saurimo,Jovem
TXN002300,CLI0195,Pagamento de Electricidade,51780.74,2024-02-22 21:44:07,ATM,Aprovada,Cabinda,Corrente
TXN003393,CLI0103,Pagamento de Serviço,98769.47,2024-05-21 09:08:50,Balcão,Aprovada,Malanje,Empresarial
TXN001499,CLI0001,Pagamento de Electricidade,201911.95,2024-11-19 02:31:58,ATM,Aprovada,Malanje,Poupança
TXN004371,CLI0197,Recarga de Telemóvel,14369.21,2023-12-18 09:16:42,Internet Banking,Aprovada,Malanje,Empresarial
TXN002695,CLI0005,Transferência,227685.85,2023-10-08 01:48:21,Agente Bancário,Aprovada,Malanje,Poupança
TXN000599,CLI0169,Transferência,204886.36,2024-01-29 21:10:32,Balcão,Aprovada,Cabinda,Poupança
TXN002761,CLI0176,Recebimento de Salário,111774.6,2024-09-18 12:49:25,ATM,Recusada,Benguela,Poupança
TXN001621,CLI0067,Recebimento de Salário,208184.96,2024-09-03 00:24:01,Balcão,Recusada,Lubango,Jovem
TXN000005,CLI0182,Recebimento de Salário,5703.71,2023-11-11 14:20:58,App Mobile,Aprovada,Uíge,Corrente
TXN002312,CLI0127,Transferência,114238.33,2024-05-02 05:40:07,ATM,Recusada,Malanje,Corrente
TXN001248,CLI0040,Compra com Cartão,243794.82,2023-02-27 18:51:54,App Mobile,Aprovada,Kuito,Poupança
TXN001183,CLI0081,Levantamento,90653.07,2023-04-06 11:19:53,ATM,Aprovada,Uíge,Empresarial
TXN002110,CLI0171,Depósito,175232.17,2023-05-08 02:58:57,Internet Banking,Aprovada,Benguela,Corrente
TXN003648,CLI0190,Pagamento de Empréstimo,238105.24,2023-10-17 14:06:12,Agente Bancário,Aprovada,Malanje,Empresarial
TXN004801,CLI0118,Pagamento de Electricidade,8890.66,2024-07-22 15:50:53,App Mobile,Pendente,Saurimo,Corrente
TXN001254,CLI0005,Pagamento de Renda,32102.02,2024-07-04 01:05:13,ATM,Pendente,Malanje,Poupança
TXN003218,CLI0109,Recebimento de Salário,162907.45,2023-11-01 16:40:59,Internet Banking,Aprovada,Huambo,Poupança
TXN001586,CLI0044,Recebimento de Salário,18244.6,2023-01-12 13:55:21,ATM,Pendente,Benguela,Corrente
TXN000180,CLI0126,Transferência,107187.69,2023-01-03 23:07:38,Balcão,Aprovada,Sumbe,Jovem
TXN004092,CLI0200,Pagamento de Renda,76427.7,2023-03-25 22:12:29,Agente Bancário,Recusada,Malanje,Empresarial
TXN002590,CLI0018,Levantamento,625.69,2024-12-19 14:07:06,Balcão,Recusada,Kuito,Empresarial
TXN002121,CLI0110,PAGAMENTO DE SERVIÇO,247115.66,2023-02-22 07:44:55,Balcão,Aprovada,Kuito,Empresarial
TXN002705,CLI0120,Recebimento de Salário,31723.52,2023-04-05 21:26:41,Internet Banking,Aprovada,Benguela,Poupança
TXN004424,CLI0192,Pagamento de Empréstimo,154181.44,2023-10-19 15:50:16,Balcão,Aprovada,Luanda,Empresarial
TXN002459,CLI0165,Compra com Cartão,137381.87,2024-04-16 21:49:48,App Mobile,Aprovada,Cabinda,Corrente
TXN002054,CLI0127,Pagamento de Electricidade,248496.89,2023-02-27 09:50:46,ATM,Aprovada,Malanje,Corrente
TXN003607,CLI0044,Pagamento de Empréstimo,85677.18,2023-07-13 19:58:20,Balcão,Aprovada,Benguela,Corrente
TXN001456,cli0122,Compra com Cartão,79343.31,2024-08-16 06:25:48,Internet Banking,Aprovada,Lubango,Empresarial
TXN002432,CLI0086,Transferência,236083.57,2023-03-26 10:56:00,Internet Banking,Aprovada,Huambo,Corrente
TXN001466,CLI0098,Transferência,178697.09,2023-10-02 16:08:40,Balcão,Aprovada,Sumbe,Corrente
TXN002465,CLI0075,Pagamento de Empréstimo,14921.97,2024-05-26 05:26:34,App Mobile,Aprovada,Huambo,Jovem
TXN004782,CLI0146,Levantamento,99705.74,2023-06-29 10:12:17,Internet Banking,Aprovada,Sumbe,Corrente
TXN001848,CLI0110,Levantamento,85375.13,2024-10-28 16:45:59,Internet Banking,Aprovada,Kuito,Empresarial
TXN001039,CLI0173,Pagamento de Electricidade,186205.29,2024-07-11 21:52:38,Internet Banking,Aprovada,Benguela,Jovem
TXN000742,CLI0142,Recebimento de Salário,56534.51,2024-10-04 23:43:01,ATM,Aprovada,Kuito,Jovem
TXN004065,CLI0095,Recebimento de Salário,19919.13,2024-09-13 08:48:08,App Mobile,Aprovada,Lubango,Corrente
TXN000871,CLI0056,Recebimento de Salário,181701.81,2024-05-25 08:28:25,Agente Bancário,Aprovada,Huambo,Empresarial
TXN000691,CLI0029,Recarga de Telemóvel,160224.28,2023-09-13 19:40:08,Internet Banking,,Benguela,Corrente
TXN001107,CLI0048,Pagamento de Renda,148157.11,2024-06-09 04:31:24,App Mobile,Pendente,Malanje,Corrente
TXN000036,CLI0036,Recarga de Telemóvel,162565.4,2023-09-02 04:34:09,App Mobile,Aprovada,Lubango,Poupança
TXN004026,CLI0060,Pagamento de Serviço,161161.18,2024-01-30 22:27:45,Agente Bancário,Aprovada,Kuito,Jovem
TXN003085,CLI0018,Transferência,11328.59,2024-11-02 12:22:51,Agente Bancário,Recusada,Kuito,Empresarial
TXN000604,CLI0073,Transferência,43983.99,2024-07-12 08:05:12,ATM,Aprovada,Saurimo,Poupança
TXN004051,CLI0150,Pagamento de Electricidade,19055.81,2024-08-30 12:08:21,Agente Bancário,Aprovada,Benguela,Jovem
TXN003365,CLI0193,Depósito,218184.44,2024-05-29 02:06:15,Balcão,Aprovada,Luanda,Empresarial
TXN003235,CLI0050,Pagamento de Electricidade,8974.84,2024-01-07 12:27:37,Internet Banking,Aprovada,Malanje,Corrente
TXN001099,CLI0132,Compra com Cartão,79982.6,2024-01-16 06:58:27,Agente Bancário,Aprovada,Cabinda,Empresarial
TXN000865,CLI0021,Compra com Cartão,238346.68,2023-09-01 21:52:43,Agente Bancário,Recusada,Huambo,Corrente
TXN002410,CLI0184,Pagamento de Empréstimo,230664.66,2023-11-19 02:40:27,Agente Bancário,Aprovada,Sumbe,Corrente
TXN001818,CLI0041,Pagamento de Empréstimo,43741.63,2023-06-10 05:31:25,ATM,Aprovada,Saurimo,Corrente
TXN001383,CLI0051,PAGAMENTO DE RENDA,145847.33,2024-05-24 01:28:06,ATM,Recusada,Cabinda,Poupança
TXN002982,CLI0047,Pagamento de Renda,79391.93,2024-03-13 17:09:43,Balcão,,Kuito,Corrente
TXN003526,CLI0089,Recebimento de Salário,172422.16,2023-05-16 19:41:07,Balcão,Aprovada,Uíge,Empresarial
TXN001567,CLI0040,Pagamento de Renda,231929.11,2023-01-20 02:19:39,Agente Bancário,Aprovada,Kuito,Poupança
TXN003469,CLI0019,Pagamento de Serviço,159482.96,2023-09-27 04:40:56,Internet Banking,Aprovada,Kuito,Empresarial
TXN000451,CLI0171,Transferência,10767.29,2023-04-01 19:29:49,ATM,Aprovada,Benguela,Corrente
TXN001630,CLI0133,Pagamento de Renda,-230650.93,26/03/2024 14:02,Agente Bancário,Recusada,Kuito,Jovem
TXN000324,CLI0004,Pagamento de Serviço,200354.48,2023-12-30 13:15:17,Internet Banking,Aprovada,Saurimo,Empresarial
TXN000869,CLI0007,Pagamento de Empréstimo,243787.16,2023-09-18 04:35:15,Agente Bancário,Aprovada,Sumbe,Corrente
TXN001357,CLI0008,Pagamento de Empréstimo,155075.02,2024-07-19 05:05:55,Internet Banking,Aprovada,Saurimo,Poupança
TXN000146,CLI0169,Transferência,-34734.34,2024-07-03 20:13:25,Balcão,Aprovada,Cabinda,Poupança
TXN004145,CLI0130,Recebimento de Salário,65659.68,03/02/2023 06:38,Agente Bancário,Pendente,Uíge,Empresarial
TXN004776,CLI0086,Pagamento de Electricidade,179247.65,2023-05-04 06:20:12,Agente Bancário,Recusada,Huambo,Corrente
TXN000647,CLI0098,Recebimento de Salário,134530.82,2024-04-07 07:01:19,Balcão,Aprovada,Sumbe,Corrente
TXN001303,CLI0154,Pagamento de Renda,219709.84,2024-07-14 05:06:23,Agente Bancário,Aprovada,Lubango,Jovem
TXN001428,CLI0137,Transferência,236727.38,2023-12-17 12:40:49,ATM,Aprovada,Benguela,Jovem
TXN001673,CLI0097,Transferência,227585.22,2023-09-09 08:28:36,ATM,Aprovada,Uíge,Empresarial
TXN002557,CLI0173,Pagamento de Renda,246562.46,2024-06-01 07:00:43,App Mobile,Aprovada,Benguela,Jovem
TXN002589,CLI0141,Pagamento de Electricidade,149477.1,2023-12-10 19:18:23,App Mobile,Pendente,Malanje,Jovem
TXN004631,CLI0190,Recarga de Telemóvel,163868.38,2024-11-23 03:03:13,,Aprovada,Malanje,Empresarial
TXN000392,CLI0095,Recarga de Telemóvel,140227.55,2024-06-30 07:28:16,Balcão,Aprovada,Lubango,Corrente
TXN001606,CLI0119,Pagamento de Empréstimo,176891.21,2024-02-15 16:53:39,Internet Banking,,Lubango,Empresarial
TXN003189,cli0018,Compra com Cartão,186804.63,19/09/2023 06:13,Agente Bancário,Aprovada,Kuito,Empresarial
TXN001718,CLI0090,Pagamento de Serviço,105073.22,2024-11-09 08:22:49,Agente Bancário,Pendente,Cabinda,Poupança
TXN001807,CLI0047,Recebimento de Salário,24366.01,2023-01-11 19:22:44,Agente Bancário,Recusada,Kuito,Corrente
TXN002191,CLI0173,Recebimento de Salário,28196.87,2023-09-25 03:37:06,ATM,Pendente,Benguela,Jovem
TXN001213,CLI0121,Compra com Cartão,222347.99,2024-03-01 14:04:08,Agente Bancário,Recusada,Lubango,Empresarial
TXN000804,CLI0049,Levantamento,171723.37,2023-05-08 12:50:28,App Mobile,Aprovada,Saurimo,Poupança
TXN001742,CLI0056,Depósito,137361.66,2023-01-15 02:46:56,Balcão,Aprovada,Huambo,Empresarial
TXN002102,CLI0088,Depósito,117997.38,2024-05-26 17:32:43,App Mobile,Aprovada,Cabinda,Poupança
TXN001937,CLI0137,Recebimento de Salário,75435.89,2024-12-28 13:54:06,Internet Banking,Pendente,Benguela,Jovem
TXN004345,cli0044,Compra com Cartão,60159.7,2024-01-26 11:30:08,App Mobile,Aprovada,Benguela,Corrente
TXN000163,CLI0055,Transferência,220914.24,2023-12-13 10:15:20,App Mobile,Aprovada,Uíge,Poupança
TXN001555,CLI0069,Pagamento de Renda,146913.22,2023-11-08 18:12:09,App Mobile,Aprovada,Uíge,Empresarial
TXN000490,CLI0082,Recebimento de Salário,143348.39,2023-09-08 10:22:11,Agente Bancário,Aprovada,Uíge,Corrente
TXN000992,CLI0187,Pagamento de Empréstimo,106611.83,2023-08-28 05:51:03,App Mobile,Aprovada,Kuito,Empresarial
TXN003662,CLI0082,Recarga de Telemóvel,229038.53,2023-12-22 15:18:20,Internet Banking,Pendente,Uíge,Corrente
TXN003048,cli0114,Pagamento de Renda,200416.4,2024-01-23 01:38:16,Balcão,Pendente,Malanje,Jovem
TXN002224,CLI0077,Transferência,74232.64,2023-05-25 03:15:13,Balcão,Aprovada,Huambo,Jovem
TXN001365,CLI0061,Compra com Cartão,91373.81,2024-10-13 07:56:38,Balcão,Aprovada,Malanje,Poupança
TXN001376,CLI0177,Pagamento de Serviço,159511.8,2024-11-29 04:07:41,,Aprovada,Lubango,Poupança
TXN002632,CLI0172,Compra com Cartão,57451.89,2024-08-02 12:30:50,Internet Banking,Aprovada,Cabinda,Jovem
TXN000598,CLI0132,Pagamento de Empréstimo,135515.35,2024-11-18 13:43:56,App Mobile,Recusada,Cabinda,Empresarial
TXN001809,CLI0200,Depósito,235369.89,2023-01-09 08:57:34,App Mobile,Pendente,Malanje,Empresarial
TXN002279,CLI0081,Depósito,227417.7,2024-12-01 09:26:38,Agente Bancário,Recusada,Uíge,Empresarial
TXN001513,CLI0001,Levantamento,225328.67,2023-12-07 00:00:58,,Aprovada,Malanje,Poupança
TXN004690,CLI0105,Recarga de Telemóvel,95813.74,2024-06-04 07:24:39,,Recusada,Luanda,Corrente
TXN004895,CLI0137,Recarga de Telemóvel,-144834.89,2024-01-28 14:04:07,Internet Banking,Aprovada,Benguela,Jovem
TXN004002,CLI0014,Transferência,163956.93,2023-08-12 03:44:54,ATM,Aprovada,Sumbe,Jovem
TXN003806,CLI0089,Pagamento de Empréstimo,132413.81,05/07/2023 04:25,Balcão,Aprovada,Uíge,Empresarial
TXN000769,CLI0154,RECEBIMENTO DE SALÁRIO,238118.03,2023-06-12 22:16:01,,Aprovada,Lubango,Jovem
TXN001874,CLI0149,Transferência,867.44,2023-09-13 04:56:36,Agente Bancário,Aprovada,Saurimo,Corrente
TXN002064,CLI0061,Levantamento,13324.09,2023-09-15 11:32:16,App Mobile,Aprovada,Malanje,Poupança
TXN003240,CLI0009,Pagamento de Renda,234577.06,2024-01-29 09:14:46,ATM,Recusada,Lubango,Corrente
TXN001681,CLI0024,Compra com Cartão,67676.63,2023-08-27 15:40:22,Internet Banking,Aprovada,Sumbe,Corrente
TXN000143,CLI0016,Recebimento de Salário,178300.95,2024-05-03 05:24:25,Agente Bancário,Aprovada,Huambo,Jovem
TXN003191,CLI0028,Recebimento de Salário,183822.76,2023-07-10 01:13:47,App Mobile,Recusada,Kuito,Poupança
TXN002592,CLI0009,Levantamento,155215.96,2023-05-14 17:04:57,Balcão,Pendente,Lubango,Corrente
TXN000674,CLI0054,Pagamento de Serviço,122132.41,2024-10-27 11:30:51,Balcão,Aprovada,Cabinda,Poupança
TXN002033,CLI0055,Transferência,63913.66,2024-04-09 06:01:34,ATM,Pendente,Uíge,Poupança
TXN002860,CLI0172,Recebimento de Salário,238938.25,2024-03-23 04:49:38,Balcão,Recusada,Cabinda,Jovem
TXN003161,CLI0159,Recarga de Telemóvel,159898.49,2023-06-26 04:31:23,Internet Banking,Recusada,Uíge,Empresarial
TXN002107,CLI0063,Pagamento de Electricidade,174374.18,2024-12-06 03:48:32,Agente Bancário,Recusada,Kuito,Corrente
TXN002349,CLI0032,Depósito,237461.79,2023-04-06 14:10:43,Balcão,Aprovada,Uíge,Jovem
TXN000171,CLI0096,Recebimento de Salário,75790.41,2023-09-19 09:57:11,Agente Bancário,Aprovada,Malanje,Corrente
TXN003108,CLI0111,Recebimento de Salário,88682.79,2023-02-05 16:59:45,Internet Banking,Aprovada,Huambo,Empresarial
TXN003026,CLI0050,Compra com Cartão,129539.97,2023-08-30 19:48:53,Balcão,Pendente,Malanje,Corrente
TXN002367,CLI0023,Transferência,200665.7,2024-09-10 20:45:19,ATM,Aprovada,Malanje,Poupança
TXN001904,CLI0019,Pagamento de Electricidade,48747.37,2024-01-12 03:37:10,ATM,Recusada,Kuito,Empresarial
TXN000848,CLI0016,Pagamento de Serviço,237025.4,2024-09-17 18:37:46,Internet Banking,Aprovada,Huambo,Jovem
TXN000920,CLI0055,Transferência,210049.09,2023-04-21 23:33:02,App Mobile,Pendente,Uíge,Poupança
TXN003391,CLI0097,Levantamento,159933.24,2024-06-25 21:29:51,App Mobile,Recusada,Uíge,Empresarial
TXN002614,CLI0034,Pagamento de Renda,13687.95,2023-07-12 16:28:04,App Mobile,Aprovada,Huambo,Empresarial
TXN004114,CLI0102,Pagamento de Electricidade,144507.02,2024-07-15 13:19:35,Agente Bancário,Recusada,Sumbe,Empresarial
TXN000184,CLI0122,Pagamento de Electricidade,20199.28,2023-08-21 03:00:25,ATM,Aprovada,Lubango,Empresarial
TXN003767,CLI0008,Recarga de Telemóvel,224019.46,2024-11-17 22:19:57,Balcão,Aprovada,Saurimo,Poupança
TXN003037,CLI0097,Pagamento de Renda,139200.24,2023-12-10 00:23:22,App Mobile,Aprovada,Uíge,Empresarial
TXN000539,CLI0040,Pagamento de Renda,215019.21,2023-01-16 05:53:17,Internet Banking,,Kuito,Poupança
TXN000540,CLI0162,Recebimento de Salário,144875.99,2024-07-26 12:08:08,Internet Banking,Aprovada,Luanda,Empresarial
TXN003408,CLI0136,Depósito,226167.72,2024-03-12 12:39:46,Balcão,Aprovada,Huambo,Empresarial
TXN000225,CLI0147,PAGAMENTO DE RENDA,79357.35,2023-12-14 05:57:13,Balcão,Aprovada,Malanje,Empresarial
TXN003627,CLI0144,Recarga de Telemóvel,122976.85,2023-10-05 19:34:01,Balcão,Aprovada,Sumbe,Jovem
TXN000422,CLI0167,Transferência,12964.52,2024-05-06 09:39:51,Balcão,Aprovada,Benguela,Jovem
TXN003205,CLI0088,Pagamento de Electricidade,174052.81,2023-04-03 18:07:23,App Mobile,Aprovada,Cabinda,Poupança
TXN004449,CLI0090,Depósito,17038.82,2023-09-22 10:17:29,ATM,Aprovada,Cabinda,Poupança
TXN004547,CLI0025,Pagamento de Empréstimo,69384.2,2023-03-16 06:37:32,Internet Banking,Recusada,Sumbe,Poupança
TXN000746,CLI0117,Recarga de Telemóvel,76855.47,2024-01-25 19:34:49,App Mobile,Recusada,Sumbe,Jovem
TXN000931,CLI0189,Transferência,176625.53,2023-10-22 14:51:33,App Mobile,Aprovada,Sumbe,Jovem
TXN004923,CLI0138,Pagamento de Serviço,37794.99,2024-11-27 02:51:45,ATM,Pendente,Malanje,Empresarial
TXN003762,CLI0144,Recebimento de Salário,142790.15,2023-12-02 22:48:32,Balcão,Pendente,Sumbe,Jovem
TXN001351,CLI0009,Pagamento de Electricidade,135799.44,2024-10-15 19:36:58,ATM,Pendente,Lubango,Corrente
TXN004157,CLI0095,Recebimento de Salário,55738.69,2023-05-26 01:27:20,Internet Banking,Aprovada,Lubango,Corrente
TXN001602,CLI0172,Recarga de Telemóvel,233472.5,2024-10-28 12:46:10,Agente Bancário,Recusada,Cabinda,Jovem
TXN000229,CLI0157,Pagamento de Serviço,213122.5,2024-12-23 12:29:16,ATM,Aprovada,Malanje,Jovem
TXN001111,CLI0184,Pagamento de Renda,22513.81,2024-06-07 21:36:44,Balcão,Pendente,Sumbe,Corrente
TXN003833,CLI0114,Pagamento de Electricidade,135241.68,2024-05-18 09:49:13,ATM,Recusada,Malanje,Jovem
TXN002005,CLI0150,Recebimento de Salário,227640.31,2023-12-29 09:22:44,Internet Banking,Aprovada,Benguela,Jovem
TXN000640,CLI0004,Pagamento de Serviço,224246.47,2024-08-12 11:41:10,Balcão,Recusada,Saurimo,Empresarial
TXN001839,CLI0178,Pagamento de Renda,99926.23,2023-11-15 09:15:50,Balcão,Aprovada,Saurimo,Poupança
TXN000508,CLI0017,PAGAMENTO DE EMPRÉSTIMO,203450.3,2024-07-20 09:51:43,Internet Banking,Recusada,Huambo,Jovem
TXN001110,CLI0175,Compra com Cartão,15874.08,2023-02-20 05:13:32,App Mobile,Aprovada,Cabinda,Empresarial
TXN002133,CLI0052,PAGAMENTO DE SERVIÇO,119384.35,2023-02-21 00:13:52,ATM,Aprovada,Uíge,Corrente
TXN004590,CLI0013,Pagamento de Electricidade,79582.96,31/03/2023 15:51,Agente Bancário,Recusada,Benguela,Poupança
TXN001361,CLI0046,Pagamento de Empréstimo,43378.37,2024-03-22 23:02:51,Internet Banking,Aprovada,Malanje,Poupança
TXN002430,CLI0107,Transferência,95794.78,2023-11-11 23:23:42,App Mobile,Aprovada,Kuito,Empresarial
TXN000154,CLI0195,Recebimento de Salário,132688.72,2023-06-09 09:06:01,App Mobile,Aprovada,Cabinda,Corrente
TXN000837,CLI0182,Recarga de Telemóvel,174593.29,2023-04-11 12:36:01,Agente Bancário,Aprovada,Uíge,Corrente
TXN001342,cli0037,Pagamento de Renda,42994.39,2024-02-03 18:17:52,Internet Banking,Pendente,Huambo,Jovem
TXN004431,CLI0026,Recarga de Telemóvel,61499.14,2023-11-08 18:10:39,ATM,Aprovada,Lubango,Empresarial
TXN000199,CLI0028,Pagamento de Renda,160328.39,2023-08-03 18:01:16,Balcão,Aprovada,Kuito,Poupança
TXN004915,cli0193,Pagamento de Serviço,131046.74,2024-12-24 22:30:09,Balcão,Pendente,Luanda,Empresarial
TXN002373,CLI0008,Levantamento,61335.61,2024-02-10 15:01:37,App Mobile,Pendente,Saurimo,Poupança
TXN002656,CLI0062,Pagamento de Serviço,221894.87,2024-08-15 23:35:55,ATM,Aprovada,Saurimo,Jovem
TXN004512,CLI0090,Recebimento de Salário,16758.8,2024-07-04 05:08:28,Agente Bancário,Aprovada,Cabinda,Poupança
TXN003019,CLI0182,Transferência,40902.85,2024-04-13 10:37:05,Agente Bancário,Pendente,Uíge,Corrente
TXN002378,CLI0120,Compra com Cartão,21286.98,2024-04-21 00:48:23,Balcão,Recusada,Benguela,Poupança
TXN000631,CLI0113,Transferência,40760.95,2024-10-15 15:51:45,Internet Banking,Aprovada,Saurimo,Empresarial
TXN004515,CLI0145,Recebimento de Salário,240462.11,2024-03-23 14:45:10,ATM,Recusada,Huambo,Empresarial
TXN003636,CLI0157,Depósito,205448.11,2024-03-06 15:42:39,App Mobile,Pendente,Malanje,Jovem
TXN004099,CLI0007,Depósito,39193.52,2024-04-01 20:18:54,Balcão,Pendente,Sumbe,Corrente
TXN000927,CLI0004,Recebimento de Salário,15840.11,2024-06-04 03:00:58,Internet Banking,Pendente,Saurimo,Empresarial
TXN003377,CLI0075,Pagamento de Electricidade,116459.22,2024-06-11 08:51:00,Agente Bancário,Aprovada,Huambo,Jovem
TXN000728,CLI0024,Pagamento de Renda,203991.7,2023-05-24 17:10:20,ATM,Aprovada,Sumbe,Corrente
TXN000354,CLI0177,Pagamento de Empréstimo,101514.26,2023-11-29 02:12:56,Internet Banking,Aprovada,Lubango,Poupança
TXN004008,CLI0117,Pagamento de Empréstimo,-201922.56,2023-12-20 09:27:23,Balcão,Aprovada,Sumbe,Jovem
TXN002778,CLI0034,Depósito,18527.67,2023-06-11 06:04:43,Internet Banking,Aprovada,Huambo,Empresarial
TXN004179,CLI0118,Levantamento,64913.23,2024-02-15 14:08:46,Balcão,Aprovada,Saurimo,Corrente
TXN001720,CLI0006,Depósito,209796.98,2024-04-04 11:34:24,Internet Banking,Pendente,Uíge,Corrente
TXN004867,CLI0136,Pagamento de Serviço,150304.72,2024-07-27 01:59:11,Agente Bancário,Aprovada,Huambo,Empresarial
TXN000447,CLI0053,Recarga de Telemóvel,242408.86,2023-11-20 12:48:21,Balcão,Aprovada,Cabinda,Poupança
TXN003779,CLI0158,Recebimento de Salário,204082.25,2023-07-03 11:28:09,Balcão,Pendente,Lubango,Jovem
TXN004175,CLI0011,Pagamento de Renda,249005.06,2024-04-13 20:27:25,Balcão,Aprovada,Huambo,Poupança
TXN001298,CLI0096,Compra com Cartão,197270.42,2023-11-10 05:40:07,Balcão,Aprovada,Malanje,Corrente
TXN000693,CLI0180,Pagamento de Electricidade,152063.0,2023-07-30 12:48:43,App Mobile,Recusada,Huambo,Corrente
TXN000899,cli0106,Pagamento de Serviço,235033.44,2023-07-13 04:10:25,Agente Bancário,Pendente,Saurimo,Empresarial
TXN002789,CLI0103,Depósito,94717.48,2023-12-15 23:12:02,Balcão,Pendente,Malanje,Empresarial
TXN001290,CLI0063,Recebimento de Salário,22627.79,2023-09-23 05:49:08,App Mobile,Pendente,Kuito,Corrente
TXN003694,CLI0047,Compra com Cartão,940.35,2023-02-25 11:43:01,Agente Bancário,Recusada,Kuito,Corrente
TXN001626,CLI0125,Compra com Cartão,56771.05,2024-12-25 07:39:50,Balcão,Pendente,Sumbe,Empresarial
TXN001158,CLI0151,Pagamento de Electricidade,248662.26,2024-01-16 20:00:43,App Mobile,Pendente,Malanje,Corrente
TXN002726,CLI0006,Pagamento de Renda,103630.91,2023-04-30 19:27:51,ATM,Pendente,Uíge,Corrente
TXN004084,CLI0082,Levantamento,203656.79,2024-08-09 19:25:45,ATM,Aprovada,Uíge,Corrente
TXN003848,CLI0082,Pagamento de Empréstimo,103594.32,2024-02-12 00:14:26,,Aprovada,Uíge,Corrente
TXN000382,CLI0028,Recebimento de Salário,98283.23,2023-11-28 05:53:51,Balcão,Aprovada,Kuito,Poupança
TXN004673,CLI0003,Pagamento de Serviço,74530.7,2024-08-26 04:16:33,App Mobile,Aprovada,Saurimo,Corrente
TXN002791,CLI0067,Pagamento de Renda,177224.57,2023-07-23 01:22:16,ATM,Aprovada,Lubango,Jovem
TXN003781,CLI0093,Depósito,47279.65,2024-07-05 16:08:59,Balcão,Aprovada,Saurimo,Corrente
TXN002792,CLI0151,Recebimento de Salário,190242.29,2024-05-29 09:22:25,Agente Bancário,Aprovada,Malanje,Corrente
TXN004213,cli0148,Transferência,101750.2,2024-02-10 19:08:36,Internet Banking,Aprovada,Kuito,Jovem
TXN001991,CLI0002,Recebimento de Salário,212527.53,2024-08-13 15:21:05,Internet Banking,Pendente,Saurimo,Jovem
TXN002302,CLI0041,Levantamento,116095.92,2024-03-22 00:29:03,Agente Bancário,Aprovada,Saurimo,Corrente
TXN001064,CLI0117,Recarga de Telemóvel,167341.92,2023-04-01 09:30:38,Internet Banking,Aprovada,Sumbe,Jovem
TXN003093,CLI0071,Recebimento de Salário,178078.6,2023-05-23 18:28:33,ATM,Aprovada,Lubango,Empresarial
TXN004703,CLI0186,Depósito,100108.47,2023-10-22 20:17:39,Agente Bancário,Aprovada,Saurimo,Poupança
TXN004768,CLI0056,Depósito,109984.05,2024-09-11 22:47:40,,Recusada,Huambo,Empresarial
TXN002674,cli0081,Compra com Cartão,168804.51,03/10/2023 02:15,App Mobile,Recusada,Uíge,Empresarial
TXN002239,CLI0108,Pagamento de Serviço,189746.85,2024-03-01 18:25:08,Agente Bancário,Recusada,Lubango,Corrente
TXN001493,CLI0188,Pagamento de Empréstimo,205915.22,2023-03-23 17:44:14,App Mobile,Aprovada,Benguela,Poupança
TXN003639,cli0079,Depósito,41570.19,2024-02-01 12:48:18,Internet Banking,Aprovada,Malanje,Poupança
TXN002260,CLI0089,Transferência,234018.72,2024-12-02 16:58:17,Agente Bancário,Pendente,Uíge,Empresarial
TXN001071,CLI0183,Pagamento de Serviço,-160285.07,2024-03-19 14:55:14,Internet Banking,,Saurimo,Corrente
TXN000058,CLI0189,Depósito,140441.25,2023-06-11 01:07:46,ATM,Recusada,Sumbe,Jovem
TXN002498,CLI0123,Recebimento de Salário,23575.95,2024-05-30 13:46:57,Agente Bancário,Aprovada,Kuito,Poupança
TXN004156,CLI0164,DEPÓSITO,41591.9,2023-02-19 22:16:43,Balcão,Aprovada,Cabinda,Empresarial
TXN002548,CLI0059,Depósito,225674.71,2023-10-31 05:52:46,Internet Banking,Aprovada,Lubango,Jovem
TXN001082,CLI0027,Pagamento de Serviço,140896.56,2023-01-03 15:46:16,Balcão,Aprovada,Sumbe,Corrente
TXN000033,CLI0155,Recebimento de Salário,88210.97,2023-12-11 19:03:07,ATM,Pendente,Malanje,Corrente
TXN000505,cli0180,Pagamento de Empréstimo,59477.28,2024-11-04 09:10:26,Balcão,Recusada,Huambo,Corrente
TXN002720,CLI0080,Transferência,38599.64,2023-05-12 04:27:20,Internet Banking,Aprovada,Lubango,Jovem
TXN004416,CLI0172,Transferência,235610.72,2023-09-30 19:43:07,App Mobile,Pendente,Cabinda,Jovem
TXN001712,CLI0148,Recebimento de Salário,124076.63,2023-11-21 23:20:16,Agente Bancário,Aprovada,Kuito,Jovem
TXN004471,CLI0080,Levantamento,31417.06,2023-12-08 14:59:02,App Mobile,Pendente,Lubango,Jovem
TXN004729,CLI0016,Pagamento de Empréstimo,22459.85,2024-12-11 14:44:30,ATM,Aprovada,Huambo,Jovem
TXN001050,CLI0094,Compra com Cartão,225063.19,2023-10-11 03:02:35,Internet Banking,Aprovada,Luanda,Empresarial
TXN000371,CLI0079,Compra com Cartão,191874.63,2023-09-09 14:22:40,Agente Bancário,Recusada,Malanje,Poupança
TXN001036,CLI0072,Compra com Cartão,82543.0,30/01/2024 10:31,App Mobile,Pendente,Lubango,Jovem
TXN004021,CLI0072,Recebimento de Salário,41855.59,2023-05-05 06:13:24,ATM,Recusada,Lubango,Jovem
TXN003449,CLI0070,Pagamento de Electricidade,62322.28,2024-06-29 12:43:05,Internet Banking,Aprovada,Huambo,Corrente
TXN003622,CLI0012,Recebimento de Salário,172170.68,2023-04-12 22:14:52,Internet Banking,Aprovada,Cabinda,Corrente
TXN000951,cli0087,Compra com Cartão,45092.68,2023-07-27 13:37:52,Balcão,Recusada,Uíge,Poupança
TXN003321,CLI0171,Pagamento de Renda,175362.47,2024-10-14 01:33:20,Balcão,Aprovada,Benguela,Corrente
TXN004682,CLI0133,Pagamento de Electricidade,162188.76,2023-06-26 15:31:51,ATM,Aprovada,Kuito,Jovem
TXN001895,CLI0079,PAGAMENTO DE SERVIÇO,233978.02,2024-07-21 20:29:24,Balcão,Aprovada,Malanje,Poupança
TXN002329,CLI0092,Pagamento de Serviço,224357.17,2023-09-08 09:32:48,Balcão,Aprovada,Benguela,Poupança
TXN000942,CLI0141,Recebimento de Salário,94384.75,2024-06-03 04:33:57,ATM,Aprovada,Malanje,Jovem
TXN000221,CLI0176,Transferência,221954.69,29/03/2023 17:18,Internet Banking,Aprovada,Benguela,Poupança
TXN004170,CLI0166,Compra com Cartão,87241.44,2023-06-14 10:12:19,Balcão,Aprovada,Uíge,Empresarial
TXN002433,CLI0085,Recebimento de Salário,3375.61,2024-11-13 14:03:24,Agente Bancário,Aprovada,Uíge,Empresarial
TXN004526,CLI0020,Pagamento de Electricidade,162184.7,2023-12-06 07:34:07,Balcão,Aprovada,Huambo,Jovem
TXN004421,CLI0072,Recarga de Telemóvel,40182.79,2023-12-03 11:47:01,ATM,Aprovada,Lubango,Jovem
TXN002717,cli0173,Recebimento de Salário,20633.95,2024-08-28 08:38:52,App Mobile,Aprovada,Benguela,Jovem
TXN004531,CLI0070,Pagamento de Serviço,201286.28,2024-08-02 16:41:58,Agente Bancário,Pendente,Huambo,Corrente
TXN004370,CLI0028,Depósito,182182.69,2023-04-25 02:19:36,Balcão,Pendente,Kuito,Poupança
TXN000311,CLI0056,Pagamento de Empréstimo,199965.86,2024-09-02 06:58:54,Internet Banking,Aprovada,Huambo,Empresarial
TXN004250,CLI0049,Levantamento,155106.07,2024-04-24 19:32:52,ATM,Aprovada,Saurimo,Poupança
TXN002047,CLI0051,Pagamento de Electricidade,46393.91,2023-11-05 06:01:02,App Mobile,Aprovada,Cabinda,Poupança
TXN002218,CLI0196,Levantamento,66575.43,2024-04-28 06:56:34,Agente Bancário,Aprovada,Saurimo,Corrente
TXN002974,CLI0191,Pagamento de Renda,12307.62,2023-04-14 10:14:41,Agente Bancário,Aprovada,Benguela,Corrente
TXN002491,CLI0052,Depósito,28106.69,2023-03-22 04:58:10,Internet Banking,Recusada,Uíge,Corrente
TXN000153,CLI0188,Recarga de Telemóvel,233133.18,2023-01-05 22:53:32,,Aprovada,Benguela,Poupança
TXN001983,cli0037,Pagamento de Serviço,156356.11,2023-12-16 18:23:10,Internet Banking,Aprovada,Huambo,Jovem
TXN001887,CLI0039,Pagamento de Serviço,10090.87,2023-11-29 08:24:06,ATM,Aprovada,Kuito,Corrente
TXN004636,CLI0026,Recarga de Telemóvel,228967.17,2023-03-05 01:59:16,App Mobile,Recusada,Lubango,Empresarial
TXN000412,CLI0198,Pagamento de Empréstimo,18962.27,2024-08-29 09:53:10,App Mobile,Aprovada,Uíge,Corrente
TXN004986,CLI0125,Pagamento de Empréstimo,80347.29,2024-09-24 12:21:18,App Mobile,Recusada,Sumbe,Empresarial
TXN002555,CLI0177,Recebimento de Salário,62746.67,2023-07-21 06:15:50,Balcão,Pendente,Lubango,Poupança
TXN002208,cli0187,Levantamento,63946.74,13/02/2023 20:51,App Mobile,Aprovada,Kuito,Empresarial
TXN001287,CLI0162,Pagamento de Electricidade,247106.52,2023-04-27 08:00:46,Balcão,Pendente,Luanda,Empresarial
TXN003122,CLI0187,Pagamento de Serviço,142191.45,2024-07-08 02:40:22,App Mobile,Pendente,Kuito,Empresarial
TXN001913,CLI0114,Recarga de Telemóvel,98239.66,2023-04-28 17:07:46,Agente Bancário,Aprovada,Malanje,Jovem
TXN002162,CLI0090,Recarga de Telemóvel,-185549.62,2024-08-28 15:41:06,ATM,Pendente,Cabinda,Poupança
TXN003239,CLI0200,COMPRA COM CARTÃO,79213.2,2024-10-08 05:17:01,Internet Banking,Aprovada,Malanje,Empresarial
TXN004488,CLI0198,Recarga de Telemóvel,157425.84,2023-03-29 22:18:24,Internet Banking,Aprovada,Uíge,Corrente
TXN000222,CLI0191,Pagamento de Electricidade,218349.32,2024-06-04 06:48:13,Agente Bancário,Aprovada,Benguela,Corrente
TXN002214,CLI0188,Levantamento,181054.37,2023-04-05 10:00:51,Internet Banking,Recusada,Benguela,Poupança
TXN001737,CLI0003,Recarga de Telemóvel,114318.53,2023-08-31 07:23:05,Agente Bancário,Aprovada,Saurimo,Corrente
TXN004749,CLI0062,Depósito,208357.45,2024-09-13 04:35:57,Balcão,Aprovada,Saurimo,Jovem
TXN001730,CLI0002,Pagamento de Renda,102062.05,2023-07-10 04:51:51,App Mobile,Aprovada,Saurimo,Jovem
TXN000916,CLI0027,Pagamento de Serviço,141133.11,2023-07-24 05:30:44,App Mobile,Aprovada,Sumbe,Corrente
TXN000429,CLI0139,Recarga de Telemóvel,156802.83,2024-08-21 08:00:57,ATM,Aprovada,Kuito,Poupança
TXN000394,cli0107,Transferência,34002.22,2023-04-08 12:24:21,App Mobile,Pendente,Kuito,Empresarial
TXN002028,CLI0086,Pagamento de Empréstimo,228920.35,2023-09-11 13:17:59,Balcão,Pendente,Huambo,Corrente
TXN000242,CLI0182,Pagamento de Empréstimo,130391.27,2023-05-23 19:34:06,Agente Bancário,Aprovada,Uíge,Corrente
TXN003853,CLI0098,Levantamento,17176.23,2024-10-31 03:22:37,Internet Banking,Pendente,Sumbe,Corrente
TXN001243,CLI0088,Recebimento de Salário,128348.73,2024-09-19 00:41:50,Internet Banking,Aprovada,Cabinda,Poupança
TXN002483,CLI0033,Transferência,244190.81,2024-05-28 17:14:49,Internet Banking,Aprovada,Cabinda,Corrente
TXN001742,CLI0056,Depósito,137361.66,2023-01-15 02:46:56,Balcão,Aprovada,Huambo,Empresarial
TXN004655,CLI0050,Pagamento de Empréstimo,157971.07,2024-01-17 00:11:53,Agente Bancário,Aprovada,Malanje,Corrente
TXN001935,CLI0020,Pagamento de Serviço,77243.89,2023-09-11 12:29:09,ATM,Recusada,Huambo,Jovem
TXN003072,CLI0127,Levantamento,196763.27,2024-06-11 22:03:57,Agente Bancário,Aprovada,Malanje,Corrente
TXN000527,CLI0015,Levantamento,23591.48,2023-10-24 05:38:32,Agente Bancário,Recusada,Kuito,Empresarial
TXN002319,CLI0158,Pagamento de Electricidade,97643.53,2023-06-10 00:11:06,ATM,Aprovada,Lubango,Jovem
TXN003560,CLI0179,Pagamento de Renda,20240.41,2024-07-27 14:14:53,Agente Bancário,Aprovada,Luanda,Empresarial
TXN004280,CLI0178,Pagamento de Empréstimo,77389.49,2024-08-24 00:31:32,App Mobile,Aprovada,Saurimo,Poupança
TXN002242,CLI0102,Pagamento de Serviço,89822.87,2023-07-22 19:37:56,Agente Bancário,Recusada,Sumbe,Empresarial
TXN002357,CLI0197,RECEBIMENTO DE SALÁRIO,6836.87,2023-12-25 10:36:04,Balcão,Aprovada,Malanje,Empresarial
TXN001698,CLI0159,Pagamento de Electricidade,117268.58,2023-12-12 20:53:54,ATM,Aprovada,Uíge,Empresarial
TXN004804,CLI0110,Recebimento de Salário,178446.42,2024-09-06 22:25:40,ATM,Aprovada,Kuito,Empresarial
TXN002388,cli0147,Compra com Cartão,227563.99,2023-07-17 00:21:49,Balcão,Aprovada,Malanje,Empresarial
TXN004888,CLI0002,Pagamento de Electricidade,82271.71,2023-06-21 22:52:44,Internet Banking,Aprovada,Saurimo,Jovem
TXN002664,CLI0063,Pagamento de Renda,1798.44,2024-07-22 17:21:15,App Mobile,Recusada,Kuito,Corrente
TXN001188,CLI0154,Recebimento de Salário,25541.47,2023-06-30 08:09:45,Internet Banking,Aprovada,Lubango,Jovem
TXN002366,CLI0061,Pagamento de Renda,194711.74,2024-07-03 13:32:19,Agente Bancário,Aprovada,Malanje,Poupança
TXN002165,CLI0056,Recebimento de Salário,131728.17,2024-02-28 02:49:08,ATM,Aprovada,Huambo,Empresarial
TXN001500,CLI0093,Pagamento de Serviço,142593.21,2024-09-29 13:06:36,Internet Banking,Aprovada,Saurimo,Corrente
TXN004573,CLI0026,Compra com Cartão,204800.33,2023-11-14 21:36:34,ATM,Aprovada,Lubango,Empresarial
TXN002090,CLI0008,Recebimento de Salário,-202343.69,2024-03-13 08:56:13,ATM,Aprovada,Saurimo,Poupança
TXN004414,CLI0072,Pagamento de Empréstimo,209136.27,2024-07-27 22:15:59,ATM,Recusada,Lubango,Jovem
TXN000969,CLI0183,Pagamento de Serviço,16670.8,2023-08-16 13:34:43,App Mobile,Aprovada,Saurimo,Corrente
TXN004199,CLI0136,Pagamento de Renda,218887.14,2024-08-15 14:58:31,ATM,Recusada,Huambo,Empresarial
TXN004314,CLI0023,Levantamento,58795.5,2023-06-29 00:26:08,Balcão,Pendente,Malanje,Poupança
TXN001661,CLI0175,Pagamento de Renda,171553.19,2023-10-01 08:41:57,App Mobile,Recusada,Cabinda,Empresarial
TXN000042,CLI0129,Depósito,76379.07,2023-04-29 20:24:54,Balcão,Recusada,Saurimo,Jovem
TXN002836,CLI0154,Pagamento de Electricidade,55126.74,2023-06-02 02:36:13,Internet Banking,Aprovada,Lubango,Jovem
TXN001175,CLI0121,Recarga de Telemóvel,217854.18,2024-08-11 07:17:21,Internet Banking,Aprovada,Lubango,Empresarial
TXN003599,CLI0081,Transferência,79527.52,31/07/2024 14:44,App Mobile,Aprovada,Uíge,Empresarial
TXN004557,CLI0094,Compra com Cartão,241350.39,2023-02-10 17:12:48,Agente Bancário,Aprovada,Luanda,Empresarial
TXN003133,CLI0041,Levantamento,107080.82,2023-01-22 12:08:56,ATM,Aprovada,Saurimo,Corrente
TXN000626,CLI0117,Pagamento de Empréstimo,205945.69,2024-04-21 03:39:39,App Mobile,Aprovada,Sumbe,Jovem
TXN003228,cli0020,Pagamento de Serviço,109513.88,2024-10-17 17:47:30,Agente Bancário,Recusada,Huambo,Jovem
TXN001519,CLI0077,Pagamento de Electricidade,84534.28,2024-05-22 22:20:52,Balcão,Aprovada,Huambo,Jovem
TXN001975,CLI0060,Levantamento,243751.82,2024-04-11 09:28:17,App Mobile,Recusada,Kuito,Jovem
TXN002095,CLI0033,Pagamento de Empréstimo,209830.88,2023-04-05 01:39:14,Balcão,,Cabinda,Corrente
TXN000605,CLI0174,Transferência,221310.38,2024-09-03 14:27:44,Internet Banking,Pendente,Cabinda,Poupança
TXN001670,CLI0146,Depósito,-180392.84,2024-12-10 21:50:00,Agente Bancário,Aprovada,Sumbe,Corrente
TXN000724,CLI0054,Recarga de Telemóvel,87191.74,2024-05-18 19:37:42,Balcão,Aprovada,Cabinda,Poupança
TXN002837,CLI0068,Depósito,149511.91,2023-12-08 21:18:19,ATM,Aprovada,Malanje,Jovem
TXN000107,CLI0102,Pagamento de Empréstimo,215618.48,2024-09-16 13:04:17,Agente Bancário,Aprovada,Sumbe,Empresarial
TXN003053,CLI0186,Pagamento de Electricidade,43693.68,2024-01-01 03:46:58,Agente Bancário,Recusada,Saurimo,Poupança
TXN001242,CLI0159,Levantamento,85854.25,2023-04-24 06:09:00,Balcão,Aprovada,Uíge,Empresarial
TXN001554,CLI0094,Recarga de Telemóvel,93778.58,2023-01-22 17:45:38,Internet Banking,Aprovada,Luanda,Empresarial
TXN003332,CLI0167,Levantamento,55703.03,2023-08-04 13:44:19,Internet Banking,Recusada,Benguela,Jovem
TXN003700,CLI0014,Pagamento de Renda,7550.69,26/10/2024 16:02,Balcão,Aprovada,Sumbe,Jovem
TXN001703,CLI0088,Recarga de Telemóvel,189502.74,2023-10-22 11:12:33,Internet Banking,Aprovada,Cabinda,Poupança
TXN002500,CLI0119,Pagamento de Electricidade,179416.1,2024-11-15 03:58:44,ATM,Aprovada,Lubango,Empresarial
TXN002842,CLI0184,Pagamento de Empréstimo,207551.87,2024-02-13 18:19:20,App Mobile,Aprovada,Sumbe,Corrente
TXN003348,CLI0078,Recebimento de Salário,19234.04,2024-05-09 06:49:14,Balcão,Aprovada,Kuito,Jovem
TXN004970,CLI0067,Recarga de Telemóvel,163425.12,2024-07-26 06:31:17,Balcão,Aprovada,Lubango,Jovem
TXN001283,CLI0019,Pagamento de Serviço,85108.43,2023-03-06 21:49:05,Agente Bancário,Recusada,Kuito,Empresarial
TXN001349,CLI0045,Levantamento,142182.83,2023-09-12 07:02:21,Agente Bancário,Aprovada,Lubango,Empresarial
TXN000653,CLI0181,Pagamento de Electricidade,47611.4,2024-12-07 18:40:53,Balcão,Recusada,Lubango,Empresarial
TXN001426,CLI0147,Recarga de Telemóvel,248266.3,2024-11-18 08:40:54,Agente Bancário,Recusada,Malanje,Empresarial
TXN002622,CLI0191,Transferência,108431.4,2024-11-04 18:38:25,Balcão,Aprovada,Benguela,Corrente
TXN001366,CLI0056,Transferência,54009.67,2024-11-19 06:04:49,App Mobile,Recusada,Huambo,Empresarial
TXN001650,CLI0053,Recarga de Telemóvel,197506.14,2024-06-06 20:53:25,Agente Bancário,Aprovada,Cabinda,Poupança
TXN002332,CLI0092,Pagamento de Empréstimo,160510.86,2024-08-27 19:04:58,Balcão,Aprovada,Benguela,Poupança
TXN004956,cli0123,Pagamento de Serviço,60737.57,2023-09-10 22:19:27,Internet Banking,Aprovada,Kuito,Poupança
TXN004949,CLI0200,Transferência,-115113.69,2024-11-20 15:01:10,App Mobile,Aprovada,Malanje,Empresarial
TXN000434,CLI0070,Pagamento de Serviço,173206.53,2023-01-25 22:17:11,App Mobile,Aprovada,Huambo,Corrente
TXN001035,CLI0188,Pagamento de Electricidade,217405.64,2023-07-07 10:01:11,Agente Bancário,Aprovada,Benguela,Poupança
TXN002364,CLI0017,COMPRA COM CARTÃO,176046.62,2023-06-02 06:01:32,Agente Bancário,Aprovada,Huambo,Jovem
TXN002615,CLI0126,Levantamento,162350.69,2024-05-08 19:02:50,Agente Bancário,Aprovada,Sumbe,Jovem
TXN001057,CLI0199,Transferência,232242.13,2024-05-19 09:49:26,ATM,Aprovada,Kuito,Poupança
TXN001479,CLI0016,Pagamento de Serviço,80171.51,2024-12-22 05:32:30,Agente Bancário,Aprovada,Huambo,Jovem
TXN000694,CLI0137,Recarga de Telemóvel,148281.38,2024-01-06 09:20:58,Agente Bancário,Aprovada,Benguela,Jovem
TXN003334,CLI0199,Pagamento de Renda,96519.95,2024-03-11 00:51:11,Agente Bancário,Pendente,Kuito,Poupança
TXN003121,CLI0037,Recarga de Telemóvel,64001.64,2024-10-17 08:56:24,,Aprovada,Huambo,Jovem
TXN002738,CLI0148,Recebimento de Salário,197268.52,2024-03-04 04:01:43,App Mobile,Aprovada,Kuito,Jovem
TXN004476,CLI0177,Recebimento de Salário,209055.15,2023-05-07 12:50:28,Agente Bancário,Aprovada,Lubango,Poupança
TXN001645,CLI0157,Pagamento de Electricidade,172818.35,2024-03-22 21:37:26,Agente Bancário,Aprovada,Malanje,Jovem
TXN003411,CLI0123,Pagamento de Electricidade,216394.62,2024-09-08 02:34:33,ATM,Aprovada,Kuito,Poupança
TXN004592,CLI0019,Transferência,113332.59,2023-08-24 12:12:18,ATM,Aprovada,Kuito,Empresarial
TXN004958,CLI0123,Compra com Cartão,121424.73,2024-02-24 10:13:17,Balcão,Recusada,Kuito,Poupança
TXN004798,CLI0060,Transferência,35193.89,2024-12-04 21:03:16,ATM,Aprovada,Kuito,Jovem
TXN003246,CLI0043,Recarga de Telemóvel,248840.7,2024-11-27 03:44:05,Agente Bancário,Aprovada,Cabinda,Poupança
TXN003446,CLI0175,Depósito,197513.42,2024-04-16 10:57:56,Internet Banking,Aprovada,Cabinda,Empresarial
TXN004532,CLI0183,Compra com Cartão,27103.43,2024-12-15 09:17:23,Agente Bancário,Pendente,Saurimo,Corrente
TXN000578,CLI0119,Pagamento de Electricidade,635.46,2023-05-11 00:13:14,App Mobile,Pendente,Lubango,Empresarial
TXN003238,CLI0108,Transferência,194450.09,2024-01-20 17:45:59,App Mobile,Aprovada,Lubango,Corrente
TXN003872,CLI0134,Pagamento de Electricidade,-169153.15,2023-03-31 10:32:37,Agente Bancário,Pendente,Sumbe,Jovem
TXN003279,CLI0199,RECEBIMENTO DE SALÁRIO,197700.25,2024-05-27 12:01:02,,Pendente,Kuito,Poupança
TXN003776,cli0146,Levantamento,56699.05,2023-09-25 06:56:42,Balcão,Recusada,Sumbe,Corrente
TXN003891,CLI0063,Compra com Cartão,68665.66,2024-06-06 11:17:45,Balcão,Aprovada,Kuito,Corrente
TXN004367,CLI0178,Pagamento de Renda,108061.62,2024-11-09 20:35:25,Agente Bancário,Pendente,Saurimo,Poupança
TXN003186,CLI0088,Pagamento de Renda,87474.18,2023-10-05 08:27:46,Internet Banking,Aprovada,Cabinda,Poupança
TXN004352,CLI0164,Levantamento,227489.48,2024-09-14 21:02:24,Agente Bancário,Aprovada,Cabinda,Empresarial
TXN004535,CLI0163,Recebimento de Salário,200766.79,2024-12-24 06:05:44,ATM,Aprovada,Malanje,Empresarial
TXN001262,CLI0053,Recebimento de Salário,71219.82,2023-04-20 06:47:53,Balcão,Aprovada,Cabinda,Poupança
TXN001762,CLI0047,Recebimento de Salário,98300.16,2024-01-31 15:40:46,Internet Banking,Aprovada,Kuito,Corrente
TXN001024,CLI0165,Depósito,57167.7,2023-03-15 11:09:52,Agente Bancário,Aprovada,Cabinda,Corrente
TXN000102,CLI0098,Levantamento,61989.22,2024-09-11 20:49:36,Agente Bancário,Aprovada,Sumbe,Corrente
TXN004083,CLI0041,Compra com Cartão,122056.88,2024-05-13 20:58:40,Agente Bancário,Aprovada,Saurimo,Corrente
TXN003271,CLI0200,Pagamento de Empréstimo,43568.46,2023-11-21 12:50:46,Balcão,Recusada,Malanje,Empresarial
TXN003982,CLI0114,Pagamento de Electricidade,146448.82,2023-04-16 19:32:25,Agente Bancário,Aprovada,Malanje,Jovem
TXN002593,CLI0178,Pagamento de Empréstimo,80662.13,2023-11-24 23:30:52,ATM,Recusada,Saurimo,Poupança
TXN004950,CLI0078,Transferência,40759.87,2023-04-12 22:12:46,ATM,Aprovada,Kuito,Jovem
TXN002683,CLI0031,Recebimento de Salário,205916.37,2023-06-27 01:21:04,ATM,Recusada,Uíge,Poupança
TXN001646,cli0111,RECEBIMENTO DE SALÁRIO,172203.13,2024-07-26 20:00:18,Internet Banking,Aprovada,Huambo,Empresarial
TXN001925,CLI0163,Recebimento de Salário,136482.16,2024-04-29 13:18:02,App Mobile,Aprovada,Malanje,Empresarial
TXN003989,CLI0055,Recarga de Telemóvel,158147.41,2023-10-31 16:03:58,Internet Banking,Aprovada,Uíge,Poupança
TXN003997,CLI0053,Levantamento,225742.56,2024-05-07 09:39:22,,Aprovada,Cabinda,Poupança
TXN004738,CLI0198,Pagamento de Empréstimo,236759.68,2023-03-18 12:24:00,Internet Banking,Aprovada,Uíge,Corrente
TXN000325,CLI0158,Compra com Cartão,18061.84,2024-07-24 08:21:01,Agente Bancário,Aprovada,Lubango,Jovem
TXN000118,CLI0116,Pagamento de Electricidade,176331.54,2023-01-04 10:57:17,Internet Banking,Aprovada,Benguela,Jovem
TXN003013,CLI0163,Pagamento de Electricidade,236959.96,2023-07-20 21:42:34,Agente Bancário,Recusada,Malanje,Empresarial
TXN003361,CLI0009,Transferência,22438.66,2023-01-14 18:50:42,ATM,Recusada,Lubango,Corrente
TXN004189,CLI0040,Depósito,-69162.61,2023-02-09 20:04:48,ATM,Aprovada,Kuito,Poupança
TXN002008,CLI0026,Pagamento de Serviço,120138.42,2024-06-02 13:49:46,App Mobile,Aprovada,Lubango,Empresarial
TXN004808,CLI0002,Pagamento de Electricidade,158985.72,2023-06-01 20:56:44,App Mobile,Aprovada,Saurimo,Jovem
TXN004166,CLI0196,Recebimento de Salário,57170.21,2023-10-17 14:56:01,,Pendente,Saurimo,Corrente
TXN001679,CLI0083,Recarga de Telemóvel,146321.76,2023-05-21 13:03:09,App Mobile,Aprovada,Cabinda,Empresarial
TXN004699,CLI0056,Transferência,220920.23,2023-06-27 18:48:29,Agente Bancário,Aprovada,Huambo,Empresarial
TXN003625,CLI0089,Pagamento de Electricidade,72000.45,2024-09-19 16:41:58,Agente Bancário,Aprovada,Uíge,Empresarial
TXN004780,cli0194,Compra com Cartão,164142.09,2023-09-29 00:44:10,Agente Bancário,Aprovada,Lubango,Poupança
TXN003765,CLI0154,Pagamento de Empréstimo,156823.96,2023-09-03 10:15:56,Internet Banking,Aprovada,Lubango,Jovem
TXN004010,CLI0075,Transferência,5026.7,2023-07-06 14:13:55,Balcão,Aprovada,Huambo,Jovem
TXN004916,CLI0078,Compra com Cartão,110146.97,2024-03-28 04:24:49,App Mobile,Aprovada,Kuito,Jovem
TXN003204,CLI0108,Recebimento de Salário,75728.28,2024-11-23 10:30:48,Agente Bancário,Recusada,Lubango,Corrente
TXN003369,CLI0048,Levantamento,77598.46,2024-02-13 19:31:56,Balcão,Aprovada,Malanje,Corrente
TXN002647,CLI0091,Pagamento de Renda,142261.68,2024-03-28 19:48:24,Agente Bancário,Aprovada,Lubango,Corrente
TXN001692,CLI0118,Pagamento de Electricidade,140479.48,2023-05-13 14:00:52,App Mobile,Aprovada,Saurimo,Corrente
TXN002406,CLI0087,Compra com Cartão,236796.92,2024-08-28 17:52:29,Agente Bancário,Aprovada,Uíge,Poupança
TXN003809,cli0004,Recarga de Telemóvel,140722.1,2023-06-26 07:31:52,ATM,Aprovada,Saurimo,Empresarial
TXN003305,CLI0085,Compra com Cartão,217422.36,2024-06-05 22:17:02,Internet Banking,Aprovada,Uíge,Empresarial
TXN001591,CLI0149,Pagamento de Empréstimo,36610.56,2023-04-07 20:22:31,ATM,Aprovada,Saurimo,Corrente
TXN001098,CLI0083,Compra com Cartão,245900.94,2024-04-13 05:14:25,Balcão,Aprovada,Cabinda,Empresarial
TXN002608,CLI0110,Pagamento de Electricidade,154855.5,2024-05-19 03:13:27,Agente Bancário,Recusada,Kuito,Empresarial
TXN002824,CLI0023,Compra com Cartão,80697.3,2024-11-21 20:29:02,App Mobile,Aprovada,Malanje,Poupança
TXN002709,CLI0014,Depósito,78392.42,2024-03-29 15:48:18,Agente Bancário,Pendente,Sumbe,Jovem
TXN003752,CLI0198,Pagamento de Empréstimo,76552.53,2024-11-24 19:26:27,Agente Bancário,Aprovada,Uíge,Corrente
TXN004271,CLI0163,Recarga de Telemóvel,165523.54,2023-03-07 23:41:47,Balcão,Pendente,Malanje,Empresarial
TXN004285,CLI0191,Pagamento de Serviço,199290.48,2023-01-18 22:32:30,ATM,Pendente,Benguela,Corrente
TXN004323,CLI0177,Pagamento de Renda,92320.35,2024-03-05 13:19:46,,Aprovada,Lubango,Poupança
TXN004373,cli0074,Levantamento,123520.21,2023-11-28 22:43:52,Balcão,Aprovada,Huambo,Corrente
TXN000106,CLI0077,Pagamento de Renda,236083.46,2023-07-15 12:01:23,Balcão,,Huambo,Jovem
TXN001872,CLI0178,LEVANTAMENTO,28355.69,2024-02-23 11:32:05,Internet Banking,Pendente,Saurimo,Poupança
TXN004294,CLI0009,Compra com Cartão,190874.87,2023-04-21 11:09:47,Balcão,Aprovada,Lubango,Corrente
TXN001073,CLI0109,PAGAMENTO DE ELECTRICIDADE,163507.42,2024-11-13 11:48:06,App Mobile,Aprovada,Huambo,Poupança
TXN002265,CLI0111,PAGAMENTO DE ELECTRICIDADE,65585.13,2024-10-19 07:47:24,Balcão,Aprovada,Huambo,Empresarial
TXN002327,CLI0131,Recarga de Telemóvel,182009.52,2024-02-20 16:26:16,App Mobile,Aprovada,Sumbe,Empresarial
TXN001291,CLI0069,Recarga de Telemóvel,165500.31,2023-10-15 01:12:54,ATM,Aprovada,Uíge,Empresarial
TXN000859,CLI0111,Recarga de Telemóvel,8310.87,2023-08-26 00:22:20,Balcão,Pendente,Huambo,Empresarial
TXN001820,CLI0104,Pagamento de Electricidade,140285.4,2024-09-20 00:12:16,Agente Bancário,Recusada,Uíge,Jovem
TXN004336,CLI0154,Pagamento de Renda,119638.08,2024-10-01 07:41:11,App Mobile,Aprovada,Lubango,Jovem
TXN001215,CLI0186,Recebimento de Salário,200517.61,2023-08-22 06:47:23,Balcão,Recusada,Saurimo,Poupança
TXN004197,CLI0176,Depósito,41909.37,2023-05-11 18:41:15,Internet Banking,Aprovada,Benguela,Poupança
TXN004837,CLI0109,Transferência,82101.67,2023-05-15 05:15:54,ATM,Pendente,Huambo,Poupança
TXN001497,CLI0047,Transferência,60472.43,2023-12-18 13:31:20,App Mobile,Pendente,Kuito,Corrente
TXN002285,CLI0094,Pagamento de Serviço,50471.06,2024-12-10 18:14:41,App Mobile,Aprovada,Luanda,Empresarial
TXN000162,CLI0085,Levantamento,42413.31,2023-02-09 07:57:18,Balcão,Aprovada,Uíge,Empresarial
TXN001044,CLI0182,Pagamento de Renda,109723.39,17/09/2024 23:01,App Mobile,Aprovada,Uíge,Corrente
TXN001660,CLI0109,Pagamento de Electricidade,109749.25,2024-08-16 18:45:02,App Mobile,Aprovada,Huambo,Poupança
TXN001865,CLI0008,Recebimento de Salário,209814.51,2023-05-26 02:33:32,Internet Banking,Aprovada,Saurimo,Poupança
TXN000319,CLI0049,Pagamento de Electricidade,81258.38,2023-09-28 00:56:21,ATM,Recusada,Saurimo,Poupança
TXN004346,CLI0094,Pagamento de Renda,108202.73,2024-04-01 18:04:23,Agente Bancário,Recusada,Luanda,Empresarial
TXN001620,CLI0185,Recebimento de Salário,136842.9,2024-11-16 22:08:11,App Mobile,Pendente,Benguela,Jovem
TXN000767,CLI0188,Pagamento de Empréstimo,114935.44,2024-11-27 07:59:31,Balcão,Aprovada,Benguela,Poupança
TXN004305,CLI0120,Recarga de Telemóvel,82573.04,2023-09-09 23:50:32,Internet Banking,Aprovada,Benguela,Poupança
TXN003730,CLI0138,RECEBIMENTO DE SALÁRIO,230188.88,2023-07-17 00:06:38,ATM,Aprovada,Malanje,Empresarial
TXN004233,CLI0117,Pagamento de Empréstimo,44575.88,2024-05-28 21:46:48,Balcão,Aprovada,Sumbe,Jovem
TXN000104,CLI0027,Depósito,23719.53,2024-03-06 11:24:21,Balcão,Aprovada,Sumbe,Corrente
TXN004306,CLI0118,Pagamento de Empréstimo,245585.03,2023-01-02 17:31:09,Internet Banking,Aprovada,Saurimo,Corrente
TXN003569,cli0192,Compra com Cartão,200237.4,2024-10-16 18:40:16,Agente Bancário,Pendente,Luanda,Empresarial
TXN004481,CLI0139,Recebimento de Salário,206014.94,2024-07-23 00:21:08,Agente Bancário,Pendente,Kuito,Poupança
TXN000720,CLI0075,Depósito,243132.26,2024-09-09 00:30:35,Agente Bancário,Aprovada,Huambo,Jovem
TXN002339,CLI0127,Transferência,187472.01,2023-09-16 11:03:27,Balcão,Pendente,Malanje,Corrente
TXN000808,CLI0010,Pagamento de Electricidade,133266.87,2023-02-21 03:29:03,App Mobile,Aprovada,Cabinda,Poupança
TXN000824,CLI0140,Transferência,35083.16,2023-03-16 14:21:29,Internet Banking,Aprovada,Uíge,Empresarial
TXN002171,CLI0147,Levantamento,88443.66,2024-11-01 06:58:06,ATM,Recusada,Malanje,Empresarial
TXN003009,CLI0150,Levantamento,221545.27,2023-01-18 04:42:23,ATM,Aprovada,Benguela,Jovem
TXN004619,CLI0187,Levantamento,34761.11,2023-02-08 06:23:17,Balcão,Aprovada,Kuito,Empresarial
TXN001224,CLI0092,Recarga de Telemóvel,176561.53,2024-05-22 13:55:32,App Mobile,Aprovada,Benguela,Poupança
TXN000215,CLI0076,Transferência,227633.98,21/01/2024 12:43,Balcão,Recusada,Sumbe,Empresarial
TXN004904,CLI0026,Compra com Cartão,248530.78,2024-05-23 08:13:46,Balcão,Aprovada,Lubango,Empresarial
TXN001454,CLI0163,Transferência,72653.02,2024-06-28 04:06:04,Internet Banking,,Malanje,Empresarial
TXN001653,CLI0048,Pagamento de Renda,16293.52,2024-10-26 23:34:30,,Pendente,Malanje,Corrente
TXN000751,CLI0193,Compra com Cartão,78960.87,2023-06-01 08:53:44,Internet Banking,Recusada,Luanda,Empresarial
TXN004865,CLI0175,Compra com Cartão,205269.15,2023-02-07 07:43:43,Internet Banking,Aprovada,Cabinda,Empresarial
TXN003864,CLI0033,Transferência,120120.28,2023-10-25 12:12:19,App Mobile,Recusada,Cabinda,Corrente
TXN004976,CLI0148,Pagamento de Empréstimo,63215.66,2023-09-14 13:03:37,Agente Bancário,Aprovada,Kuito,Jovem
TXN003419,CLI0132,Pagamento de Renda,225664.95,2023-10-25 20:44:13,Internet Banking,Aprovada,Cabinda,Empresarial
TXN003317,CLI0032,Depósito,10567.38,2024-08-25 08:24:03,Internet Banking,Aprovada,Uíge,Jovem
TXN003856,CLI0107,Depósito,217832.75,2023-07-02 21:25:22,App Mobile,Aprovada,Kuito,Empresarial
TXN004006,CLI0200,Pagamento de Renda,97692.36,2024-09-05 18:32:10,App Mobile,Recusada,Malanje,Empresarial
TXN002864,CLI0116,Recarga de Telemóvel,113475.04,2024-08-23 08:21:47,Balcão,,Benguela,Jovem
TXN001693,CLI0134,Transferência,210725.46,2023-03-28 08:12:27,Agente Bancário,Pendente,Sumbe,Jovem
TXN000342,CLI0097,Pagamento de Electricidade,42994.75,2023-07-18 10:03:05,Agente Bancário,,Uíge,Empresarial
TXN004091,CLI0071,Pagamento de Empréstimo,132189.47,2024-04-15 19:59:42,Balcão,Aprovada,Lubango,Empresarial
TXN001589,CLI0173,Depósito,144405.52,2024-06-24 04:10:52,Internet Banking,Aprovada,Benguela,Jovem
TXN002708,CLI0128,Transferência,145142.65,2024-08-06 06:04:26,ATM,Aprovada,Luanda,Poupança
TXN003716,CLI0127,Pagamento de Renda,213503.84,16/12/2023 21:18,Balcão,Aprovada,Malanje,Corrente
TXN000736,CLI0174,Recebimento de Salário,75740.16,2024-06-17 17:36:15,ATM,Pendente,Cabinda,Poupança
TXN000700,CLI0156,Depósito,168793.28,2023-05-11 21:40:13,Agente Bancário,Aprovada,Benguela,Jovem
TXN000593,CLI0159,Pagamento de Renda,144944.15,2023-12-13 18:32:47,Balcão,Pendente,Uíge,Empresarial
TXN003621,CLI0115,Pagamento de Renda,126972.49,2023-05-20 01:09:47,Agente Bancário,Aprovada,Saurimo,Corrente
TXN004458,CLI0131,Pagamento de Renda,137502.33,2024-02-13 12:28:26,Agente Bancário,Aprovada,Sumbe,Empresarial
TXN003304,CLI0144,Pagamento de Renda,216336.53,2024-07-01 10:43:24,ATM,Aprovada,Sumbe,Jovem
TXN002850,CLI0074,Pagamento de Electricidade,117749.32,2024-04-08 00:45:50,ATM,Aprovada,Huambo,Corrente
TXN004907,CLI0133,Pagamento de Empréstimo,34995.63,2024-11-13 15:51:24,Agente Bancário,Aprovada,Kuito,Jovem
TXN000701,CLI0014,Recebimento de Salário,93634.28,2023-05-13 10:03:05,Internet Banking,Aprovada,Sumbe,Jovem
TXN000165,CLI0098,Pagamento de Empréstimo,121427.53,2024-08-29 23:00:22,Internet Banking,Recusada,Sumbe,Corrente
TXN004327,CLI0022,Recarga de Telemóvel,232634.24,2024-03-30 17:40:49,App Mobile,Recusada,Huambo,Corrente
TXN004863,CLI0042,Pagamento de Renda,170564.79,2024-12-24 05:54:16,Balcão,Recusada,Lubango,Corrente
TXN004968,CLI0124,Pagamento de Electricidade,108045.83,2023-11-22 09:00:50,Internet Banking,Pendente,Luanda,Poupança
TXN000282,CLI0104,Pagamento de Electricidade,184362.92,2023-01-12 22:27:09,ATM,Recusada,Uíge,Jovem
TXN004402,CLI0040,Pagamento de Serviço,152583.76,2023-07-09 00:21:27,Balcão,Aprovada,Kuito,Poupança
TXN002909,CLI0130,Transferência,84294.96,2024-03-13 10:12:55,Balcão,Aprovada,Uíge,Empresarial
TXN000714,CLI0082,Depósito,13506.59,2023-01-01 09:59:25,ATM,Aprovada,Uíge,Corrente
TXN004765,CLI0106,Recarga de Telemóvel,182884.62,2024-05-24 06:18:50,ATM,Aprovada,Saurimo,Empresarial
TXN003787,CLI0002,Depósito,192250.26,2023-07-18 14:06:55,ATM,Recusada,Saurimo,Jovem
TXN001647,CLI0050,Recarga de Telemóvel,24542.11,2024-11-09 01:18:22,Internet Banking,Aprovada,Malanje,Corrente
TXN004210,CLI0140,Compra com Cartão,82922.08,2023-12-11 03:36:38,Balcão,Recusada,Uíge,Empresarial
TXN004647,CLI0154,Recarga de Telemóvel,77725.71,2024-02-17 09:16:09,Internet Banking,Aprovada,Lubango,Jovem
TXN002379,cli0065,Pagamento de Electricidade,177558.96,2024-07-12 17:03:42,Balcão,Recusada,Benguela,Empresarial
TXN003004,CLI0086,Transferência,84347.78,2023-01-24 12:05:02,Agente Bancário,Recusada,Huambo,Corrente
TXN001980,CLI0124,Compra com Cartão,212401.98,2023-03-18 15:05:57,Agente Bancário,Aprovada,Luanda,Poupança
TXN003462,CLI0196,Compra com Cartão,173600.88,2023-12-05 03:08:58,Balcão,Aprovada,Saurimo,Corrente
TXN000050,CLI0127,Pagamento de Electricidade,2540.26,2024-02-21 20:38:26,Internet Banking,Aprovada,Malanje,Corrente
TXN003741,CLI0088,Recarga de Telemóvel,70392.58,2023-04-30 06:53:03,App Mobile,Recusada,Cabinda,Poupança
TXN003681,CLI0051,Depósito,27697.27,2023-05-03 14:27:37,Internet Banking,Aprovada,Cabinda,Poupança
TXN004432,CLI0051,Depósito,88620.22,2024-07-24 13:52:20,App Mobile,Aprovada,Cabinda,Poupança
TXN000019,CLI0157,Compra com Cartão,60172.54,2024-02-19 18:41:21,Internet Banking,Aprovada,Malanje,Jovem
TXN000537,CLI0173,Recebimento de Salário,34210.93,2023-04-08 03:50:13,App Mobile,Aprovada,Benguela,Jovem
TXN003396,CLI0172,Pagamento de Serviço,232786.91,2023-10-11 10:03:03,Agente Bancário,Aprovada,Cabinda,Jovem
TXN002885,CLI0190,Pagamento de Empréstimo,-107312.62,2023-02-01 04:25:19,Balcão,Aprovada,Malanje,Empresarial
TXN001300,CLI0006,Pagamento de Serviço,139244.54,2023-07-07 12:49:51,Balcão,Aprovada,Uíge,Corrente
TXN001882,CLI0096,Pagamento de Serviço,146598.94,2023-01-15 10:07:14,,Recusada,Malanje,Corrente
TXN002883,CLI0076,PAGAMENTO DE ELECTRICIDADE,149850.19,2024-04-25 02:51:49,Internet Banking,Aprovada,Sumbe,Empresarial
TXN000401,CLI0147,Depósito,7310.87,2024-04-29 22:06:45,App Mobile,Pendente,Malanje,Empresarial
TXN000209,CLI0151,Compra com Cartão,11906.73,2024-10-01 21:33:43,ATM,Aprovada,Malanje,Corrente
TXN004583,CLI0116,Pagamento de Serviço,41872.18,2023-06-07 10:36:21,App Mobile,Aprovada,Benguela,Jovem
TXN002051,CLI0154,LEVANTAMENTO,27305.33,2023-10-30 15:13:07,Balcão,Aprovada,Lubango,Jovem
TXN000948,CLI0109,Compra com Cartão,200703.39,2024-09-18 21:54:07,Balcão,Recusada,Huambo,Poupança
TXN004231,CLI0120,Pagamento de Renda,68716.75,2024-11-30 13:56:05,App Mobile,Pendente,Benguela,Poupança
TXN000802,CLI0055,Depósito,96572.53,2024-09-27 18:09:33,ATM,Aprovada,Uíge,Poupança
TXN000468,CLI0135,Recarga de Telemóvel,200743.78,2024-08-10 10:34:46,,Pendente,Malanje,Jovem
TXN001130,CLI0039,Levantamento,59135.89,2024-07-08 11:11:57,Agente Bancário,Aprovada,Kuito,Corrente
TXN003581,CLI0143,Pagamento de Renda,145476.64,2024-03-07 07:57:44,Balcão,Pendente,Uíge,Poupança
TXN004486,CLI0190,Pagamento de Renda,192638.73,2023-08-11 12:11:29,ATM,Aprovada,Malanje,Empresarial
TXN001052,CLI0059,Pagamento de Empréstimo,67648.79,2023-12-28 09:34:04,Agente Bancário,Aprovada,Lubango,Jovem
TXN004328,CLI0091,Compra com Cartão,224870.54,2024-05-26 15:18:17,Internet Banking,Aprovada,Lubango,Corrente
TXN001507,CLI0129,Pagamento de Serviço,79820.91,2023-05-18 09:13:17,Agente Bancário,Aprovada,Saurimo,Jovem
TXN001480,CLI0193,Recarga de Telemóvel,77677.84,2023-09-02 13:27:00,ATM,Aprovada,Luanda,Empresarial
TXN001855,CLI0130,Recarga de Telemóvel,114530.59,2023-06-14 21:09:40,App Mobile,Aprovada,Uíge,Empresarial
TXN004971,CLI0075,Pagamento de Empréstimo,1214.63,2023-04-30 02:54:41,Balcão,Recusada,Huambo,Jovem
TXN003170,CLI0005,Pagamento de Renda,43267.57,2024-09-11 04:51:25,App Mobile,Aprovada,Malanje,Poupança
TXN003525,CLI0039,Transferência,46751.56,2023-03-05 03:44:35,ATM,Aprovada,Kuito,Corrente
TXN003545,CLI0196,Pagamento de Serviço,197297.39,2024-03-21 02:48:46,Balcão,Aprovada,Saurimo,Corrente
TXN001947,CLI0055,Transferência,181314.23,2024-04-30 18:36:51,ATM,Aprovada,Uíge,Poupança
TXN000525,CLI0028,Pagamento de Empréstimo,115328.18,2023-03-04 23:07:41,ATM,Aprovada,Kuito,Poupança
TXN004695,CLI0177,Pagamento de Empréstimo,41657.35,2024-11-04 11:13:00,App Mobile,Pendente,Lubango,Poupança
TXN000944,CLI0156,Transferência,85292.81,2023-10-09 09:23:48,ATM,Aprovada,Benguela,Jovem
TXN001580,CLI0100,Pagamento de Serviço,213843.36,2023-02-21 18:48:07,Internet Banking,Aprovada,Saurimo,Empresarial
TXN001537,CLI0076,Recarga de Telemóvel,209751.32,2024-12-20 17:28:18,ATM,Pendente,Sumbe,Empresarial
TXN003193,CLI0199,Pagamento de Empréstimo,113760.68,2023-06-10 04:41:17,Agente Bancário,Recusada,Kuito,Poupança
TXN002908,CLI0007,Pagamento de Empréstimo,205908.52,2023-12-28 03:05:36,Agente Bancário,Aprovada,Sumbe,Corrente
TXN003680,CLI0167,Transferência,45634.04,2023-09-02 12:08:07,Balcão,Pendente,Benguela,Jovem
TXN001856,CLI0107,Compra com Cartão,170019.43,2023-04-13 00:58:53,Internet Banking,Aprovada,Kuito,Empresarial
TXN002007,CLI0114,Depósito,224441.18,2023-05-06 11:43:59,App Mobile,Aprovada,Malanje,Jovem
TXN001749,CLI0171,DEPÓSITO,81323.51,2023-06-08 00:38:39,Balcão,Aprovada,Benguela,Corrente
TXN002699,CLI0070,Recarga de Telemóvel,168260.44,2023-05-01 01:01:52,App Mobile,Recusada,Huambo,Corrente
TXN004504,CLI0185,Pagamento de Electricidade,114402.89,2023-12-12 08:29:48,Agente Bancário,Pendente,Benguela,Jovem
TXN002731,CLI0008,Pagamento de Empréstimo,229638.52,2023-09-25 18:59:17,Internet Banking,Aprovada,Saurimo,Poupança
TXN003283,CLI0066,Depósito,17384.03,2024-09-13 13:47:42,Internet Banking,Aprovada,Malanje,Jovem
TXN001613,CLI0094,Depósito,139991.59,2024-09-25 01:56:42,ATM,Aprovada,Luanda,Empresarial
TXN004408,CLI0021,Compra com Cartão,244203.25,2024-10-22 15:01:55,Balcão,Aprovada,Huambo,Corrente
TXN004994,CLI0080,Pagamento de Electricidade,121470.81,2023-07-05 10:41:50,ATM,Aprovada,Lubango,Jovem
TXN002349,CLI0032,Depósito,237461.79,2023-04-06 14:10:43,Balcão,Aprovada,Uíge,Jovem
TXN001823,CLI0158,Transferência,61060.35,2023-04-21 19:03:25,Balcão,Aprovada,Lubango,Jovem
TXN004087,CLI0177,Pagamento de Serviço,48812.82,2023-11-07 05:23:13,Agente Bancário,Recusada,Lubango,Poupança
TXN004742,CLI0186,Pagamento de Electricidade,118508.92,2023-05-23 19:04:57,Internet Banking,Aprovada,Saurimo,Poupança
TXN003570,CLI0173,Pagamento de Renda,143256.19,2024-10-25 02:07:55,Internet Banking,Aprovada,Benguela,Jovem
TXN000632,CLI0172,Depósito,89842.7,2023-12-09 06:27:37,App Mobile,Aprovada,Cabinda,Jovem
TXN002927,CLI0200,Pagamento de Electricidade,48641.37,2024-04-28 07:16:42,Internet Banking,Aprovada,Malanje,Empresarial
TXN001590,CLI0054,Pagamento de Electricidade,150853.17,2023-03-31 13:07:35,App Mobile,Aprovada,Cabinda,Poupança
TXN000407,CLI0164,Pagamento de Empréstimo,163190.45,2024-12-14 01:32:36,Internet Banking,Recusada,Cabinda,Empresarial
TXN003479,CLI0167,Depósito,153974.56,2024-07-04 18:31:20,Internet Banking,Aprovada,Benguela,Jovem
TXN001633,CLI0092,Pagamento de Electricidade,20598.08,2023-11-21 22:48:42,ATM,Aprovada,Benguela,Poupança
TXN002652,CLI0143,Recarga de Telemóvel,144809.72,2023-02-24 13:17:17,Agente Bancário,Pendente,Uíge,Poupança
TXN000959,CLI0085,Recarga de Telemóvel,139635.45,2024-12-23 06:05:00,Internet Banking,Aprovada,Uíge,Empresarial
TXN004490,CLI0103,Recarga de Telemóvel,86701.72,2023-04-27 05:42:49,Agente Bancário,Recusada,Malanje,Empresarial
TXN004252,CLI0169,Pagamento de Electricidade,178300.09,2023-09-17 12:09:32,ATM,Aprovada,Cabinda,Poupança
TXN003644,CLI0180,Pagamento de Electricidade,143150.36,2024-03-12 07:52:46,ATM,Aprovada,Huambo,Corrente
TXN004277,CLI0023,Depósito,57006.82,2024-01-09 11:19:07,Internet Banking,Pendente,Malanje,Poupança
TXN003258,CLI0108,Pagamento de Renda,15541.0,14/10/2023 01:02,Balcão,Pendente,Lubango,Corrente
TXN004866,CLI0103,Pagamento de Empréstimo,137302.92,2023-06-05 12:40:21,Balcão,Aprovada,Malanje,Empresarial
TXN001837,CLI0170,Recebimento de Salário,43439.78,2023-12-14 08:49:29,,Aprovada,Uíge,Corrente
TXN001205,CLI0014,Pagamento de Serviço,25770.57,2024-12-17 17:14:44,ATM,Pendente,Sumbe,Jovem
TXN002541,CLI0061,Depósito,225651.18,2024-09-15 04:43:56,App Mobile,Aprovada,Malanje,Poupança
TXN000151,CLI0014,Transferência,238542.81,2023-02-05 16:10:15,ATM,Recusada,Sumbe,Jovem
TXN000009,CLI0145,Pagamento de Electricidade,38163.87,2023-09-03 13:15:22,App Mobile,Pendente,Huambo,Empresarial
TXN003091,CLI0012,Pagamento de Electricidade,106037.41,2024-05-31 23:42:39,Balcão,Aprovada,Cabinda,Corrente
TXN002144,CLI0028,Recebimento de Salário,108908.37,2024-04-18 17:37:08,App Mobile,Pendente,Kuito,Poupança
TXN001688,CLI0152,Recebimento de Salário,56508.73,2023-08-30 02:07:10,Agente Bancário,Aprovada,Cabinda,Jovem
TXN004739,CLI0126,DEPÓSITO,64402.12,2023-08-02 07:12:34,Agente Bancário,Aprovada,Sumbe,Jovem
TXN001225,CLI0062,Pagamento de Renda,9681.01,2023-05-01 13:29:36,ATM,Pendente,Saurimo,Jovem
TXN003719,CLI0187,Pagamento de Renda,180120.15,13/03/2023 15:33,Internet Banking,Aprovada,Kuito,Empresarial
TXN001894,CLI0018,Compra com Cartão,244732.74,2024-05-21 17:05:06,App Mobile,Aprovada,Kuito,Empresarial
TXN004328,CLI0091,Compra com Cartão,224870.54,2024-05-26 15:18:17,Internet Banking,Aprovada,Lubango,Corrente
TXN002611,CLI0065,Recebimento de Salário,7290.23,2024-04-13 05:12:15,ATM,Recusada,Benguela,Empresarial
TXN001447,CLI0013,Levantamento,180734.21,2023-04-15 16:15:06,Balcão,Recusada,Benguela,Poupança
TXN000197,CLI0065,Pagamento de Electricidade,160863.71,2024-07-04 23:34:53,App Mobile,Pendente,Benguela,Empresarial
TXN000480,CLI0072,Pagamento de Electricidade,197478.44,2024-08-10 10:30:31,Agente Bancário,Aprovada,Lubango,Jovem
TXN001345,CLI0175,PAGAMENTO DE EMPRÉSTIMO,57612.62,2023-09-20 21:33:42,Internet Banking,Aprovada,Cabinda,Empresarial
TXN003501,CLI0153,Levantamento,215535.76,2024-03-06 04:17:25,Internet Banking,Pendente,Huambo,Poupança
TXN004648,CLI0036,Pagamento de Serviço,64395.2,2024-11-27 13:14:19,App Mobile,Aprovada,Lubango,Poupança
TXN001956,CLI0141,Pagamento de Electricidade,165302.96,2023-02-27 23:12:03,Agente Bancário,Pendente,Malanje,Jovem
TXN002155,CLI0072,Pagamento de Serviço,29078.13,2024-11-12 12:08:18,ATM,Aprovada,Lubango,Jovem
TXN002350,CLI0170,Levantamento,121197.27,2024-02-21 18:11:46,App Mobile,Pendente,Uíge,Corrente
TXN003915,CLI0007,Recarga de Telemóvel,202582.88,2024-04-27 01:48:51,App Mobile,Aprovada,Sumbe,Corrente
TXN001570,cli0089,Pagamento de Empréstimo,97995.97,2024-08-25 09:35:16,ATM,Recusada,Uíge,Empresarial
TXN004337,CLI0143,RECARGA DE TELEMÓVEL,56915.43,2023-06-12 21:47:04,Internet Banking,Aprovada,Uíge,Poupança
TXN001574,CLI0118,Depósito,151980.01,2023-10-30 05:09:45,Agente Bancário,Aprovada,Saurimo,Corrente
TXN000424,CLI0031,Pagamento de Electricidade,209188.56,2023-09-07 18:52:11,Agente Bancário,Aprovada,Uíge,Poupança
TXN004570,CLI0186,Pagamento de Electricidade,245621.97,2024-07-24 18:53:55,Agente Bancário,Pendente,Saurimo,Poupança
TXN001859,CLI0106,Recebimento de Salário,9607.99,2024-11-29 14:30:08,Balcão,Aprovada,Saurimo,Empresarial
TXN002063,CLI0158,Levantamento,144610.04,2024-08-30 18:03:47,Internet Banking,Aprovada,Lubango,Jovem
TXN000445,CLI0182,Recarga de Telemóvel,155427.34,2023-12-18 01:29:15,Agente Bancário,Aprovada,Uíge,Corrente
TXN000305,CLI0135,Recarga de Telemóvel,135147.2,2024-01-10 02:38:17,App Mobile,,Malanje,Jovem
TXN000759,CLI0175,DEPÓSITO,185390.12,2023-02-14 07:39:02,Agente Bancário,Pendente,Cabinda,Empresarial
TXN002549,CLI0153,Transferência,226637.57,2024-05-06 23:27:14,Internet Banking,Aprovada,Huambo,Poupança
TXN004066,CLI0013,Pagamento de Empréstimo,149258.32,2023-05-20 20:32:01,Balcão,Pendente,Benguela,Poupança
TXN003612,CLI0029,Pagamento de Renda,26920.5,2024-11-14 08:50:47,App Mobile,Aprovada,Benguela,Corrente
TXN003880,CLI0005,Pagamento de Empréstimo,6957.88,2023-09-07 14:19:03,ATM,Aprovada,Malanje,Poupança
TXN003237,CLI0129,Recebimento de Salário,212533.81,2023-02-15 03:41:00,Agente Bancário,Aprovada,Saurimo,Jovem
TXN003484,CLI0160,Recarga de Telemóvel,43360.02,2024-04-23 11:54:27,Agente Bancário,Recusada,Sumbe,Empresarial
TXN000838,CLI0188,Transferência,27002.0,2024-05-31 17:21:48,ATM,Aprovada,Benguela,Poupança
TXN004626,CLI0180,PAGAMENTO DE RENDA,210819.56,15/05/2023 12:14,ATM,Aprovada,Huambo,Corrente
TXN002049,CLI0077,Depósito,143378.03,2024-09-29 10:12:00,ATM,Aprovada,Huambo,Jovem
TXN001942,CLI0118,Recebimento de Salário,47114.5,2024-05-21 23:58:14,Agente Bancário,Recusada,Saurimo,Corrente
TXN000313,CLI0064,Recebimento de Salário,248636.58,2024-07-26 22:12:53,Internet Banking,Aprovada,Uíge,Corrente
TXN002384,CLI0050,Pagamento de Electricidade,90840.9,2023-11-14 02:23:57,Balcão,Aprovada,Malanje,Corrente
TXN002276,CLI0073,Pagamento de Serviço,127413.17,2023-11-09 23:50:13,Agente Bancário,Aprovada,Saurimo,Poupança
TXN002620,CLI0135,Compra com Cartão,222695.05,2024-01-25 12:39:57,ATM,Recusada,Malanje,Jovem
TXN000886,CLI0114,Recarga de Telemóvel,229539.8,2023-08-18 02:06:34,ATM,Aprovada,Malanje,Jovem
TXN000852,CLI0050,Pagamento de Empréstimo,58392.34,2023-07-04 23:48:52,Internet Banking,Aprovada,Malanje,Corrente
TXN004835,CLI0038,Recebimento de Salário,-183153.97,2024-02-04 05:03:54,Agente Bancário,Recusada,Uíge,Jovem
TXN003810,CLI0037,Levantamento,183746.43,2023-04-06 13:14:32,Agente Bancário,Pendente,Huambo,Jovem
TXN002415,CLI0179,Levantamento,104055.58,2023-11-12 04:29:15,Balcão,Aprovada,Luanda,Empresarial
TXN001908,CLI0066,Depósito,198799.07,2024-03-09 16:17:37,Agente Bancário,Aprovada,Malanje,Jovem
TXN003390,CLI0177,Pagamento de Serviço,115582.3,2024-09-22 11:02:24,Agente Bancário,Aprovada,Lubango,Poupança
TXN003825,CLI0053,Compra com Cartão,234866.66,2024-12-21 09:57:02,Internet Banking,Aprovada,Cabinda,Poupança
TXN000905,CLI0115,Pagamento de Empréstimo,160883.23,2023-03-26 14:56:46,Internet Banking,Recusada,Saurimo,Corrente
TXN001643,CLI0046,Levantamento,76756.75,2023-01-14 06:54:41,ATM,Aprovada,Malanje,Poupança
TXN000205,CLI0106,Depósito,85996.14,2023-06-05 13:47:56,ATM,Aprovada,Saurimo,Empresarial
TXN004569,CLI0017,Pagamento de Empréstimo,170229.14,2023-06-01 23:59:01,Balcão,Aprovada,Huambo,Jovem
TXN004715,CLI0167,Transferência,178363.06,2024-11-28 05:18:22,App Mobile,Aprovada,Benguela,Jovem
TXN004810,CLI0035,Pagamento de Empréstimo,142871.52,2024-09-05 08:25:14,Internet Banking,Recusada,Benguela,Corrente
TXN004133,CLI0005,Levantamento,217360.6,2024-09-28 23:55:08,ATM,Aprovada,Malanje,Poupança
TXN001120,CLI0163,Pagamento de Renda,144516.34,2023-09-22 16:10:37,App Mobile,Recusada,Malanje,Empresarial
TXN003499,CLI0074,Levantamento,92118.49,2023-02-04 01:19:36,App Mobile,Recusada,Huambo,Corrente
TXN004963,CLI0185,PAGAMENTO DE ELECTRICIDADE,123339.05,2024-02-28 00:10:42,ATM,Aprovada,Benguela,Jovem
TXN004487,CLI0110,Depósito,201463.29,2023-04-29 05:36:08,ATM,Recusada,Kuito,Empresarial
TXN000564,CLI0117,Pagamento de Renda,236045.36,2023-05-02 19:42:13,Balcão,Pendente,Sumbe,Jovem
TXN001783,CLI0112,Pagamento de Electricidade,212501.26,2024-03-24 23:53:50,Balcão,Aprovada,Luanda,Empresarial
TXN000415,cli0010,Recebimento de Salário,82792.8,2024-06-27 17:58:29,App Mobile,Aprovada,Cabinda,Poupança
TXN002451,CLI0081,Pagamento de Electricidade,125493.22,2023-10-27 08:36:21,Agente Bancário,Pendente,Uíge,Empresarial
TXN001870,CLI0145,Pagamento de Electricidade,248474.03,2023-01-21 19:17:27,Internet Banking,Aprovada,Huambo,Empresarial
TXN002412,CLI0148,Levantamento,98379.31,2024-03-24 12:12:51,Internet Banking,Pendente,Kuito,Jovem
TXN002805,CLI0119,Pagamento de Serviço,244463.17,2023-05-21 23:32:24,Internet Banking,Aprovada,Lubango,Empresarial
TXN001813,CLI0147,Levantamento,163228.24,2023-09-28 08:20:23,Internet Banking,Aprovada,Malanje,Empresarial
TXN000917,CLI0155,Compra com Cartão,118615.01,2024-12-07 05:16:15,Agente Bancário,Pendente,Malanje,Corrente
TXN003200,CLI0009,Pagamento de Renda,212728.56,2024-06-28 12:35:01,ATM,Aprovada,Lubango,Corrente
TXN003504,CLI0103,Pagamento de Electricidade,236010.84,2024-12-03 16:45:44,App Mobile,,Malanje,Empresarial
TXN003008,CLI0054,Pagamento de Renda,196396.76,2023-06-26 23:48:12,Internet Banking,Recusada,Cabinda,Poupança
TXN004575,CLI0009,Levantamento,190508.15,2023-10-02 03:30:41,Balcão,Pendente,Lubango,Corrente
TXN004163,CLI0082,Transferência,49963.04,2024-01-11 20:48:22,ATM,Aprovada,Uíge,Corrente
TXN001963,cli0140,Depósito,21376.67,2023-11-21 00:48:52,Agente Bancário,Aprovada,Uíge,Empresarial
TXN001993,CLI0156,Pagamento de Renda,79387.61,2024-07-08 11:05:36,Balcão,Aprovada,Benguela,Jovem
TXN002969,CLI0025,Recarga de Telemóvel,104661.69,2024-07-01 13:51:30,Balcão,Aprovada,Sumbe,Poupança
TXN001223,CLI0067,Transferência,151817.66,2024-01-21 13:51:21,Agente Bancário,Aprovada,Lubango,Jovem
TXN004468,CLI0132,Pagamento de Serviço,208817.85,2024-10-01 07:49:15,App Mobile,Recusada,Cabinda,Empresarial
TXN001135,CLI0043,Recebimento de Salário,2333.81,2024-02-21 12:03:05,ATM,Aprovada,Cabinda,Poupança
TXN003355,CLI0142,Pagamento de Renda,229255.09,2023-03-15 00:45:21,Internet Banking,Aprovada,Kuito,Jovem
TXN003092,CLI0115,Pagamento de Empréstimo,138106.45,2023-10-15 03:15:44,App Mobile,Aprovada,Saurimo,Corrente
TXN004307,CLI0175,Recebimento de Salário,146946.73,2023-11-26 03:33:28,Balcão,Pendente,Cabinda,Empresarial
TXN004649,CLI0057,Pagamento de Electricidade,241282.93,2024-05-19 23:13:30,Internet Banking,Aprovada,Benguela,Jovem
TXN001875,CLI0162,Compra com Cartão,12457.06,2024-11-14 09:19:21,Balcão,Aprovada,Luanda,Empresarial
TXN003154,CLI0081,Levantamento,19285.95,2024-05-20 13:55:17,App Mobile,Aprovada,Uíge,Empresarial
TXN000493,CLI0146,Recarga de Telemóvel,87155.46,2023-06-12 21:49:16,Internet Banking,Aprovada,Sumbe,Corrente
TXN003089,CLI0177,Depósito,37986.4,2024-05-03 18:05:42,Balcão,Aprovada,Lubango,Poupança
TXN000764,CLI0104,Levantamento,217886.64,2023-12-17 15:05:45,App Mobile,Pendente,Uíge,Jovem
TXN004518,CLI0153,Pagamento de Serviço,247519.22,2023-10-02 08:17:24,Agente Bancário,Aprovada,Huambo,Poupança
TXN004482,CLI0002,Pagamento de Serviço,94832.93,2023-05-10 14:35:24,Agente Bancário,Aprovada,Saurimo,Jovem
TXN001587,CLI0052,Pagamento de Electricidade,226531.27,2023-11-30 23:42:54,ATM,Pendente,Uíge,Corrente
TXN001690,CLI0148,Depósito,232815.37,2024-10-08 17:54:47,Agente Bancário,Aprovada,Kuito,Jovem
TXN003768,CLI0063,Recebimento de Salário,162713.34,2024-01-30 06:13:37,Agente Bancário,Aprovada,Kuito,Corrente
TXN002389,CLI0163,Recarga de Telemóvel,60147.42,2023-06-12 04:56:45,Agente Bancário,Aprovada,Malanje,Empresarial
TXN003382,CLI0030,Pagamento de Renda,39244.48,2023-12-27 23:32:30,Balcão,Recusada,Sumbe,Poupança
TXN001766,CLI0193,Recebimento de Salário,38128.56,2023-03-27 19:10:36,Agente Bancário,Aprovada,Luanda,Empresarial
TXN000855,CLI0057,Pagamento de Renda,138075.76,2024-08-29 00:08:19,App Mobile,Aprovada,Benguela,Jovem
TXN000368,CLI0186,Pagamento de Electricidade,212025.59,2024-04-17 21:41:09,App Mobile,Aprovada,Saurimo,Poupança
TXN000252,cli0187,Pagamento de Empréstimo,138989.9,2024-11-10 10:50:14,Balcão,Recusada,Kuito,Empresarial
TXN001957,CLI0180,Levantamento,109515.88,2023-12-16 20:37:27,ATM,Pendente,Huambo,Corrente
TXN002650,CLI0110,Recarga de Telemóvel,123645.42,2023-05-25 04:34:15,Internet Banking,Aprovada,Kuito,Empresarial
TXN000648,CLI0124,LEVANTAMENTO,117579.99,2024-07-09 06:01:08,App Mobile,Aprovada,Luanda,Poupança
TXN003222,CLI0104,Recarga de Telemóvel,114292.28,2023-02-17 20:04:36,Internet Banking,Recusada,Uíge,Jovem
TXN002870,CLI0003,Recarga de Telemóvel,191535.27,2023-07-28 08:53:45,Agente Bancário,Aprovada,Saurimo,Corrente
TXN002207,CLI0124,Levantamento,141437.57,2023-04-17 08:10:07,Balcão,Aprovada,Luanda,Poupança
TXN002153,cli0086,Compra com Cartão,124765.96,2024-07-13 17:02:10,Agente Bancário,Aprovada,Huambo,Corrente
TXN003254,CLI0120,Levantamento,144258.81,2023-08-07 21:12:20,ATM,Aprovada,Benguela,Poupança
TXN003475,cli0023,Pagamento de Empréstimo,168600.63,2023-01-17 16:34:46,Agente Bancário,Aprovada,Malanje,Poupança
TXN004074,CLI0002,Recarga de Telemóvel,226702.94,2023-07-19 16:22:20,ATM,Aprovada,Saurimo,Jovem
TXN004637,CLI0064,Pagamento de Empréstimo,41170.62,2024-01-31 15:22:55,Agente Bancário,Aprovada,Uíge,Corrente
TXN001708,CLI0076,Transferência,201905.86,2023-10-21 09:02:35,Agente Bancário,Aprovada,Sumbe,Empresarial
TXN000613,CLI0022,Compra com Cartão,161091.77,2024-02-29 14:19:47,Agente Bancário,Recusada,Huambo,Corrente
TXN002871,CLI0170,Recarga de Telemóvel,195484.82,2024-03-23 19:27:23,ATM,Aprovada,Uíge,Corrente
TXN001330,CLI0008,Transferência,2125.08,2023-01-01 18:14:04,Internet Banking,Aprovada,Saurimo,Poupança
TXN004208,CLI0048,Recebimento de Salário,190247.77,2023-02-25 08:48:17,Internet Banking,Recusada,Malanje,Corrente
TXN000672,CLI0175,Pagamento de Renda,36894.74,2023-08-09 02:49:30,ATM,Recusada,Cabinda,Empresarial
TXN001596,CLI0167,Pagamento de Empréstimo,95349.15,2024-06-24 13:21:47,,Recusada,Benguela,Jovem
TXN001377,CLI0132,Transferência,237450.94,2023-06-12 10:51:13,App Mobile,Aprovada,Cabinda,Empresarial
TXN004192,CLI0109,Pagamento de Empréstimo,142297.48,2024-11-25 01:39:04,Balcão,Aprovada,Huambo,Poupança
TXN000897,CLI0155,Recarga de Telemóvel,200702.01,2023-01-17 09:39:44,Balcão,Pendente,Malanje,Corrente
TXN004494,CLI0185,Transferência,108763.1,2024-05-05 06:00:24,Internet Banking,Pendente,Benguela,Jovem
TXN003935,CLI0048,Recarga de Telemóvel,180050.06,2023-09-07 06:15:05,Agente Bancário,Aprovada,Malanje,Corrente
TXN002456,CLI0123,Transferência,120052.27,2023-01-10 08:17:01,Agente Bancário,Aprovada,Kuito,Poupança
TXN003761,CLI0198,Recebimento de Salário,200095.52,2023-07-28 19:18:33,App Mobile,Pendente,Uíge,Corrente
TXN003502,CLI0186,Compra com Cartão,175578.84,2023-08-16 09:29:28,Balcão,Aprovada,Saurimo,Poupança
TXN001603,CLI0016,Transferência,11316.26,2024-08-14 14:48:49,Balcão,Aprovada,Huambo,Jovem
TXN004786,CLI0026,Pagamento de Serviço,12766.77,2023-03-08 15:21:23,ATM,Aprovada,Lubango,Empresarial
TXN002831,CLI0111,Pagamento de Empréstimo,2306.1,2024-06-10 22:10:09,App Mobile,,Huambo,Empresarial
TXN002512,CLI0017,Recebimento de Salário,4230.16,2023-08-01 18:08:48,Internet Banking,Aprovada,Huambo,Jovem
TXN003338,CLI0017,Pagamento de Empréstimo,190460.41,2024-09-13 15:23:24,Balcão,Aprovada,Huambo,Jovem
TXN003783,CLI0152,Recebimento de Salário,216304.89,2023-02-12 19:19:42,Internet Banking,Aprovada,Cabinda,Jovem
TXN002397,CLI0175,Depósito,152409.34,2023-01-09 02:10:40,ATM,Recusada,Cabinda,Empresarial
TXN002811,CLI0179,Pagamento de Serviço,220985.17,2023-07-30 21:54:28,Internet Banking,Aprovada,Luanda,Empresarial
TXN000868,CLI0114,Levantamento,51408.46,2023-07-04 01:36:12,Agente Bancário,Aprovada,Malanje,Jovem
TXN003216,CLI0001,Recebimento de Salário,166716.03,2024-01-28 16:36:56,Agente Bancário,Aprovada,Malanje,Poupança
TXN000016,CLI0166,Recebimento de Salário,90968.12,2023-01-15 03:50:30,Agente Bancário,Aprovada,Uíge,Empresarial
TXN004126,CLI0077,Compra com Cartão,219151.3,2024-01-30 09:18:53,App Mobile,Recusada,Huambo,Jovem
TXN004085,CLI0097,Recebimento de Salário,155609.78,2024-11-18 20:59:48,App Mobile,Recusada,Uíge,Empresarial
TXN002426,CLI0182,Pagamento de Renda,187998.3,2024-11-15 23:13:13,Internet Banking,Aprovada,Uíge,Corrente
TXN003039,CLI0039,Recebimento de Salário,112176.02,2024-01-27 11:18:36,App Mobile,Aprovada,Kuito,Corrente
TXN004139,CLI0033,Depósito,8826.33,2023-11-18 14:30:36,Balcão,Recusada,Cabinda,Corrente
TXN000190,CLI0069,Pagamento de Empréstimo,198516.19,2024-09-26 21:10:40,Balcão,Aprovada,Uíge,Empresarial
TXN001221,CLI0147,Levantamento,77786.96,2024-11-24 12:29:04,,Aprovada,Malanje,Empresarial
TXN004919,CLI0076,Pagamento de Renda,71943.3,2023-07-25 00:50:02,Agente Bancário,Aprovada,Sumbe,Empresarial
TXN002132,CLI0133,Recebimento de Salário,28649.28,2023-11-25 02:00:57,Internet Banking,Recusada,Kuito,Jovem
TXN003468,CLI0099,Recarga de Telemóvel,114722.21,2024-07-02 15:55:31,Internet Banking,Pendente,Huambo,Empresarial
TXN001639,CLI0096,Recarga de Telemóvel,104580.51,2024-02-27 02:27:12,ATM,Aprovada,Malanje,Corrente
TXN004041,CLI0006,Depósito,17859.4,2024-03-29 17:45:59,App Mobile,Aprovada,Uíge,Corrente
TXN000589,CLI0111,Recebimento de Salário,129814.67,2024-06-12 07:21:09,App Mobile,Aprovada,Huambo,Empresarial
TXN003137,CLI0139,Recarga de Telemóvel,228521.54,2023-02-18 11:58:51,Balcão,Recusada,Kuito,Poupança
TXN004222,CLI0090,Pagamento de Serviço,194397.37,2023-02-08 23:30:31,ATM,Aprovada,Cabinda,Poupança
TXN004007,CLI0052,Recarga de Telemóvel,243411.46,2024-04-29 11:30:12,Balcão,Aprovada,Uíge,Corrente
TXN001612,CLI0125,Pagamento de Renda,66242.24,2023-12-28 19:26:36,App Mobile,Aprovada,Sumbe,Empresarial
TXN001622,CLI0113,Transferência,85199.86,2023-04-26 05:13:11,Internet Banking,Pendente,Saurimo,Empresarial
TXN000820,CLI0014,Pagamento de Renda,88387.75,2023-12-01 05:47:56,App Mobile,Aprovada,Sumbe,Jovem
TXN002471,CLI0116,Levantamento,164994.14,2023-03-03 05:10:17,ATM,Aprovada,Benguela,Jovem
TXN003179,CLI0140,Pagamento de Empréstimo,169090.88,2023-06-06 16:15:54,Balcão,Pendente,Uíge,Empresarial
TXN002798,CLI0177,Recebimento de Salário,44727.89,2024-01-21 16:15:53,App Mobile,Recusada,Lubango,Poupança
TXN004564,CLI0102,Pagamento de Empréstimo,128970.89,2023-05-07 03:14:05,App Mobile,Aprovada,Sumbe,Empresarial
TXN001955,CLI0037,Recebimento de Salário,32325.97,2023-06-18 03:26:49,Internet Banking,Aprovada,Huambo,Jovem
TXN001153,CLI0101,Pagamento de Serviço,102295.61,2024-08-05 09:46:32,Agente Bancário,Aprovada,Lubango,Jovem
TXN002037,CLI0104,Pagamento de Empréstimo,17050.76,2024-10-19 22:23:32,App Mobile,Recusada,Uíge,Jovem
TXN001310,CLI0050,Transferência,150690.16,2024-04-16 03:15:11,ATM,Aprovada,Malanje,Corrente
TXN002819,CLI0027,Depósito,129373.06,2023-10-08 08:51:34,ATM,Aprovada,Sumbe,Corrente
TXN001471,CLI0181,Recarga de Telemóvel,171716.98,2024-05-13 11:46:35,Balcão,Aprovada,Lubango,Empresarial
TXN001654,CLI0124,Pagamento de Renda,11340.46,2024-05-20 08:51:27,Internet Banking,Aprovada,Luanda,Poupança
TXN003078,CLI0055,Pagamento de Serviço,213814.68,2023-02-12 00:38:46,ATM,Recusada,Uíge,Poupança
TXN003591,CLI0192,Depósito,245974.0,2023-10-26 20:39:57,App Mobile,Recusada,Luanda,Empresarial
TXN003878,CLI0077,Compra com Cartão,162634.94,2024-03-13 09:48:00,ATM,Aprovada,Huambo,Jovem
TXN003927,CLI0019,Depósito,99036.6,2024-12-28 00:12:39,Internet Banking,Aprovada,Kuito,Empresarial
TXN000612,CLI0116,Pagamento de Renda,201223.86,2023-10-13 10:55:08,Internet Banking,Aprovada,Benguela,Jovem
TXN003467,CLI0185,Recebimento de Salário,220581.05,2023-12-04 10:07:32,Internet Banking,Aprovada,Benguela,Jovem
TXN001608,CLI0022,Levantamento,93061.16,2024-03-03 18:21:09,ATM,Recusada,Huambo,Corrente
TXN004517,CLI0187,Recarga de Telemóvel,142030.69,2024-02-15 08:04:44,App Mobile,Pendente,Kuito,Empresarial
TXN000704,CLI0091,Depósito,49787.34,2024-01-18 04:24:16,,Aprovada,Lubango,Corrente
TXN001054,CLI0146,Compra com Cartão,122957.05,2024-04-09 06:39:12,Balcão,Pendente,Sumbe,Corrente
TXN000085,CLI0095,Levantamento,48025.16,2024-10-06 05:15:13,Agente Bancário,Pendente,Lubango,Corrente
TXN004201,CLI0008,Recebimento de Salário,66354.58,2023-05-26 08:05:18,ATM,Pendente,Saurimo,Poupança
TXN003898,CLI0186,Recebimento de Salário,151946.4,2023-08-23 04:59:20,ATM,Recusada,Saurimo,Poupança
TXN001347,CLI0004,Pagamento de Empréstimo,36335.55,2024-02-24 21:53:57,Balcão,Aprovada,Saurimo,Empresarial
TXN002490,CLI0117,Pagamento de Renda,121828.5,2023-12-12 06:22:29,Balcão,Aprovada,Sumbe,Jovem
TXN003657,CLI0100,Depósito,221111.62,2024-08-24 23:41:17,Balcão,Aprovada,Saurimo,Empresarial
TXN002658,cli0039,Pagamento de Serviço,186723.34,2024-08-10 03:02:47,Balcão,Aprovada,Kuito,Corrente
TXN003340,CLI0136,Depósito,106066.05,2024-01-18 13:06:30,Balcão,Recusada,Huambo,Empresarial
TXN002045,CLI0128,Pagamento de Serviço,15203.22,2023-10-22 19:07:50,Internet Banking,Aprovada,Luanda,Poupança
TXN000218,CLI0012,Depósito,43042.81,2024-05-17 16:39:24,ATM,Pendente,Cabinda,Corrente
TXN001000,CLI0165,Recebimento de Salário,121846.2,2024-09-18 02:08:13,,Aprovada,Cabinda,Corrente
TXN003590,CLI0025,COMPRA COM CARTÃO,87545.17,2024-04-03 08:41:56,Internet Banking,Aprovada,Sumbe,Poupança
TXN003737,CLI0089,Recarga de Telemóvel,151409.59,2023-03-18 07:20:52,Balcão,Aprovada,Uíge,Empresarial
TXN000402,CLI0071,Compra com Cartão,151153.47,2023-03-28 15:25:53,Balcão,Pendente,Lubango,Empresarial
TXN000741,CLI0143,Pagamento de Renda,227884.8,2023-02-16 06:36:10,ATM,Aprovada,Uíge,Poupança
TXN003496,CLI0086,Recebimento de Salário,89848.7,2024-05-10 07:21:35,Internet Banking,Aprovada,Huambo,Corrente
TXN002030,CLI0053,Recarga de Telemóvel,213293.7,2023-04-16 09:19:21,ATM,Aprovada,Cabinda,Poupança
TXN002913,CLI0122,Pagamento de Serviço,137973.68,2023-04-04 17:02:07,App Mobile,Recusada,Lubango,Empresarial
TXN003149,CLI0094,Pagamento de Empréstimo,221065.18,2024-12-06 01:52:30,Balcão,Pendente,Luanda,Empresarial
TXN000825,CLI0108,Recebimento de Salário,139947.82,2024-12-09 19:19:10,Internet Banking,Aprovada,Lubango,Corrente
TXN003860,CLI0076,Pagamento de Serviço,21649.28,2023-05-07 20:36:29,Balcão,Pendente,Sumbe,Empresarial
TXN001702,CLI0137,Levantamento,11157.77,2023-04-06 13:12:07,Agente Bancário,Pendente,Benguela,Jovem
TXN003472,CLI0052,Levantamento,182157.94,2024-11-19 23:34:11,,Pendente,Uíge,Corrente
TXN002976,CLI0150,Recarga de Telemóvel,226602.65,2024-03-06 02:11:54,Internet Banking,Pendente,Benguela,Jovem
TXN001946,CLI0112,PAGAMENTO DE ELECTRICIDADE,50834.01,2023-02-23 22:27:22,Agente Bancário,Recusada,Luanda,Empresarial
TXN000930,CLI0003,Pagamento de Serviço,219361.0,2023-03-05 03:04:28,App Mobile,Aprovada,Saurimo,Corrente
TXN004615,CLI0011,PAGAMENTO DE SERVIÇO,237162.8,2024-03-28 22:54:24,Agente Bancário,Aprovada,Huambo,Poupança
TXN001759,CLI0012,Compra com Cartão,105031.0,2023-12-08 14:34:41,ATM,Aprovada,Cabinda,Corrente
TXN001999,CLI0191,Depósito,219646.19,2023-12-07 03:14:41,Agente Bancário,Pendente,Benguela,Corrente
TXN000073,CLI0016,Recarga de Telemóvel,134396.71,2024-03-20 19:55:58,Agente Bancário,Aprovada,Huambo,Jovem
TXN001522,CLI0129,Compra com Cartão,239125.95,2024-11-22 02:23:33,ATM,Pendente,Saurimo,Jovem
TXN000616,CLI0121,Recarga de Telemóvel,57118.11,2023-06-26 18:22:14,ATM,Aprovada,Lubango,Empresarial
TXN002475,CLI0101,Pagamento de Serviço,115641.62,2024-11-05 10:24:12,Balcão,Aprovada,Lubango,Jovem
TXN003315,CLI0095,Pagamento de Electricidade,123515.94,2023-01-17 22:21:16,Internet Banking,Aprovada,Lubango,Corrente
TXN002382,CLI0088,Transferência,43970.94,2023-04-20 04:53:36,Internet Banking,Aprovada,Cabinda,Poupança
TXN001430,CLI0047,Pagamento de Serviço,75239.14,2023-03-08 02:54:05,Internet Banking,Recusada,Kuito,Corrente
TXN003933,CLI0152,Recebimento de Salário,90668.8,2023-03-13 01:01:42,Balcão,Pendente,Cabinda,Jovem
TXN001529,CLI0109,Compra com Cartão,58120.82,2023-02-06 01:26:50,,Aprovada,Huambo,Poupança
TXN004748,CLI0072,Transferência,202398.99,2023-11-20 03:41:49,ATM,Aprovada,Lubango,Jovem
TXN003482,CLI0051,Pagamento de Electricidade,2997.94,2024-04-25 21:15:00,Balcão,Aprovada,Cabinda,Poupança
TXN003406,CLI0134,Pagamento de Serviço,241243.78,2024-12-18 03:35:00,Balcão,Aprovada,Sumbe,Jovem
TXN001299,CLI0187,Depósito,77278.5,2023-10-21 00:50:37,Balcão,Aprovada,Kuito,Empresarial
TXN001140,CLI0123,Recarga de Telemóvel,246701.91,2024-09-09 11:55:59,Agente Bancário,Aprovada,Kuito,Poupança
TXN001835,CLI0045,Depósito,120822.63,2023-11-06 01:22:01,Agente Bancário,Aprovada,Lubango,Empresarial
TXN003994,CLI0090,Pagamento de Electricidade,184275.99,2023-05-13 20:35:24,App Mobile,Aprovada,Cabinda,Poupança
TXN002100,CLI0120,Pagamento de Renda,83208.67,2023-08-10 06:14:47,Agente Bancário,Aprovada,Benguela,Poupança
TXN000001,CLI0014,Transferência,168655.19,2023-02-08 15:38:24,ATM,Recusada,Sumbe,Jovem
TXN004311,CLI0020,Transferência,217064.18,2024-08-15 11:40:10,Balcão,Recusada,Huambo,Jovem
TXN003162,CLI0141,Compra com Cartão,212691.51,2023-01-29 11:52:55,ATM,Aprovada,Malanje,Jovem
TXN001061,CLI0018,Transferência,124801.24,2024-04-27 05:54:01,ATM,Pendente,Kuito,Empresarial
TXN002617,CLI0102,Recebimento de Salário,220560.12,2024-06-25 08:10:22,Balcão,Aprovada,Sumbe,Empresarial
TXN004218,CLI0131,Pagamento de Serviço,169922.07,2023-01-24 03:07:18,ATM,Aprovada,Sumbe,Empresarial
TXN002879,CLI0006,Pagamento de Empréstimo,25769.79,2024-05-02 06:38:33,Internet Banking,Aprovada,Uíge,Corrente
TXN004992,CLI0194,Pagamento de Electricidade,135188.02,2023-03-05 03:01:44,Agente Bancário,Recusada,Lubango,Poupança
TXN003127,CLI0111,Pagamento de Renda,43193.56,2023-05-13 12:48:45,ATM,Aprovada,Huambo,Empresarial
TXN002181,CLI0192,Compra com Cartão,74520.05,2024-09-02 22:20:03,Agente Bancário,Aprovada,Luanda,Empresarial
TXN000560,CLI0153,Pagamento de Serviço,166897.13,2023-08-10 00:07:33,App Mobile,Aprovada,Huambo,Poupança
TXN003488,CLI0154,Recarga de Telemóvel,87921.39,2024-10-16 05:03:50,ATM,Aprovada,Lubango,Jovem
TXN003128,CLI0006,Compra com Cartão,49747.89,2024-09-07 02:50:52,Balcão,Aprovada,Uíge,Corrente
TXN001757,CLI0052,TRANSFERÊNCIA,156973.1,2024-12-19 15:32:31,Agente Bancário,Pendente,Uíge,Corrente
TXN003974,CLI0147,Depósito,226084.79,2023-12-15 08:08:01,Internet Banking,Pendente,Malanje,Empresarial
TXN000773,CLI0114,Recarga de Telemóvel,72831.16,2024-06-02 15:01:08,Agente Bancário,Aprovada,Malanje,Jovem
TXN002645,CLI0062,Transferência,248008.1,2024-07-27 02:05:10,Balcão,Aprovada,Saurimo,Jovem
TXN002711,cli0022,Transferência,222767.57,2024-01-14 03:50:06,App Mobile,Pendente,Huambo,Corrente
TXN004711,CLI0170,Pagamento de Empréstimo,178955.0,2023-12-13 21:03:11,App Mobile,Aprovada,Uíge,Corrente
TXN000554,CLI0076,Recebimento de Salário,138625.8,28/06/2024 07:40,Internet Banking,Pendente,Sumbe,Empresarial
TXN002313,CLI0069,Recarga de Telemóvel,183886.51,2024-01-19 04:37:54,App Mobile,Recusada,Uíge,Empresarial
TXN004112,CLI0190,Pagamento de Renda,118691.78,2024-12-25 05:19:55,ATM,Aprovada,Malanje,Empresarial
TXN001844,CLI0119,Transferência,22987.86,2023-11-26 01:34:51,ATM,Aprovada,Lubango,Empresarial
TXN003471,CLI0102,Levantamento,-112821.04,2024-01-11 16:08:22,ATM,Aprovada,Sumbe,Empresarial
TXN003114,CLI0041,DEPÓSITO,24402.15,2023-06-17 01:01:58,Balcão,Aprovada,Saurimo,Corrente
TXN000454,CLI0147,Transferência,230611.88,2024-12-05 09:28:59,Agente Bancário,Pendente,Malanje,Empresarial
TXN002721,CLI0174,RECEBIMENTO DE SALÁRIO,64664.18,2024-04-13 22:06:31,ATM,Recusada,Cabinda,Poupança
TXN001862,CLI0195,Pagamento de Empréstimo,117946.68,2023-10-28 18:07:58,Agente Bancário,Aprovada,Cabinda,Corrente
TXN001898,CLI0125,Recebimento de Salário,26025.07,2024-09-13 16:31:48,Internet Banking,Recusada,Sumbe,Empresarial
TXN001448,CLI0098,Depósito,118882.97,2023-02-24 16:02:47,App Mobile,Aprovada,Sumbe,Corrente
TXN002649,CLI0190,Pagamento de Serviço,92039.0,2024-07-05 12:20:06,App Mobile,Recusada,Malanje,Empresarial
TXN000470,CLI0033,Transferência,52855.33,2023-04-08 08:35:05,,Aprovada,Cabinda,Corrente
TXN003359,CLI0037,Pagamento de Renda,35144.66,2023-05-07 18:52:33,Internet Banking,Pendente,Huambo,Jovem
TXN000491,CLI0087,Transferência,242372.22,2023-10-10 05:02:32,Agente Bancário,Aprovada,Uíge,Poupança
TXN002251,CLI0169,Levantamento,2512.06,2023-08-01 19:04:02,App Mobile,Aprovada,Cabinda,Poupança
TXN002582,CLI0129,Pagamento de Electricidade,76925.57,2024-02-28 21:37:37,Internet Banking,Aprovada,Saurimo,Jovem
TXN001192,CLI0017,Pagamento de Renda,86623.45,2024-03-20 00:26:59,Balcão,Aprovada,Huambo,Jovem
TXN000783,CLI0125,Levantamento,94125.97,2023-11-23 03:38:09,,Pendente,Sumbe,Empresarial
TXN004060,CLI0165,Recebimento de Salário,229099.02,2024-03-12 17:09:06,Balcão,Pendente,Cabinda,Corrente
TXN002825,CLI0006,Pagamento de Empréstimo,46839.51,2023-01-25 15:00:41,ATM,Aprovada,Uíge,Corrente
TXN003986,CLI0118,Pagamento de Renda,1949.27,2024-02-08 17:49:04,Balcão,Aprovada,Saurimo,Corrente
TXN003875,CLI0133,Recebimento de Salário,182914.06,2023-11-12 15:34:57,ATM,Aprovada,Kuito,Jovem
TXN004282,CLI0200,Compra com Cartão,143755.62,2023-07-07 06:28:26,Agente Bancário,Recusada,Malanje,Empresarial
TXN000692,CLI0097,Pagamento de Serviço,231446.15,2024-08-30 23:12:43,Internet Banking,Aprovada,Uíge,Empresarial
TXN000241,CLI0040,Depósito,13188.43,2024-04-08 14:39:21,ATM,Aprovada,Kuito,Poupança
TXN004605,CLI0084,Pagamento de Serviço,80588.16,2024-05-27 14:20:15,App Mobile,Recusada,Kuito,Poupança
TXN001013,CLI0054,Compra com Cartão,205901.05,2023-11-19 05:51:21,App Mobile,Recusada,Cabinda,Poupança
TXN002965,CLI0140,Levantamento,110616.4,2023-03-04 06:37:55,ATM,Recusada,Uíge,Empresarial
TXN000775,CLI0169,COMPRA COM CARTÃO,60767.83,2024-06-06 23:14:12,App Mobile,Aprovada,Cabinda,Poupança
TXN003677,CLI0110,Recebimento de Salário,207075.08,2024-05-09 12:53:25,App Mobile,Aprovada,Kuito,Empresarial
TXN001068,CLI0198,Compra com Cartão,10887.32,2024-10-07 15:45:26,Balcão,Recusada,Uíge,Corrente
TXN001439,CLI0029,Pagamento de Electricidade,188995.02,2024-05-28 13:18:34,ATM,Aprovada,Benguela,Corrente
TXN000888,CLI0132,Levantamento,25559.48,2023-12-03 14:44:40,App Mobile,Aprovada,Cabinda,Empresarial
TXN000952,CLI0010,Recarga de Telemóvel,21469.69,2023-05-17 02:35:31,Internet Banking,Aprovada,Cabinda,Poupança
TXN000389,CLI0028,Pagamento de Electricidade,161424.78,2024-01-19 22:19:45,Internet Banking,Aprovada,Kuito,Poupança
TXN001676,CLI0137,Pagamento de Serviço,207693.96,2024-01-15 21:27:52,App Mobile,Aprovada,Benguela,Jovem
TXN001168,CLI0077,Transferência,15468.5,2023-10-16 19:56:45,,Aprovada,Huambo,Jovem
TXN003650,CLI0173,Depósito,70657.18,2023-01-07 02:03:05,ATM,Aprovada,Benguela,Jovem
TXN004883,CLI0009,Levantamento,187523.23,2023-10-26 23:33:48,,Aprovada,Lubango,Corrente
TXN000614,CLI0051,Pagamento de Empréstimo,203983.41,2024-08-01 19:44:46,App Mobile,Aprovada,Cabinda,Poupança
TXN001665,CLI0155,Depósito,68004.61,2023-05-20 03:26:22,Balcão,Recusada,Malanje,Corrente
TXN004407,CLI0058,Levantamento,20250.63,2023-07-11 10:47:42,Balcão,Aprovada,Sumbe,Empresarial
TXN001214,cli0151,Recarga de Telemóvel,224199.24,2024-08-27 12:29:27,App Mobile,Recusada,Malanje,Corrente
TXN000591,CLI0020,Pagamento de Serviço,78046.06,2023-09-13 17:11:31,ATM,Aprovada,Huambo,Jovem
TXN001811,CLI0057,Pagamento de Electricidade,189179.9,2023-11-05 21:38:16,Balcão,Pendente,Benguela,Jovem
TXN003233,CLI0110,Pagamento de Serviço,50235.6,2023-01-14 13:19:48,Internet Banking,Aprovada,Kuito,Empresarial
TXN000271,CLI0156,Levantamento,153879.67,2024-12-01 07:11:43,ATM,Aprovada,Benguela,Jovem
TXN003736,CLI0062,Recebimento de Salário,69304.18,2023-01-21 10:53:15,Agente Bancário,Aprovada,Saurimo,Jovem
TXN003088,CLI0056,Recebimento de Salário,52961.19,2023-07-14 22:36:27,App Mobile,Aprovada,Huambo,Empresarial
TXN000374,CLI0091,Levantamento,8277.7,2024-10-15 00:30:49,ATM,Aprovada,Lubango,Corrente
TXN004940,CLI0132,Depósito,41842.37,2024-09-21 05:15:13,ATM,,Cabinda,Empresarial
TXN004659,CLI0032,Depósito,55140.28,2023-07-06 18:09:43,Balcão,Pendente,Uíge,Jovem
TXN002690,CLI0030,Recebimento de Salário,233289.66,2023-08-22 13:23:38,Balcão,Aprovada,Sumbe,Poupança
TXN003594,CLI0115,Pagamento de Renda,20290.62,2024-09-07 20:32:25,ATM,Pendente,Saurimo,Corrente
TXN002348,CLI0150,Compra com Cartão,101526.38,2024-01-14 04:02:34,Agente Bancário,Aprovada,Benguela,Jovem
TXN002402,CLI0043,Compra com Cartão,48551.8,2023-06-30 01:35:32,ATM,Aprovada,Cabinda,Poupança
TXN003713,CLI0023,Levantamento,65406.78,2024-06-03 02:38:36,App Mobile,Aprovada,Malanje,Poupança
TXN002369,CLI0082,Pagamento de Renda,68575.67,2024-05-03 15:33:46,App Mobile,Pendente,Uíge,Corrente
TXN001092,CLI0010,Levantamento,2662.84,2023-01-17 16:09:23,Balcão,Aprovada,Cabinda,Poupança
TXN004735,CLI0179,Depósito,88198.37,2024-11-20 02:21:41,Balcão,Aprovada,Luanda,Empresarial
TXN004628,CLI0064,Pagamento de Serviço,248928.89,2023-09-20 05:27:41,Balcão,Pendente,Uíge,Corrente
TXN000924,CLI0147,Depósito,113892.94,2024-05-06 01:48:33,Internet Banking,Recusada,Malanje,Empresarial
TXN001941,CLI0104,Compra com Cartão,217210.01,2023-05-25 12:05:54,App Mobile,Aprovada,Uíge,Jovem
TXN004043,CLI0019,DEPÓSITO,211928.44,2024-06-05 08:54:55,Internet Banking,Aprovada,Kuito,Empresarial
TXN002910,CLI0116,Pagamento de Serviço,97890.69,2023-10-09 04:29:08,App Mobile,Recusada,Benguela,Jovem
TXN002138,CLI0018,Pagamento de Empréstimo,31882.59,2023-09-06 12:01:27,,Aprovada,Kuito,Empresarial
TXN004510,CLI0025,Compra com Cartão,70270.18,2023-08-29 02:48:13,Agente Bancário,Recusada,Sumbe,Poupança
TXN002701,CLI0102,Pagamento de Empréstimo,149721.65,2024-08-23 17:29:03,App Mobile,Aprovada,Sumbe,Empresarial
TXN003844,CLI0145,Transferência,247374.2,19/11/2024 17:04,ATM,Recusada,Huambo,Empresarial
TXN004551,CLI0120,Transferência,181755.31,2023-11-28 03:32:51,Agente Bancário,Aprovada,Benguela,Poupança
TXN000381,CLI0181,Compra com Cartão,18275.1,2023-05-14 00:47:49,Agente Bancário,Aprovada,Lubango,Empresarial
TXN002793,CLI0060,Levantamento,163531.24,2023-07-16 00:36:07,ATM,Aprovada,Kuito,Jovem
TXN001335,CLI0153,Transferência,199767.42,2024-03-07 10:36:30,App Mobile,Aprovada,Huambo,Poupança
TXN000098,CLI0140,Pagamento de Electricidade,-212681.69,2024-12-22 09:27:35,Balcão,Aprovada,Uíge,Empresarial
TXN002990,CLI0063,Transferência,12228.05,2024-08-26 04:05:31,App Mobile,Aprovada,Kuito,Corrente
TXN004275,CLI0068,Pagamento de Electricidade,18044.44,25/06/2023 03:13,ATM,Aprovada,Malanje,Jovem
TXN002953,CLI0046,Pagamento de Renda,177539.58,2024-08-08 05:08:12,Internet Banking,Pendente,Malanje,Poupança
TXN001145,CLI0045,Depósito,16221.06,2024-05-25 00:05:53,Agente Bancário,Aprovada,Lubango,Empresarial
TXN003493,CLI0100,Compra com Cartão,209550.89,2023-11-06 14:35:18,ATM,Aprovada,Saurimo,Empresarial
TXN001452,CLI0080,Pagamento de Empréstimo,189188.44,2024-01-16 14:48:29,Internet Banking,Aprovada,Lubango,Jovem
TXN002066,CLI0017,Pagamento de Renda,176344.27,2024-04-08 20:48:50,Agente Bancário,Recusada,Huambo,Jovem
TXN003368,CLI0198,Transferência,90846.94,2023-07-15 22:21:27,Internet Banking,Aprovada,Uíge,Corrente
TXN002080,CLI0157,Pagamento de Serviço,189124.18,2023-06-22 10:37:21,Balcão,Aprovada,Malanje,Jovem
TXN004588,CLI0085,Recarga de Telemóvel,225454.31,2023-07-18 17:24:06,App Mobile,Aprovada,Uíge,Empresarial
TXN000495,CLI0055,Pagamento de Renda,202328.9,2024-02-18 18:36:29,App Mobile,Pendente,Uíge,Poupança
TXN001016,CLI0090,Pagamento de Serviço,28546.44,2023-02-21 12:24:04,Balcão,Aprovada,Cabinda,Poupança
TXN002977,CLI0129,Pagamento de Renda,32633.78,2023-03-01 09:15:13,Internet Banking,Pendente,Saurimo,Jovem
TXN002954,CLI0044,Recarga de Telemóvel,95641.03,2024-12-06 03:16:59,Agente Bancário,Aprovada,Benguela,Corrente
TXN004141,CLI0139,Depósito,11281.36,2024-01-20 19:57:38,App Mobile,Recusada,Kuito,Poupança
TXN003572,CLI0103,Depósito,30562.6,2024-04-01 23:13:07,Agente Bancário,Aprovada,Malanje,Empresarial
TXN000207,CLI0196,Levantamento,158555.14,2023-12-03 20:58:00,ATM,Recusada,Saurimo,Corrente
TXN004194,CLI0044,Depósito,123172.88,2023-10-19 12:02:59,Agente Bancário,Recusada,Benguela,Corrente
TXN003209,CLI0100,Pagamento de Electricidade,87212.39,2024-08-14 19:10:36,ATM,Aprovada,Saurimo,Empresarial
TXN004296,CLI0098,Transferência,81383.38,2023-07-09 02:48:48,Internet Banking,Aprovada,Sumbe,Corrente
TXN000740,CLI0149,Recebimento de Salário,173527.99,26/08/2024 04:44,Agente Bancário,Recusada,Saurimo,Corrente
TXN002528,CLI0111,Pagamento de Serviço,39674.03,2023-02-21 10:28:30,,Aprovada,Huambo,Empresarial
TXN001326,CLI0170,Levantamento,152696.75,2024-03-15 19:59:51,ATM,Pendente,Uíge,Corrente
TXN002252,CLI0017,Pagamento de Serviço,78105.99,2023-09-06 11:43:20,Internet Banking,Aprovada,Huambo,Jovem
TXN003949,CLI0028,Compra com Cartão,191525.54,2024-05-15 18:37:58,Balcão,Aprovada,Kuito,Poupança
TXN001445,CLI0048,Recebimento de Salário,105835.18,2024-02-29 00:35:36,Internet Banking,Aprovada,Malanje,Corrente
TXN004420,CLI0018,Pagamento de Serviço,152338.0,2024-11-17 15:10:50,App Mobile,Pendente,Kuito,Empresarial
TXN003248,CLI0177,Pagamento de Electricidade,218213.11,2024-04-29 06:35:41,ATM,Pendente,Lubango,Poupança
TXN000117,CLI0085,Recarga de Telemóvel,199540.07,2023-06-30 02:06:02,Internet Banking,Aprovada,Uíge,Empresarial
TXN003180,CLI0080,TRANSFERÊNCIA,5930.51,2023-05-11 03:53:54,Internet Banking,Pendente,Lubango,Jovem
TXN004982,CLI0017,Levantamento,234666.24,2024-11-13 01:50:36,Internet Banking,Aprovada,Huambo,Jovem
TXN001954,CLI0181,RECARGA DE TELEMÓVEL,185153.16,2024-04-02 16:55:30,Internet Banking,Aprovada,Lubango,Empresarial
TXN004727,CLI0187,Recarga de Telemóvel,107687.35,2024-07-10 21:18:10,,Aprovada,Kuito,Empresarial
TXN003331,CLI0183,Recebimento de Salário,101783.25,2023-12-05 04:56:41,Internet Banking,Aprovada,Saurimo,Corrente
TXN001072,CLI0062,Pagamento de Empréstimo,57478.77,2024-10-04 00:25:22,ATM,Aprovada,Saurimo,Jovem
TXN003862,CLI0054,Recebimento de Salário,131956.8,2024-11-01 17:08:57,App Mobile,Aprovada,Cabinda,Poupança
TXN003929,CLI0118,Pagamento de Renda,208732.23,2024-03-28 18:49:05,Internet Banking,Recusada,Saurimo,Corrente
TXN000249,CLI0105,Recebimento de Salário,-108539.75,2023-11-11 03:27:27,Internet Banking,Pendente,Luanda,Corrente
TXN001973,CLI0097,Pagamento de Renda,143472.71,2023-01-11 23:58:30,,Recusada,Uíge,Empresarial
TXN003576,CLI0116,Pagamento de Renda,249007.5,2023-10-11 15:37:44,Balcão,Aprovada,Benguela,Jovem
TXN000635,CLI0171,Transferência,128368.78,2023-11-19 20:50:13,ATM,Aprovada,Benguela,Corrente
TXN000914,CLI0085,Levantamento,148816.39,2023-12-31 01:05:28,,Recusada,Uíge,Empresarial
TXN002152,CLI0040,Depósito,173321.98,2024-01-20 08:46:08,ATM,Aprovada,Kuito,Poupança
TXN000817,CLI0045,Compra com Cartão,147492.39,2023-10-31 17:15:25,App Mobile,Aprovada,Lubango,Empresarial
TXN000684,CLI0031,Transferência,1828.34,2023-05-20 18:16:45,Agente Bancário,Pendente,Uíge,Poupança
TXN000858,CLI0077,Levantamento,152632.06,2024-10-25 18:25:06,Balcão,Aprovada,Huambo,Jovem
TXN004496,CLI0148,Pagamento de Renda,237430.32,2024-01-25 10:21:10,App Mobile,Aprovada,Kuito,Jovem
TXN004984,CLI0050,Levantamento,232353.17,2023-11-24 20:19:39,Internet Banking,Aprovada,Malanje,Corrente
TXN003967,CLI0188,Levantamento,66183.16,2024-10-22 20:14:24,App Mobile,Aprovada,Benguela,Poupança
TXN003580,CLI0116,Transferência,33119.89,2024-01-01 04:12:56,Internet Banking,Pendente,Benguela,Jovem
TXN003913,CLI0034,Compra com Cartão,246380.29,2023-07-15 20:06:38,Internet Banking,Pendente,Huambo,Empresarial
TXN002588,CLI0027,Pagamento de Empréstimo,117101.15,2024-01-08 11:14:38,ATM,Aprovada,Sumbe,Corrente
TXN000880,CLI0112,Compra com Cartão,183494.06,2023-04-15 13:13:44,Internet Banking,,Luanda,Empresarial
TXN001697,CLI0021,Pagamento de Electricidade,208655.89,17/01/2024 21:39,ATM,Recusada,Huambo,Corrente
TXN001679,CLI0083,Recarga de Telemóvel,146321.76,2023-05-21 13:03:09,App Mobile,Aprovada,Cabinda,Empresarial
TXN004910,CLI0021,Pagamento de Renda,175217.08,2023-07-20 13:18:41,App Mobile,Aprovada,Huambo,Corrente
TXN003138,CLI0178,Recebimento de Salário,225578.74,2023-11-20 04:32:01,Internet Banking,Aprovada,Saurimo,Poupança
TXN002188,CLI0177,Depósito,164654.44,2023-01-18 23:43:36,App Mobile,Aprovada,Lubango,Poupança
TXN000584,CLI0095,Pagamento de Serviço,185914.54,2023-06-22 01:26:46,Internet Banking,Aprovada,Lubango,Corrente
TXN001206,CLI0076,Pagamento de Empréstimo,10610.84,2024-01-06 13:56:22,Agente Bancário,Recusada,Sumbe,Empresarial
TXN003450,CLI0182,Recarga de Telemóvel,243237.23,2024-06-28 20:27:23,Balcão,Aprovada,Uíge,Corrente
TXN001429,CLI0096,Pagamento de Renda,15897.76,2023-05-15 01:01:54,Balcão,Recusada,Malanje,Corrente
TXN004107,CLI0116,Levantamento,58719.2,2024-02-07 02:44:11,App Mobile,Pendente,Benguela,Jovem
TXN001560,CLI0099,Levantamento,238437.41,2024-06-02 14:47:24,App Mobile,Aprovada,Huambo,Empresarial
TXN004922,CLI0002,Pagamento de Electricidade,238171.64,2023-05-21 13:46:08,ATM,Aprovada,Saurimo,Jovem
TXN000500,CLI0169,Levantamento,35569.76,2024-10-16 14:00:13,Internet Banking,Pendente,Cabinda,Poupança
TXN001985,CLI0120,Pagamento de Renda,65242.78,2024-06-30 05:50:45,Agente Bancário,Aprovada,Benguela,Poupança
TXN000588,CLI0178,Recarga de Telemóvel,140248.94,2024-06-12 16:48:05,Agente Bancário,Aprovada,Saurimo,Poupança
TXN003353,CLI0015,Compra com Cartão,169015.35,2024-03-18 14:01:16,ATM,Recusada,Kuito,Empresarial
TXN002010,CLI0198,Depósito,158786.52,2024-10-24 08:14:57,ATM,Aprovada,Uíge,Corrente
TXN000119,CLI0048,Pagamento de Empréstimo,28931.77,2023-12-22 09:21:29,App Mobile,Aprovada,Malanje,Corrente
TXN003925,CLI0082,Pagamento de Renda,25430.95,14/03/2023 01:05,Internet Banking,Aprovada,Uíge,Corrente
TXN002112,CLI0081,Recebimento de Salário,65414.34,2023-11-16 00:36:44,Agente Bancário,Aprovada,Uíge,Empresarial
TXN004342,CLI0073,Pagamento de Electricidade,192279.01,2023-03-18 17:35:54,Internet Banking,Pendente,Saurimo,Poupança
TXN001340,CLI0171,Recarga de Telemóvel,148342.48,2023-07-25 12:28:36,App Mobile,Aprovada,Benguela,Corrente
TXN002381,CLI0119,Depósito,29907.49,2023-05-17 01:03:40,Internet Banking,Aprovada,Lubango,Empresarial
TXN000350,CLI0106,Recebimento de Salário,233475.25,2024-08-02 03:10:21,App Mobile,Aprovada,Saurimo,Empresarial
TXN002675,CLI0106,Transferência,37884.04,2024-08-25 07:10:50,ATM,Aprovada,Saurimo,Empresarial
TXN001873,CLI0057,Levantamento,145184.64,2024-02-14 21:06:51,App Mobile,Pendente,Benguela,Jovem
TXN003565,CLI0195,Transferência,21457.4,2023-08-28 11:19:48,App Mobile,Pendente,Cabinda,Corrente
TXN000329,CLI0191,Compra com Cartão,-239976.2,14/12/2023 14:00,App Mobile,Aprovada,Benguela,Corrente
TXN001615,CLI0028,Pagamento de Serviço,5980.66,2023-06-28 10:19:30,ATM,Aprovada,Kuito,Poupança
TXN000400,CLI0091,Compra com Cartão,173915.27,2023-01-28 10:31:43,App Mobile,Aprovada,Lubango,Corrente
TXN002287,CLI0193,Pagamento de Empréstimo,150201.76,2023-03-03 02:24:39,Internet Banking,Aprovada,Luanda,Empresarial
TXN004364,CLI0192,Pagamento de Empréstimo,236870.89,2024-05-15 21:40:06,App Mobile,Recusada,Luanda,Empresarial
TXN002602,CLI0092,Pagamento de Electricidade,166669.11,2024-01-24 10:10:07,Internet Banking,Aprovada,Benguela,Poupança
TXN002164,CLI0008,Levantamento,119994.58,2023-11-28 18:28:53,Internet Banking,Aprovada,Saurimo,Poupança
TXN003274,CLI0041,Recebimento de Salário,4063.23,2024-08-20 16:17:29,ATM,Recusada,Saurimo,Corrente
TXN002272,CLI0019,Recebimento de Salário,72236.76,2024-05-17 09:41:33,ATM,Recusada,Kuito,Empresarial
TXN000939,CLI0042,Recarga de Telemóvel,149414.36,2024-11-19 15:19:59,ATM,Aprovada,Lubango,Corrente
TXN003812,CLI0117,Recebimento de Salário,161057.33,2024-03-04 23:42:08,Internet Banking,Aprovada,Sumbe,Jovem
TXN002109,CLI0175,Pagamento de Renda,18358.8,2024-03-18 19:53:40,Internet Banking,Aprovada,Cabinda,Empresarial
TXN003923,CLI0064,Depósito,236525.51,2024-08-30 23:52:57,Agente Bancário,Aprovada,Uíge,Corrente
TXN001453,CLI0057,Pagamento de Serviço,106575.29,2023-01-23 10:34:24,Agente Bancário,Recusada,Benguela,Jovem
TXN001379,CLI0024,Recarga de Telemóvel,122639.69,2023-07-23 19:18:39,ATM,Aprovada,Sumbe,Corrente
TXN001962,CLI0199,Recebimento de Salário,-60739.75,2024-02-25 15:43:12,ATM,Pendente,Kuito,Poupança
TXN002598,CLI0151,Pagamento de Electricidade,53254.0,2023-02-15 07:00:56,Balcão,Recusada,Malanje,Corrente
TXN003084,CLI0190,Recarga de Telemóvel,82975.33,2024-11-18 15:28:20,Agente Bancário,Pendente,Malanje,Empresarial
TXN003150,CLI0087,Compra com Cartão,247910.86,2023-08-16 14:26:03,Agente Bancário,Aprovada,Uíge,Poupança
TXN001234,CLI0152,Pagamento de Serviço,222932.54,2023-08-22 05:40:17,Internet Banking,,Cabinda,Jovem
TXN004617,CLI0095,Pagamento de Electricidade,47902.48,2024-11-14 18:37:10,ATM,Recusada,Lubango,Corrente
TXN001367,CLI0082,Depósito,238206.29,2023-07-26 10:01:17,Balcão,Recusada,Uíge,Corrente
TXN000244,CLI0172,Pagamento de Empréstimo,160744.96,2024-12-03 13:02:09,Internet Banking,Aprovada,Cabinda,Jovem
TXN003969,CLI0142,Recarga de Telemóvel,135246.48,2024-07-24 21:45:02,Internet Banking,Aprovada,Kuito,Jovem
TXN001180,CLI0154,Pagamento de Empréstimo,124490.44,2024-09-20 19:37:05,ATM,Pendente,Lubango,Jovem
TXN003016,CLI0113,LEVANTAMENTO,212576.62,2023-04-14 02:07:53,Agente Bancário,Aprovada,Saurimo,Empresarial
TXN003029,CLI0198,Depósito,19308.87,2023-06-12 21:11:05,ATM,Aprovada,Uíge,Corrente
TXN001252,CLI0069,Depósito,237271.46,2023-03-15 06:09:30,ATM,Aprovada,Uíge,Empresarial
TXN004088,CLI0006,Recarga de Telemóvel,151986.3,2023-08-17 12:32:09,Balcão,Aprovada,Uíge,Corrente
TXN001034,CLI0066,Levantamento,42529.77,2024-03-30 08:47:27,Internet Banking,Aprovada,Malanje,Jovem
TXN004012,CLI0013,Transferência,33827.32,2023-03-26 12:22:46,Agente Bancário,Aprovada,Benguela,Poupança
TXN004921,CLI0045,Pagamento de Electricidade,105600.69,2023-01-07 15:37:37,Internet Banking,Recusada,Lubango,Empresarial
TXN000295,CLI0003,Transferência,248892.66,2023-04-15 10:44:01,Internet Banking,Aprovada,Saurimo,Corrente
TXN000690,CLI0131,PAGAMENTO DE ELECTRICIDADE,38796.11,2024-09-30 03:08:02,ATM,Aprovada,Sumbe,Empresarial
TXN004333,CLI0057,Pagamento de Electricidade,121186.32,2024-01-12 15:04:26,ATM,Aprovada,Benguela,Jovem
TXN002202,CLI0075,Pagamento de Electricidade,157363.34,2023-08-10 13:12:49,Balcão,Pendente,Huambo,Jovem
TXN004121,CLI0077,Pagamento de Empréstimo,48694.31,02/06/2023 13:57,ATM,Recusada,Huambo,Jovem
TXN002340,CLI0040,Recarga de Telemóvel,184852.02,2023-12-12 05:06:05,App Mobile,Aprovada,Kuito,Poupança
TXN001531,CLI0024,Pagamento de Empréstimo,-188107.62,2024-07-08 08:13:30,ATM,Aprovada,Sumbe,Corrente
TXN004393,CLI0083,Recarga de Telemóvel,227367.03,2023-08-25 15:43:19,App Mobile,Pendente,Cabinda,Empresarial
TXN004161,CLI0032,Depósito,229131.43,2023-03-03 19:15:02,App Mobile,Recusada,Uíge,Jovem
TXN004600,CLI0002,Pagamento de Serviço,144058.27,2023-10-25 07:53:35,ATM,Aprovada,Saurimo,Jovem
TXN001228,CLI0128,Pagamento de Renda,81233.11,2024-10-31 23:33:08,Internet Banking,Pendente,Luanda,Poupança
TXN002634,CLI0081,Pagamento de Electricidade,70122.33,2024-10-15 21:33:24,Agente Bancário,Pendente,Uíge,Empresarial
TXN004820,CLI0090,Pagamento de Electricidade,233393.89,2024-04-30 20:27:31,ATM,Aprovada,Cabinda,Poupança
TXN003893,CLI0161,Recebimento de Salário,236725.05,2024-04-29 20:36:11,Balcão,Aprovada,Lubango,Empresarial
TXN003723,CLI0006,Recebimento de Salário,83936.53,2024-10-09 02:00:31,,Aprovada,Uíge,Corrente
TXN002488,CLI0006,Depósito,237670.52,2023-08-14 17:02:51,App Mobile,Aprovada,Uíge,Corrente
TXN000910,CLI0127,Transferência,187373.86,2023-04-19 15:16:47,Agente Bancário,Aprovada,Malanje,Corrente
TXN000031,CLI0032,Pagamento de Empréstimo,110214.29,2024-07-31 08:15:35,Internet Banking,Aprovada,Uíge,Jovem
TXN002815,CLI0192,Recarga de Telemóvel,219684.49,2023-09-02 12:40:50,Agente Bancário,Aprovada,Luanda,Empresarial
TXN003707,CLI0085,Pagamento de Serviço,244016.67,2023-02-24 21:30:53,ATM,Aprovada,Uíge,Empresarial
TXN002233,CLI0127,Pagamento de Serviço,61191.87,2024-10-31 04:50:21,App Mobile,Aprovada,Malanje,Corrente
TXN000208,CLI0004,Pagamento de Empréstimo,169348.66,2023-01-14 21:58:50,Agente Bancário,Aprovada,Saurimo,Empresarial
TXN000083,CLI0098,Recarga de Telemóvel,102360.66,2023-11-20 08:51:13,App Mobile,Pendente,Sumbe,Corrente
TXN000932,CLI0046,Compra com Cartão,66504.01,2023-12-08 10:42:24,App Mobile,Pendente,Malanje,Poupança
TXN004685,CLI0174,Pagamento de Renda,205485.35,2023-11-03 09:35:27,Agente Bancário,Aprovada,Cabinda,Poupança
TXN002496,CLI0166,Pagamento de Renda,54505.75,2023-12-19 23:11:18,ATM,Aprovada,Uíge,Empresarial
TXN004216,CLI0116,Transferência,144906.72,2023-06-26 20:04:01,Internet Banking,Recusada,Benguela,Jovem
TXN004568,CLI0033,Pagamento de Empréstimo,71944.85,2024-11-04 21:07:23,ATM,Aprovada,Cabinda,Corrente
TXN004897,CLI0196,Levantamento,111569.28,2024-05-21 21:30:17,Internet Banking,Aprovada,Saurimo,Corrente
TXN001078,CLI0095,Pagamento de Renda,192397.08,2024-04-08 16:54:50,ATM,Aprovada,Lubango,Corrente
TXN000457,CLI0015,Pagamento de Empréstimo,213524.12,2024-07-10 02:31:55,Internet Banking,Aprovada,Kuito,Empresarial
TXN000845,CLI0058,Compra com Cartão,89797.35,2024-06-30 05:57:53,App Mobile,Aprovada,Sumbe,Empresarial
TXN002018,CLI0024,Compra com Cartão,54474.81,2023-01-21 10:44:55,Agente Bancário,Aprovada,Sumbe,Corrente
TXN003687,CLI0018,Pagamento de Empréstimo,241124.85,2024-09-05 02:48:27,App Mobile,Aprovada,Kuito,Empresarial
TXN000980,CLI0156,Levantamento,115100.77,2024-01-23 10:07:26,ATM,Aprovada,Benguela,Jovem
TXN000904,CLI0098,Depósito,237888.62,2023-11-02 18:04:40,Internet Banking,Pendente,Sumbe,Corrente
TXN001193,CLI0059,Compra com Cartão,39945.5,2024-01-07 16:27:35,App Mobile,Aprovada,Lubango,Jovem
TXN001199,CLI0156,Pagamento de Empréstimo,61824.34,2023-12-26 03:51:28,Agente Bancário,Aprovada,Benguela,Jovem
TXN001927,CLI0120,Pagamento de Electricidade,28472.42,2024-10-28 00:21:51,App Mobile,Aprovada,Benguela,Poupança
TXN004330,CLI0178,Pagamento de Empréstimo,17521.07,2024-02-06 10:03:50,Internet Banking,Aprovada,Saurimo,Poupança
TXN001594,CLI0052,RECEBIMENTO DE SALÁRIO,247656.62,2024-06-20 10:12:20,App Mobile,Aprovada,Uíge,Corrente
TXN004841,CLI0091,Levantamento,63939.42,2023-02-19 12:41:32,Agente Bancário,Aprovada,Lubango,Corrente
TXN004839,CLI0100,Pagamento de Renda,242825.48,2024-09-10 15:13:16,Internet Banking,Pendente,Saurimo,Empresarial
TXN002096,CLI0039,Depósito,146467.15,2024-06-05 12:15:30,Internet Banking,Aprovada,Kuito,Corrente
TXN004463,CLI0036,Compra com Cartão,188849.06,2023-07-31 17:16:57,Balcão,Aprovada,Lubango,Poupança
TXN002323,CLI0188,Depósito,110404.69,2023-08-27 22:33:16,App Mobile,Aprovada,Benguela,Poupança
TXN001482,CLI0020,Pagamento de Empréstimo,109259.96,2023-02-05 18:56:28,,Pendente,Huambo,Jovem
TXN000458,CLI0023,Pagamento de Serviço,201019.53,2023-11-19 19:31:39,Internet Banking,Pendente,Malanje,Poupança
TXN002275,CLI0135,Recebimento de Salário,54450.6,2024-11-23 11:23:25,Internet Banking,Aprovada,Malanje,Jovem
TXN004554,CLI0173,Pagamento de Electricidade,21369.18,2024-02-02 09:24:11,Agente Bancário,Aprovada,Benguela,Jovem
TXN004843,CLI0029,Recebimento de Salário,225864.21,2024-03-04 11:37:06,App Mobile,Aprovada,Benguela,Corrente
TXN001025,CLI0112,Recarga de Telemóvel,99690.75,2023-05-22 20:08:29,Balcão,Recusada,Luanda,Empresarial
TXN004595,CLI0111,Recarga de Telemóvel,24925.32,2024-03-17 11:34:10,ATM,Aprovada,Huambo,Empresarial
TXN001186,CLI0099,Pagamento de Serviço,238641.09,2023-01-14 13:06:56,Agente Bancário,Recusada,Huambo,Empresarial
TXN000046,CLI0104,Compra com Cartão,15448.3,2024-06-18 20:41:14,Internet Banking,Aprovada,Uíge,Jovem
TXN000947,cli0004,Transferência,126989.12,2024-03-22 08:51:10,App Mobile,Aprovada,Saurimo,Empresarial
TXN003031,CLI0001,Pagamento de Electricidade,84386.94,2023-12-28 01:33:42,App Mobile,Aprovada,Malanje,Poupança
TXN003987,CLI0098,Depósito,243036.89,2024-04-29 10:59:16,App Mobile,Recusada,Sumbe,Corrente
TXN003372,CLI0185,Pagamento de Serviço,85413.09,2024-02-13 17:32:09,Agente Bancário,Aprovada,Benguela,Jovem
TXN002934,CLI0107,Depósito,213381.64,2024-02-13 03:50:01,ATM,Recusada,Kuito,Empresarial
TXN001455,CLI0173,Recebimento de Salário,44139.52,2023-04-02 23:24:08,ATM,Aprovada,Benguela,Jovem
TXN004508,CLI0002,Depósito,214738.6,2024-04-20 05:59:21,Balcão,Aprovada,Saurimo,Jovem
TXN004871,CLI0140,Levantamento,41256.87,2023-04-23 14:58:45,Agente Bancário,Aprovada,Uíge,Empresarial
TXN001906,CLI0081,Levantamento,117873.79,2024-10-12 01:42:18,Balcão,Pendente,Uíge,Empresarial
TXN004298,CLI0058,Pagamento de Serviço,165358.95,2024-11-01 20:29:07,App Mobile,Recusada,Sumbe,Empresarial
TXN003035,CLI0058,Recarga de Telemóvel,228369.48,2023-09-09 14:54:57,App Mobile,Pendente,Sumbe,Empresarial
TXN001503,CLI0188,Levantamento,231461.02,2024-02-04 18:09:05,Agente Bancário,Pendente,Benguela,Poupança
TXN000330,CLI0002,Compra com Cartão,79068.72,2024-10-26 15:47:05,ATM,Aprovada,Saurimo,Jovem
TXN001511,CLI0100,Levantamento,36009.89,2023-01-15 19:59:11,Agente Bancário,Pendente,Saurimo,Empresarial
TXN001417,CLI0069,Recebimento de Salário,77995.02,2023-03-19 19:15:05,Internet Banking,Aprovada,Uíge,Empresarial
TXN004913,CLI0178,Compra com Cartão,45026.74,2023-08-02 05:16:06,ATM,Aprovada,Saurimo,Poupança
TXN000618,CLI0148,Transferência,125200.15,2023-01-08 12:28:11,App Mobile,Pendente,Kuito,Jovem
TXN002752,CLI0130,Pagamento de Electricidade,145877.76,2024-11-15 15:51:01,Balcão,Aprovada,Uíge,Empresarial
TXN002530,CLI0004,Pagamento de Serviço,34092.77,2023-12-17 22:06:10,,Aprovada,Saurimo,Empresarial
TXN000815,CLI0187,Depósito,55453.77,2024-10-27 01:56:46,ATM,Aprovada,Kuito,Empresarial
TXN003047,CLI0164,Recebimento de Salário,31689.96,2023-05-27 20:06:46,App Mobile,Pendente,Cabinda,Empresarial
TXN003433,CLI0051,Recebimento de Salário,119566.09,2024-05-01 17:42:45,App Mobile,Recusada,Cabinda,Poupança
TXN001705,CLI0111,Levantamento,112865.51,2023-08-15 17:23:15,App Mobile,Pendente,Huambo,Empresarial
TXN002546,CLI0194,Levantamento,241083.03,2024-12-22 02:00:21,App Mobile,Pendente,Lubango,Poupança
TXN004019,CLI0121,Transferência,186598.77,2024-01-16 12:05:00,Internet Banking,Aprovada,Lubango,Empresarial
TXN001987,CLI0143,Pagamento de Electricidade,246897.77,2024-02-01 01:44:32,App Mobile,Aprovada,Uíge,Poupança
TXN003675,CLI0023,Depósito,93544.87,2023-11-08 19:27:38,ATM,Aprovada,Malanje,Poupança
TXN002423,CLI0114,Levantamento,243412.09,2023-05-09 01:28:05,App Mobile,Recusada,Malanje,Jovem
TXN002663,CLI0008,Recebimento de Salário,122984.57,2024-08-27 12:51:55,App Mobile,Recusada,Saurimo,Poupança
TXN003531,CLI0076,Transferência,146450.31,2023-12-24 13:12:53,Internet Banking,Aprovada,Sumbe,Empresarial
TXN003265,CLI0072,Pagamento de Renda,217630.11,2024-08-07 04:08:48,Agente Bancário,Aprovada,Lubango,Jovem
TXN001170,CLI0019,Transferência,215365.78,2023-04-23 22:30:04,ATM,Recusada,Kuito,Empresarial
TXN004652,CLI0065,Depósito,194863.63,2023-01-31 14:22:04,App Mobile,Aprovada,Benguela,Empresarial
TXN003855,CLI0159,PAGAMENTO DE RENDA,211815.8,2023-09-16 04:22:52,App Mobile,Aprovada,Uíge,Empresarial
TXN004374,CLI0198,Recarga de Telemóvel,18176.0,2023-01-31 21:58:24,Agente Bancário,Aprovada,Uíge,Corrente
TXN002958,CLI0199,Compra com Cartão,144678.23,2024-05-26 13:36:50,Agente Bancário,Aprovada,Kuito,Poupança
TXN004502,CLI0069,Pagamento de Empréstimo,217872.73,2023-02-20 07:53:07,Balcão,Aprovada,Uíge,Empresarial
TXN004343,CLI0056,Transferência,193906.34,2023-08-04 04:13:15,App Mobile,Aprovada,Huambo,Empresarial
TXN003394,CLI0067,Depósito,217596.68,2023-12-26 02:16:47,Internet Banking,Recusada,Lubango,Jovem
TXN002092,CLI0135,Recebimento de Salário,5553.82,2023-08-06 02:53:38,ATM,Aprovada,Malanje,Jovem
TXN002905,CLI0149,Transferência,32603.27,2024-08-13 09:02:50,Internet Banking,Aprovada,Saurimo,Corrente
TXN004988,CLI0165,Compra com Cartão,45582.48,2024-09-06 13:28:16,Internet Banking,Aprovada,Cabinda,Corrente
TXN000572,CLI0006,Pagamento de Empréstimo,6502.21,2023-11-19 06:58:32,Internet Banking,Aprovada,Uíge,Corrente
TXN002398,CLI0098,Pagamento de Electricidade,216442.74,2024-12-17 06:28:29,Agente Bancário,Aprovada,Sumbe,Corrente
TXN001236,CLI0107,Depósito,191811.42,2024-09-09 04:58:17,Agente Bancário,Pendente,Kuito,Empresarial
TXN002605,CLI0157,Transferência,242949.83,2024-01-01 10:23:22,,Aprovada,Malanje,Jovem
TXN000453,CLI0118,Pagamento de Empréstimo,136763.32,2024-07-27 14:32:39,ATM,Aprovada,Saurimo,Corrente
TXN000743,CLI0109,Pagamento de Empréstimo,165855.46,2023-03-24 08:09:59,Balcão,Pendente,Huambo,Poupança
TXN004857,CLI0140,Recarga de Telemóvel,72946.34,2023-06-01 11:38:31,ATM,Pendente,Uíge,Empresarial
TXN004707,CLI0036,Recarga de Telemóvel,96128.85,2023-06-13 06:38:36,App Mobile,Aprovada,Lubango,Poupança
TXN000656,CLI0074,Recebimento de Salário,47006.81,2023-10-19 00:00:29,ATM,Aprovada,Huambo,Corrente
TXN002899,CLI0055,Pagamento de Electricidade,160664.98,2023-12-15 19:28:22,Internet Banking,Aprovada,Uíge,Poupança
TXN000156,CLI0146,Depósito,59574.55,2023-04-12 12:34:44,Internet Banking,Pendente,Sumbe,Corrente
TXN000873,CLI0082,Compra com Cartão,227811.85,2023-08-16 15:07:59,ATM,Recusada,Uíge,Corrente
TXN002299,CLI0134,Compra com Cartão,244811.93,2024-03-06 07:19:08,Balcão,Aprovada,Sumbe,Jovem
TXN003659,CLI0020,Pagamento de Renda,158008.35,2023-05-02 18:38:37,Agente Bancário,Aprovada,Huambo,Jovem
TXN000333,CLI0153,Compra com Cartão,144282.78,2024-09-19 20:34:17,Balcão,Pendente,Huambo,Poupança
TXN004669,CLI0152,Pagamento de Empréstimo,221843.03,2023-06-25 07:56:09,Balcão,Aprovada,Cabinda,Jovem
TXN004741,CLI0017,Pagamento de Renda,210321.93,2023-06-27 12:16:34,Internet Banking,Aprovada,Huambo,Jovem
TXN000559,CLI0077,Pagamento de Electricidade,245746.17,2023-09-21 07:03:02,Balcão,Aprovada,Huambo,Jovem
TXN001070,CLI0131,Recarga de Telemóvel,170442.78,2023-10-16 00:39:32,ATM,Recusada,Sumbe,Empresarial
TXN002960,CLI0190,Pagamento de Empréstimo,41139.4,2023-05-14 01:32:28,App Mobile,Pendente,Malanje,Empresarial
TXN002117,CLI0187,Depósito,180898.37,2024-01-18 17:27:46,App Mobile,Aprovada,Kuito,Empresarial
TXN004849,CLI0112,Levantamento,198649.04,2024-05-24 06:51:28,ATM,Aprovada,Luanda,Empresarial
TXN002000,CLI0200,Compra com Cartão,73334.67,2024-02-02 23:25:13,App Mobile,Aprovada,Malanje,Empresarial
TXN003867,CLI0140,Recarga de Telemóvel,247546.77,2024-04-14 09:37:16,Internet Banking,Recusada,Uíge,Empresarial
TXN001524,CLI0003,Levantamento,78619.35,2023-10-22 18:04:29,Internet Banking,Aprovada,Saurimo,Corrente
TXN002012,CLI0081,Recebimento de Salário,202921.28,2023-05-16 01:39:28,ATM,Aprovada,Uíge,Empresarial
TXN004584,CLI0129,Recebimento de Salário,135064.68,2024-09-23 19:56:21,Agente Bancário,Aprovada,Saurimo,Jovem
TXN002174,cli0051,Depósito,219358.54,2024-07-21 20:26:17,Balcão,Aprovada,Cabinda,Poupança
TXN004847,CLI0146,Transferência,191122.34,2023-04-04 00:31:48,ATM,Aprovada,Sumbe,Corrente
TXN000053,CLI0012,Depósito,201089.48,2023-09-16 16:19:43,ATM,Pendente,Cabinda,Corrente
TXN004276,CLI0168,Pagamento de Serviço,191892.65,2023-10-11 16:08:08,Agente Bancário,Pendente,Cabinda,Corrente
TXN003058,CLI0122,Recebimento de Salário,63301.12,31/10/2024 00:18,Internet Banking,Aprovada,Lubango,Empresarial
TXN001938,CLI0083,PAGAMENTO DE ELECTRICIDADE,167802.89,2024-05-02 03:52:44,Internet Banking,Aprovada,Cabinda,Empresarial
TXN002297,CLI0132,Pagamento de Empréstimo,236196.76,2024-11-30 14:18:07,ATM,Aprovada,Cabinda,Empresarial
TXN000596,cli0173,Depósito,147159.43,2023-09-12 21:58:24,Internet Banking,Recusada,Benguela,Jovem
TXN003299,CLI0034,Recarga de Telemóvel,1684.41,2023-08-08 01:35:33,Agente Bancário,Pendente,Huambo,Empresarial
TXN004930,CLI0166,Depósito,244587.99,2024-08-31 09:35:11,Agente Bancário,Aprovada,Uíge,Empresarial
TXN004624,CLI0195,Recebimento de Salário,64305.16,2023-08-25 13:58:12,App Mobile,Aprovada,Cabinda,Corrente
TXN000157,CLI0070,Pagamento de Serviço,195094.28,2023-04-16 17:18:31,Balcão,Aprovada,Huambo,Corrente
TXN001408,CLI0145,Pagamento de Renda,196816.47,2024-11-24 15:31:09,App Mobile,Aprovada,Huambo,Empresarial
TXN004279,CLI0143,Pagamento de Empréstimo,83134.41,2024-07-16 18:39:42,Agente Bancário,Aprovada,Uíge,Poupança
TXN002184,CLI0056,Compra com Cartão,243861.49,2024-11-07 17:36:13,App Mobile,Aprovada,Huambo,Empresarial
TXN000343,CLI0100,Compra com Cartão,73477.65,2023-01-15 19:38:44,App Mobile,Aprovada,Saurimo,Empresarial
TXN002211,CLI0177,Pagamento de Renda,17667.45,2024-04-30 18:55:47,App Mobile,Aprovada,Lubango,Poupança
TXN003600,CLI0003,Pagamento de Renda,34095.46,2023-02-23 15:23:45,Balcão,Recusada,Saurimo,Corrente
TXN002904,CLI0148,Compra com Cartão,3581.32,2024-11-06 05:49:48,Internet Banking,Aprovada,Kuito,Jovem
TXN002024,CLI0186,Recarga de Telemóvel,78348.95,2023-03-08 14:56:42,Internet Banking,Aprovada,Saurimo,Poupança
TXN000809,CLI0178,Compra com Cartão,196539.05,2023-05-13 20:12:49,Internet Banking,Aprovada,Saurimo,Poupança
TXN002351,CLI0088,Compra com Cartão,98680.22,2023-03-15 23:13:42,Internet Banking,Aprovada,Cabinda,Poupança
TXN001282,CLI0167,Pagamento de Electricidade,45358.25,2024-02-07 07:22:13,ATM,Aprovada,Benguela,Jovem
TXN000552,CLI0175,Pagamento de Empréstimo,192652.89,2023-04-24 01:53:17,Balcão,Aprovada,Cabinda,Empresarial
TXN000135,CLI0102,Compra com Cartão,23254.2,2024-05-24 03:07:49,ATM,Aprovada,Sumbe,Empresarial
TXN003651,CLI0027,Pagamento de Electricidade,36721.35,2024-08-19 22:10:54,Internet Banking,Aprovada,Sumbe,Corrente
TXN002748,CLI0018,Transferência,180343.29,2023-04-12 23:45:44,Internet Banking,Pendente,Kuito,Empresarial
TXN002626,CLI0088,Recebimento de Salário,32701.79,2024-05-20 03:51:05,ATM,Aprovada,Cabinda,Poupança
TXN000095,CLI0096,Recebimento de Salário,247563.14,2023-07-08 21:43:25,Internet Banking,Recusada,Malanje,Corrente
TXN001047,CLI0146,Levantamento,206620.44,2023-12-10 17:28:11,App Mobile,Aprovada,Sumbe,Corrente
TXN000650,CLI0042,Pagamento de Serviço,228314.96,2024-08-22 01:31:18,Internet Banking,Aprovada,Lubango,Corrente
TXN002707,CLI0039,Recarga de Telemóvel,40255.55,2023-11-07 21:08:30,App Mobile,Pendente,Kuito,Corrente
TXN000758,CLI0103,Recebimento de Salário,110486.51,2023-04-11 04:26:25,Agente Bancário,Pendente,Malanje,Empresarial
TXN003260,CLI0161,Compra com Cartão,172193.58,2023-06-07 11:32:37,App Mobile,Aprovada,Lubango,Empresarial
TXN004024,CLI0114,Depósito,161433.3,2024-10-02 03:09:47,Agente Bancário,Pendente,Malanje,Jovem
TXN001539,CLI0003,Transferência,158693.94,2023-01-29 01:14:42,Balcão,Aprovada,Saurimo,Corrente
TXN003373,CLI0108,Pagamento de Renda,186659.54,2023-11-16 15:05:27,Agente Bancário,Aprovada,Lubango,Corrente
TXN000538,CLI0038,Pagamento de Serviço,197607.88,2024-10-28 13:48:32,Internet Banking,Pendente,Uíge,Jovem
TXN001341,CLI0012,Levantamento,248734.75,2023-08-10 04:19:21,Internet Banking,Aprovada,Cabinda,Corrente
TXN003991,CLI0145,Depósito,165981.29,2023-05-31 11:07:17,Balcão,Aprovada,Huambo,Empresarial
TXN000417,CLI0078,Recebimento de Salário,23121.41,2024-05-17 14:20:28,Balcão,Pendente,Kuito,Jovem
TXN000828,CLI0085,Depósito,168766.04,2024-03-30 02:03:35,Balcão,Pendente,Uíge,Empresarial
TXN004470,CLI0009,Pagamento de Serviço,46239.41,2023-07-15 08:49:47,Internet Banking,Pendente,Lubango,Corrente
TXN001902,CLI0124,Pagamento de Electricidade,3676.82,2023-03-17 06:57:52,App Mobile,Aprovada,Luanda,Poupança
TXN003221,CLI0033,Pagamento de Renda,207701.6,2023-12-17 18:57:17,App Mobile,Aprovada,Cabinda,Corrente
TXN002526,CLI0044,Pagamento de Renda,245406.67,2023-11-28 11:22:03,ATM,,Benguela,Corrente
TXN004228,CLI0108,Pagamento de Empréstimo,234787.42,2024-04-25 12:42:16,App Mobile,Recusada,Lubango,Corrente
TXN003942,CLI0069,Depósito,110859.83,2024-04-28 19:15:38,App Mobile,Aprovada,Uíge,Empresarial
TXN004355,CLI0045,Pagamento de Empréstimo,40351.99,2024-03-23 04:55:09,ATM,Aprovada,Lubango,Empresarial
TXN000908,CLI0140,Pagamento de Renda,80798.57,2023-07-03 02:29:59,App Mobile,Pendente,Uíge,Empresarial
TXN001473,CLI0040,Pagamento de Electricidade,120569.59,2023-09-02 06:44:37,Balcão,Aprovada,Kuito,Poupança
TXN001508,CLI0036,Recarga de Telemóvel,13741.71,2023-09-17 10:04:17,Balcão,Aprovada,Lubango,Poupança
TXN001370,CLI0085,Recarga de Telemóvel,238908.74,2023-02-15 08:04:47,Internet Banking,Aprovada,Uíge,Empresarial
TXN000718,CLI0137,Transferência,104844.03,2023-05-29 21:40:20,Balcão,Aprovada,Benguela,Jovem
TXN000832,CLI0191,Pagamento de Serviço,175057.35,2024-07-30 01:37:56,ATM,Recusada,Benguela,Corrente
TXN001763,CLI0034,Compra com Cartão,110761.48,2024-11-13 23:43:57,Balcão,Recusada,Huambo,Empresarial
TXN004187,CLI0014,Pagamento de Empréstimo,161611.04,2024-09-04 03:35:43,App Mobile,Aprovada,Sumbe,Jovem
TXN002975,CLI0092,Recebimento de Salário,21729.06,2024-05-25 06:11:09,Internet Banking,Aprovada,Benguela,Poupança
TXN004240,CLI0078,Pagamento de Empréstimo,85008.65,2023-11-21 20:22:05,ATM,Pendente,Kuito,Jovem
TXN003789,CLI0097,PAGAMENTO DE EMPRÉSTIMO,137113.05,2024-02-10 16:24:40,Balcão,Recusada,Uíge,Empresarial
TXN000990,CLI0077,Pagamento de Electricidade,39072.11,2024-06-05 20:53:09,ATM,Recusada,Huambo,Jovem
TXN003298,CLI0121,Compra com Cartão,139803.06,2023-01-06 04:31:29,Balcão,Aprovada,Lubango,Empresarial
TXN003578,CLI0192,Recarga de Telemóvel,183274.44,2023-09-19 11:16:39,App Mobile,Aprovada,Luanda,Empresarial
TXN004869,CLI0153,Transferência,64449.76,2023-03-19 16:23:10,Agente Bancário,Recusada,Huambo,Poupança
TXN003177,CLI0150,Pagamento de Electricidade,15525.03,2023-04-21 10:58:14,Agente Bancário,Aprovada,Benguela,Jovem
TXN000903,CLI0068,Pagamento de Electricidade,107668.88,2023-08-15 05:04:55,Internet Banking,Aprovada,Malanje,Jovem
TXN004846,CLI0095,Depósito,58829.15,2024-03-03 17:05:55,Internet Banking,Aprovada,Lubango,Corrente
TXN003295,CLI0066,Pagamento de Renda,142216.02,2023-06-29 19:33:23,Agente Bancário,Pendente,Malanje,Jovem
TXN002971,CLI0121,Recarga de Telemóvel,158267.8,2024-09-07 14:01:37,Internet Banking,Pendente,Lubango,Empresarial
TXN002301,CLI0184,Depósito,16725.15,2024-02-18 21:24:27,Balcão,Aprovada,Sumbe,Corrente
TXN000128,CLI0072,Pagamento de Electricidade,244760.54,2023-09-09 09:20:26,Agente Bancário,Aprovada,Lubango,Jovem
TXN003015,CLI0117,Recarga de Telemóvel,181421.57,2023-12-15 10:58:58,Balcão,Aprovada,Sumbe,Jovem
TXN003507,cli0082,Pagamento de Renda,238777.11,2023-10-05 19:11:32,Agente Bancário,Aprovada,Uíge,Corrente
TXN004245,CLI0097,Pagamento de Renda,78723.65,2023-12-18 06:49:37,Agente Bancário,Pendente,Uíge,Empresarial
TXN002586,CLI0093,Pagamento de Serviço,67879.21,2024-06-16 13:52:11,App Mobile,Pendente,Saurimo,Corrente
TXN001726,CLI0147,Pagamento de Empréstimo,-146056.4,2024-02-27 07:19:40,ATM,Aprovada,Malanje,Empresarial
TXN002671,CLI0138,Recebimento de Salário,96984.26,2023-08-27 09:19:26,Balcão,Aprovada,Malanje,Empresarial
TXN002816,CLI0142,Depósito,93962.08,2023-01-06 15:55:16,Internet Banking,Recusada,Kuito,Jovem
TXN003284,CLI0170,Depósito,187382.75,2024-12-23 10:54:29,App Mobile,Pendente,Uíge,Corrente
TXN000310,CLI0039,Depósito,243096.98,25/05/2023 10:07,Agente Bancário,Aprovada,Kuito,Corrente
TXN003229,CLI0024,Pagamento de Empréstimo,100369.62,2024-07-13 10:40:28,Agente Bancário,Aprovada,Sumbe,Corrente
TXN004917,CLI0132,Pagamento de Empréstimo,148996.94,27/10/2024 15:48,Internet Banking,Pendente,Cabinda,Empresarial
TXN001306,CLI0048,Pagamento de Serviço,27133.07,2024-03-31 05:30:53,Balcão,Aprovada,Malanje,Corrente
TXN000023,CLI0026,Pagamento de Empréstimo,72076.41,2023-01-30 18:01:23,ATM,,Lubango,Empresarial
TXN000075,CLI0001,Pagamento de Serviço,106212.5,2023-02-05 04:15:47,Agente Bancário,Aprovada,Malanje,Poupança
TXN001125,CLI0016,Pagamento de Serviço,62432.5,2023-08-08 09:21:58,Agente Bancário,Recusada,Huambo,Jovem
TXN000925,CLI0157,Transferência,105183.36,2023-03-06 07:57:46,ATM,Aprovada,Malanje,Jovem
TXN004289,CLI0143,Transferência,73381.9,2024-12-27 09:12:20,App Mobile,Aprovada,Uíge,Poupança
TXN003979,CLI0048,Recarga de Telemóvel,239408.67,2023-09-25 08:46:04,Internet Banking,Aprovada,Malanje,Corrente
TXN001858,CLI0148,Levantamento,83963.11,2023-08-28 06:45:21,Balcão,Recusada,Kuito,Jovem
TXN002986,cli0009,Depósito,166688.01,2024-06-11 12:01:07,Internet Banking,Aprovada,Lubango,Corrente
TXN000167,CLI0189,Depósito,245674.83,2024-10-19 11:59:54,ATM,Recusada,Sumbe,Jovem
TXN001087,CLI0035,Recarga de Telemóvel,178291.17,2023-06-18 12:24:52,ATM,Aprovada,Benguela,Corrente
TXN002991,CLI0097,Recebimento de Salário,218778.12,2024-04-21 13:40:09,Agente Bancário,Recusada,Uíge,Empresarial
TXN000469,CLI0177,Pagamento de Empréstimo,246901.64,2024-11-22 01:42:06,ATM,Aprovada,Lubango,Poupança
TXN000183,CLI0022,Pagamento de Empréstimo,147636.75,2024-08-10 13:22:42,Agente Bancário,Aprovada,Huambo,Corrente
TXN003515,CLI0191,Pagamento de Serviço,236646.54,2023-01-10 05:29:32,Balcão,Pendente,Benguela,Corrente
TXN002579,CLI0036,COMPRA COM CARTÃO,211238.31,2023-01-11 04:57:53,Internet Banking,Aprovada,Lubango,Poupança
TXN004053,CLI0165,Transferência,214476.26,2023-12-14 13:20:24,Agente Bancário,Recusada,Cabinda,Corrente
TXN001781,CLI0044,Compra com Cartão,192124.08,2024-09-12 03:18:08,App Mobile,Aprovada,Benguela,Corrente
TXN004925,CLI0172,Transferência,238913.41,2024-06-16 15:34:01,ATM,Aprovada,Cabinda,Jovem
TXN000408,CLI0173,Pagamento de Serviço,84682.95,2024-02-08 20:36:49,Agente Bancário,Aprovada,Benguela,Jovem
TXN003384,cli0197,Pagamento de Empréstimo,12498.0,2023-09-08 15:01:14,Agente Bancário,Aprovada,Malanje,Empresarial
TXN001515,CLI0151,Compra com Cartão,154599.98,2024-11-22 17:55:37,Internet Banking,Pendente,Malanje,Corrente
TXN003555,CLI0045,Depósito,161674.16,2023-11-02 16:27:43,Balcão,Pendente,Lubango,Empresarial
TXN000774,CLI0032,PAGAMENTO DE EMPRÉSTIMO,205194.28,2024-12-06 06:13:36,Internet Banking,Aprovada,Uíge,Jovem
TXN004868,CLI0006,Pagamento de Renda,181414.52,2024-09-26 15:54:42,Internet Banking,Recusada,Uíge,Corrente
TXN000312,CLI0015,Compra com Cartão,117801.62,2024-02-26 21:49:54,Internet Banking,Aprovada,Kuito,Empresarial
TXN004473,CLI0139,Transferência,223398.67,2023-09-22 14:13:29,Balcão,Pendente,Kuito,Poupança
TXN001623,CLI0177,Pagamento de Empréstimo,133677.23,2024-08-11 22:47:39,Internet Banking,Aprovada,Lubango,Poupança
TXN001147,CLI0060,Depósito,149713.24,2023-03-10 16:11:37,App Mobile,Aprovada,Kuito,Jovem
TXN003044,CLI0064,Depósito,85682.66,2024-08-29 04:14:29,Balcão,Recusada,Uíge,Corrente
TXN003187,CLI0179,Compra com Cartão,184900.14,2024-08-22 06:08:12,ATM,Aprovada,Luanda,Empresarial
TXN000755,CLI0157,Pagamento de Electricidade,157133.52,2024-03-16 07:47:52,Balcão,Aprovada,Malanje,Jovem
TXN000870,CLI0075,Transferência,152455.02,2023-03-24 12:18:35,Agente Bancário,Aprovada,Huambo,Jovem
TXN000268,CLI0104,Pagamento de Electricidade,219687.99,2023-01-15 11:06:09,Agente Bancário,Pendente,Uíge,Jovem
TXN004630,CLI0167,Compra com Cartão,168706.16,2023-03-09 03:54:33,Balcão,Aprovada,Benguela,Jovem
TXN002434,CLI0136,Compra com Cartão,39899.7,2023-05-08 01:25:30,Internet Banking,Aprovada,Huambo,Empresarial
TXN001843,CLI0108,Depósito,32884.88,2024-11-06 23:43:27,,Aprovada,Lubango,Corrente
TXN000627,CLI0169,Transferência,174811.87,2023-11-02 16:19:41,Agente Bancário,Aprovada,Cabinda,Poupança
TXN003346,CLI0056,Compra com Cartão,138440.11,2023-01-26 21:20:28,Balcão,Aprovada,Huambo,Empresarial
TXN002362,CLI0089,Levantamento,19065.46,2023-01-06 16:06:25,ATM,Recusada,Uíge,Empresarial
TXN002767,CLI0096,Recebimento de Salário,240189.64,2024-04-20 20:03:22,Balcão,Aprovada,Malanje,Corrente
TXN002762,CLI0003,Pagamento de Serviço,32304.94,2024-02-10 12:31:34,App Mobile,Recusada,Saurimo,Corrente
TXN003346,CLI0056,Compra com Cartão,138440.11,2023-01-26 21:20:28,Balcão,Aprovada,Huambo,Empresarial
TXN003766,CLI0140,Pagamento de Electricidade,205824.63,2024-09-08 09:43:08,Agente Bancário,Pendente,Uíge,Empresarial
TXN004036,CLI0069,Pagamento de Serviço,16707.16,2024-04-17 18:55:41,Balcão,Aprovada,Uíge,Empresarial
TXN001217,CLI0170,Levantamento,101778.21,2023-12-05 08:36:33,App Mobile,Aprovada,Uíge,Corrente
TXN004377,CLI0103,Pagamento de Electricidade,13358.42,2023-08-15 20:19:39,Internet Banking,Aprovada,Malanje,Empresarial
TXN002229,CLI0140,PAGAMENTO DE RENDA,39641.11,2024-02-03 21:30:28,ATM,Aprovada,Uíge,Empresarial
TXN000779,CLI0003,Pagamento de Electricidade,177040.19,2024-04-25 02:12:44,ATM,Aprovada,Saurimo,Corrente
TXN003745,CLI0035,Recebimento de Salário,233100.0,2023-07-23 18:41:51,ATM,Aprovada,Benguela,Corrente
TXN000074,CLI0131,Pagamento de Renda,128555.34,2023-04-13 11:37:14,Balcão,Aprovada,Sumbe,Empresarial
TXN004683,CLI0097,Recebimento de Salário,207774.01,2023-06-08 20:15:59,Agente Bancário,Aprovada,Uíge,Empresarial
TXN003944,CLI0019,Pagamento de Renda,172074.67,2023-10-16 14:30:23,Balcão,Aprovada,Kuito,Empresarial
TXN000040,CLI0142,Transferência,77668.03,2023-02-21 01:38:00,Agente Bancário,Aprovada,Kuito,Jovem
TXN000561,CLI0133,Pagamento de Electricidade,24947.96,2023-12-19 20:56:40,ATM,Aprovada,Kuito,Jovem
TXN000641,CLI0076,Pagamento de Serviço,160688.7,2023-06-08 18:01:07,ATM,Aprovada,Sumbe,Empresarial
TXN004234,CLI0044,Pagamento de Renda,78861.17,2023-08-20 18:57:58,Balcão,Aprovada,Benguela,Corrente
TXN002694,CLI0023,Recarga de Telemóvel,188860.45,2023-05-07 22:27:13,Balcão,Recusada,Malanje,Poupança
TXN001397,CLI0041,Levantamento,188288.63,2023-12-29 09:10:29,Internet Banking,Aprovada,Saurimo,Corrente
TXN002259,CLI0187,Recarga de Telemóvel,236206.26,2024-04-26 17:46:44,ATM,Aprovada,Kuito,Empresarial
TXN003178,CLI0023,Pagamento de Empréstimo,235365.54,2023-03-05 19:21:08,Agente Bancário,Pendente,Malanje,Poupança
TXN001651,CLI0030,Recarga de Telemóvel,113991.51,2023-11-05 20:43:19,Internet Banking,Aprovada,Sumbe,Poupança
TXN001378,CLI0035,Pagamento de Serviço,151841.52,2023-06-05 11:38:45,Balcão,Aprovada,Benguela,Corrente
TXN001446,CLI0141,Pagamento de Renda,142021.74,2023-10-24 01:22:56,App Mobile,Recusada,Malanje,Jovem
TXN003036,CLI0170,Pagamento de Serviço,50696.92,2024-11-06 14:36:25,App Mobile,Recusada,Uíge,Corrente
TXN001561,CLI0078,Pagamento de Empréstimo,202493.51,2024-07-11 23:50:26,App Mobile,Aprovada,Kuito,Jovem
TXN002173,CLI0047,Recarga de Telemóvel,222303.91,2024-10-10 18:34:24,,Recusada,Kuito,Corrente
TXN002856,CLI0094,Recebimento de Salário,248029.63,2023-11-26 07:14:13,ATM,Aprovada,Luanda,Empresarial
TXN004815,CLI0200,Pagamento de Renda,224566.36,2024-03-28 14:27:12,Balcão,Aprovada,Malanje,Empresarial
TXN002519,CLI0100,Pagamento de Serviço,103407.85,2023-04-01 06:40:52,Internet Banking,Aprovada,Saurimo,Empresarial
TXN003336,CLI0069,Compra com Cartão,48142.47,2024-08-22 23:19:44,Balcão,Aprovada,Uíge,Empresarial
TXN000722,CLI0132,Pagamento de Renda,131505.76,2024-07-13 16:34:09,Agente Bancário,Pendente,Cabinda,Empresarial
TXN000276,CLI0175,Recebimento de Salário,196055.21,2024-03-04 19:58:55,ATM,Aprovada,Cabinda,Empresarial
TXN000876,CLI0081,Levantamento,126503.97,2023-11-24 00:25:47,Balcão,Aprovada,Uíge,Empresarial
TXN000976,CLI0095,Pagamento de Electricidade,77012.35,2023-08-15 04:42:09,App Mobile,Pendente,Lubango,Corrente
TXN003473,CLI0035,Recarga de Telemóvel,149449.4,2024-11-07 18:17:05,Balcão,Aprovada,Benguela,Corrente
TXN001816,CLI0106,Depósito,3052.28,2024-02-28 19:28:20,ATM,Aprovada,Saurimo,Empresarial
TXN003735,CLI0105,Pagamento de Serviço,199178.53,2023-03-08 15:17:24,Internet Banking,Recusada,Luanda,Corrente
TXN003169,CLI0142,Recebimento de Salário,-106670.96,2023-10-25 12:53:00,Agente Bancário,Pendente,Kuito,Jovem
TXN001031,CLI0064,Pagamento de Empréstimo,35539.86,2023-08-03 13:04:27,Balcão,Aprovada,Uíge,Corrente
TXN003139,CLI0146,Transferência,76952.7,2023-11-24 21:44:13,Balcão,Aprovada,Sumbe,Corrente
TXN004860,CLI0114,Pagamento de Empréstimo,202641.14,2024-11-01 02:25:37,Internet Banking,Aprovada,Malanje,Jovem
TXN002333,CLI0003,Depósito,184231.29,2023-09-30 14:24:48,Agente Bancário,Aprovada,Saurimo,Corrente
TXN004383,CLI0093,Levantamento,193365.9,2023-07-19 20:15:16,Agente Bancário,Aprovada,Saurimo,Corrente
TXN002508,CLI0019,Depósito,132541.71,2023-07-23 19:28:44,App Mobile,Pendente,Kuito,Empresarial
TXN001131,CLI0140,Depósito,197537.31,2024-05-13 12:22:04,Agente Bancário,Aprovada,Uíge,Empresarial
TXN003985,CLI0072,Transferência,234832.2,2024-02-12 09:13:13,ATM,Recusada,Lubango,Jovem
TXN003293,CLI0167,Depósito,5578.26,2024-09-22 19:21:15,Agente Bancário,Aprovada,Benguela,Jovem
TXN002444,CLI0033,Pagamento de Serviço,204803.97,2023-03-16 10:32:31,ATM,Aprovada,Cabinda,Corrente
TXN004063,CLI0104,PAGAMENTO DE RENDA,179143.54,2024-09-07 04:47:10,Internet Banking,Aprovada,Uíge,Jovem
TXN003006,CLI0124,Compra com Cartão,97934.33,2024-03-15 05:34:03,App Mobile,Aprovada,Luanda,Poupança
TXN000137,cli0036,Recebimento de Salário,36141.84,2024-06-09 22:45:00,ATM,Pendente,Lubango,Poupança
TXN004678,CLI0117,Pagamento de Electricidade,6480.67,2023-01-19 02:26:18,App Mobile,Aprovada,Sumbe,Jovem
TXN002193,CLI0021,Pagamento de Renda,89691.04,2024-10-05 17:54:07,App Mobile,Aprovada,Huambo,Corrente
TXN003434,CLI0007,Pagamento de Empréstimo,11837.75,2024-10-23 19:27:52,Balcão,Aprovada,Sumbe,Corrente
TXN001478,CLI0131,Pagamento de Electricidade,178859.06,2024-01-09 11:37:38,Agente Bancário,Pendente,Sumbe,Empresarial
TXN003881,CLI0154,TRANSFERÊNCIA,196515.75,2023-03-11 11:55:01,ATM,Aprovada,Lubango,Jovem
TXN003861,CLI0008,Depósito,100568.28,2023-09-24 03:14:34,Internet Banking,Aprovada,Saurimo,Poupança
TXN003672,CLI0184,Recebimento de Salário,11396.01,2023-07-30 17:33:04,Internet Banking,Recusada,Sumbe,Corrente
TXN001761,CLI0143,Recebimento de Salário,133922.13,2023-11-15 07:49:40,Balcão,Aprovada,Uíge,Poupança
TXN002174,cli0051,Depósito,219358.54,2024-07-21 20:26:17,Balcão,Aprovada,Cabinda,Poupança
TXN001406,CLI0022,Recebimento de Salário,103379.11,2023-01-18 09:12:02,Internet Banking,Recusada,Huambo,Corrente
TXN000968,CLI0095,Depósito,138238.31,2023-10-30 09:48:43,Agente Bancário,Pendente,Lubango,Corrente
TXN001433,CLI0012,Pagamento de Renda,44668.81,2023-07-12 17:08:02,Agente Bancário,Pendente,Cabinda,Corrente
TXN002104,CLI0123,Recarga de Telemóvel,157485.28,2023-10-28 02:40:57,Internet Banking,Aprovada,Kuito,Poupança
TXN002715,CLI0093,Pagamento de Electricidade,240407.59,2024-07-17 18:24:32,ATM,Aprovada,Saurimo,Corrente
TXN001476,CLI0101,Transferência,129511.74,2023-05-14 21:48:54,Agente Bancário,Aprovada,Lubango,Jovem
TXN000485,CLI0043,Pagamento de Renda,179072.94,2023-08-31 16:40:13,Internet Banking,Aprovada,Cabinda,Poupança
TXN002052,CLI0070,Pagamento de Electricidade,56992.14,2023-06-01 05:14:11,Balcão,Aprovada,Huambo,Corrente
TXN000334,CLI0031,Pagamento de Serviço,194465.95,2024-05-07 08:30:43,Agente Bancário,Aprovada,Uíge,Poupança
TXN003185,CLI0009,Pagamento de Electricidade,181354.3,2024-01-13 02:48:09,ATM,Aprovada,Lubango,Corrente
TXN002243,CLI0056,Depósito,223741.7,2023-01-07 17:45:00,Agente Bancário,Aprovada,Huambo,Empresarial
TXN001389,CLI0128,Levantamento,223897.99,2024-07-03 20:33:36,ATM,Aprovada,Luanda,Poupança
TXN004548,CLI0059,Pagamento de Serviço,242952.34,2024-11-26 14:38:11,Internet Banking,Aprovada,Lubango,Jovem
TXN003451,CLI0081,Levantamento,144050.69,2024-06-17 22:31:34,App Mobile,Aprovada,Uíge,Empresarial
TXN002725,CLI0017,Recebimento de Salário,24461.53,2024-09-11 00:11:33,Internet Banking,Aprovada,Huambo,Jovem
TXN002730,CLI0177,Pagamento de Serviço,137501.03,2024-08-19 14:40:25,Agente Bancário,Aprovada,Lubango,Poupança
TXN000181,CLI0075,Levantamento,196326.7,2023-08-28 12:07:26,Internet Banking,Aprovada,Huambo,Jovem
TXN000889,CLI0163,Depósito,94364.16,2024-03-31 10:13:57,ATM,Aprovada,Malanje,Empresarial
TXN000066,CLI0010,Depósito,27271.52,2024-04-13 04:41:20,App Mobile,Recusada,Cabinda,Poupança
TXN004339,CLI0072,Pagamento de Empréstimo,139414.88,2023-02-17 07:57:44,Balcão,Pendente,Lubango,Jovem
TXN001116,CLI0141,Compra com Cartão,151902.84,2024-01-13 21:39:55,ATM,Aprovada,Malanje,Jovem
TXN000232,CLI0099,Recebimento de Salário,62435.58,2024-08-15 03:41:37,Agente Bancário,Pendente,Huambo,Empresarial
TXN004571,CLI0027,DEPÓSITO,227546.12,2024-05-31 02:29:00,Agente Bancário,Aprovada,Sumbe,Corrente
TXN000803,CLI0080,Pagamento de Renda,228574.25,2023-03-24 01:39:14,ATM,Recusada,Lubango,Jovem
TXN000953,CLI0177,Pagamento de Electricidade,131127.91,2024-09-29 06:57:39,ATM,Pendente,Lubango,Poupança
TXN002964,CLI0108,Pagamento de Renda,240154.83,2024-11-05 11:41:11,Agente Bancário,Aprovada,Lubango,Corrente
TXN001209,CLI0010,Recarga de Telemóvel,249661.81,2023-02-22 06:21:40,Agente Bancário,Recusada,Cabinda,Poupança
TXN001082,CLI0027,Pagamento de Serviço,140896.56,2023-01-03 15:46:16,Balcão,Aprovada,Sumbe,Corrente
TXN001724,CLI0160,Depósito,95951.69,2023-08-26 06:32:12,Balcão,Aprovada,Sumbe,Empresarial
TXN002667,CLI0102,Pagamento de Electricidade,133206.33,2023-07-06 19:37:45,ATM,Aprovada,Sumbe,Empresarial
TXN004286,CLI0031,Transferência,40514.57,2023-11-21 14:05:39,Internet Banking,Aprovada,Uíge,Poupança
TXN002987,CLI0032,Transferência,172176.62,2023-03-24 01:27:32,App Mobile,Aprovada,Uíge,Jovem
TXN001854,CLI0057,Pagamento de Renda,168154.43,2023-07-23 09:14:32,Agente Bancário,Aprovada,Benguela,Jovem
TXN004934,CLI0152,Compra com Cartão,148738.66,2023-12-06 06:53:39,Balcão,Aprovada,Cabinda,Jovem
TXN002722,CLI0074,Recebimento de Salário,165799.37,2024-08-27 19:55:51,App Mobile,Aprovada,Huambo,Corrente
TXN004824,CLI0109,Compra com Cartão,56145.63,2023-08-05 09:25:31,Agente Bancário,Aprovada,Huambo,Poupança
TXN003378,CLI0012,Recarga de Telemóvel,8024.49,2024-09-04 19:55:10,Balcão,Aprovada,Cabinda,Corrente
TXN001260,CLI0169,Recarga de Telemóvel,50786.46,2024-05-30 01:26:52,App Mobile,Aprovada,Cabinda,Poupança
TXN003444,CLI0094,Recebimento de Salário,-162151.99,2023-06-29 09:21:59,Internet Banking,Aprovada,Luanda,Empresarial
TXN003857,CLI0097,Depósito,213808.37,2024-08-29 22:14:26,Agente Bancário,Pendente,Uíge,Empresarial
TXN002345,CLI0071,Pagamento de Electricidade,189954.2,2024-02-08 21:45:13,Agente Bancário,Aprovada,Lubango,Empresarial
TXN002061,CLI0137,Pagamento de Renda,227205.42,2023-04-17 04:35:51,App Mobile,Aprovada,Benguela,Jovem
TXN002889,CLI0014,Pagamento de Serviço,118530.8,23/11/2024 13:30,Internet Banking,Pendente,Sumbe,Jovem
TXN002654,CLI0039,Pagamento de Serviço,122519.5,2023-11-06 16:09:52,Internet Banking,Pendente,Kuito,Corrente
TXN003082,CLI0175,Pagamento de Serviço,193089.02,2024-09-12 07:40:31,Agente Bancário,Aprovada,Cabinda,Empresarial
TXN002930,CLI0049,Compra com Cartão,13776.05,2023-11-04 06:55:16,Internet Banking,Aprovada,Saurimo,Poupança
TXN000460,CLI0002,Recebimento de Salário,139175.55,2023-05-16 20:14:31,App Mobile,Aprovada,Saurimo,Jovem
TXN002396,CLI0090,Recebimento de Salário,128178.15,2023-04-27 09:33:23,App Mobile,Aprovada,Cabinda,Poupança
TXN004680,CLI0030,Pagamento de Renda,45128.9,2024-03-17 08:49:00,App Mobile,Recusada,Sumbe,Poupança
TXN002922,CLI0124,Pagamento de Renda,114940.69,2023-03-03 06:23:06,Internet Banking,Recusada,Luanda,Poupança
TXN003313,CLI0094,Transferência,145833.74,2024-06-07 07:59:21,App Mobile,Recusada,Luanda,Empresarial
TXN000901,CLI0190,COMPRA COM CARTÃO,126375.16,2023-02-27 09:24:50,Balcão,Aprovada,Malanje,Empresarial
TXN001146,CLI0070,Pagamento de Serviço,202683.3,2023-12-14 23:07:21,ATM,Pendente,Huambo,Corrente
TXN003438,CLI0196,Recarga de Telemóvel,40889.86,2023-12-11 02:57:56,Balcão,Aprovada,Saurimo,Corrente
TXN001400,CLI0167,Compra com Cartão,191207.84,2023-04-27 05:20:18,Agente Bancário,Aprovada,Benguela,Jovem
TXN004396,CLI0198,Compra com Cartão,86019.1,2023-08-26 04:12:36,Internet Banking,Pendente,Uíge,Corrente
TXN001277,CLI0195,COMPRA COM CARTÃO,16285.36,2024-06-18 07:42:17,Internet Banking,Aprovada,Cabinda,Corrente
TXN000410,CLI0056,Pagamento de Electricidade,22053.4,2023-04-04 04:32:07,Balcão,Pendente,Huambo,Empresarial
TXN001559,CLI0115,Transferência,113573.48,2023-01-11 12:31:12,Balcão,Aprovada,Saurimo,Corrente
TXN000393,CLI0161,Pagamento de Empréstimo,109079.92,2023-10-24 08:53:16,Internet Banking,Aprovada,Lubango,Empresarial
TXN001081,cli0141,Pagamento de Empréstimo,16750.27,2024-06-15 20:54:15,Balcão,Aprovada,Malanje,Jovem
TXN000147,CLI0096,Transferência,29955.15,2024-11-19 11:58:07,App Mobile,Pendente,Malanje,Corrente
TXN003494,CLI0027,Depósito,172928.9,2023-03-08 13:50:43,Balcão,Aprovada,Sumbe,Corrente
TXN001611,CLI0167,Pagamento de Empréstimo,70504.65,2024-10-30 06:11:16,ATM,Recusada,Benguela,Jovem
TXN002079,CLI0074,Pagamento de Renda,113806.0,2024-09-13 06:36:35,Agente Bancário,Aprovada,Huambo,Corrente
TXN000686,CLI0133,Compra com Cartão,144479.33,2023-04-19 15:05:13,Agente Bancário,Aprovada,Kuito,Jovem
TXN004319,CLI0088,Pagamento de Electricidade,175974.05,2023-01-12 13:00:14,Agente Bancário,Aprovada,Cabinda,Poupança
TXN002175,CLI0044,Pagamento de Electricidade,160960.43,2024-05-28 20:30:52,Balcão,Aprovada,Benguela,Corrente
TXN003344,CLI0078,Recarga de Telemóvel,100761.57,25/11/2024 13:52,,Aprovada,Kuito,Jovem
TXN003516,CLI0192,Pagamento de Empréstimo,13851.5,19/10/2023 20:19,Internet Banking,Pendente,Luanda,Empresarial
TXN002082,CLI0185,Recebimento de Salário,80074.66,2023-01-11 16:08:48,Agente Bancário,Recusada,Benguela,Jovem
TXN000219,CLI0047,Levantamento,68322.36,2023-12-21 14:29:52,Internet Banking,Aprovada,Kuito,Corrente
TXN002855,CLI0164,Depósito,240115.38,2023-08-08 17:58:03,Balcão,Aprovada,Cabinda,Empresarial
TXN001516,CLI0034,Pagamento de Renda,232722.21,2023-02-08 11:04:21,Agente Bancário,Recusada,Huambo,Empresarial
TXN003692,CLI0009,Pagamento de Electricidade,73248.01,2024-03-10 05:11:35,Agente Bancário,Aprovada,Lubango,Corrente
TXN003410,CLI0076,Recebimento de Salário,55204.87,2024-12-28 00:43:32,App Mobile,Aprovada,Sumbe,Empresarial
TXN003324,CLI0120,Pagamento de Empréstimo,249915.43,2024-08-26 01:21:00,ATM,Aprovada,Benguela,Poupança
TXN003038,CLI0179,Pagamento de Empréstimo,68047.9,2023-12-13 19:42:38,Agente Bancário,Aprovada,Luanda,Empresarial
TXN000339,CLI0090,Pagamento de Electricidade,110395.62,2023-04-24 06:15:12,Internet Banking,Recusada,Cabinda,Poupança
TXN004351,CLI0138,Pagamento de Empréstimo,146603.82,2023-07-05 18:10:28,Internet Banking,Aprovada,Malanje,Empresarial
TXN003725,CLI0148,Recebimento de Salário,14513.75,2024-11-04 22:16:28,Balcão,Aprovada,Kuito,Jovem
TXN004929,CLI0068,Compra com Cartão,86137.42,2024-05-25 19:04:36,ATM,Aprovada,Malanje,Jovem
TXN000713,CLI0057,Pagamento de Empréstimo,127710.99,2023-02-17 15:38:30,Internet Banking,Aprovada,Benguela,Jovem
TXN001789,CLI0195,Compra com Cartão,192292.5,2023-07-21 14:51:35,Internet Banking,Aprovada,Cabinda,Corrente
TXN000097,CLI0025,Recarga de Telemóvel,225367.6,2023-06-14 05:05:58,Balcão,Aprovada,Sumbe,Poupança
TXN003524,CLI0101,Recarga de Telemóvel,31123.17,2024-08-14 23:17:16,ATM,Aprovada,Lubango,Jovem
TXN003518,CLI0121,Pagamento de Serviço,9089.86,2024-01-07 03:07:37,Internet Banking,Recusada,Lubango,Empresarial
TXN003296,CLI0182,Compra com Cartão,170060.49,2024-02-15 00:16:17,App Mobile,Aprovada,Uíge,Corrente
TXN004991,CLI0110,Pagamento de Empréstimo,13291.0,2023-12-19 14:06:32,ATM,Aprovada,Kuito,Empresarial
TXN004733,CLI0084,Recarga de Telemóvel,107160.88,2024-01-09 12:16:04,ATM,Aprovada,Kuito,Poupança
TXN000571,CLI0071,Pagamento de Serviço,221970.13,2024-10-13 14:33:16,ATM,Pendente,Lubango,Empresarial
TXN002223,CLI0098,Transferência,-182016.55,2023-06-09 01:37:40,Internet Banking,Aprovada,Sumbe,Corrente
TXN001302,CLI0091,Pagamento de Serviço,79110.92,2024-04-01 00:44:20,Agente Bancário,Aprovada,Lubango,Corrente
TXN000879,CLI0087,Pagamento de Electricidade,248536.46,2023-03-25 17:00:42,Agente Bancário,Recusada,Uíge,Poupança
TXN003381,CLI0124,Compra com Cartão,87717.96,2023-11-25 23:20:31,Agente Bancário,Aprovada,Luanda,Poupança
TXN003918,CLI0022,Depósito,154907.67,2024-07-10 05:36:31,Agente Bancário,Recusada,Huambo,Corrente
TXN000582,CLI0003,Transferência,174274.24,2024-11-26 09:00:30,Internet Banking,Recusada,Saurimo,Corrente
TXN003722,CLI0193,Transferência,153183.45,2023-02-12 08:14:27,ATM,Aprovada,Luanda,Empresarial
TXN003708,CLI0127,Pagamento de Empréstimo,208045.63,2024-04-23 15:56:00,Internet Banking,Aprovada,Malanje,Corrente
TXN004513,CLI0036,Recarga de Telemóvel,176380.61,2023-02-01 20:58:07,Internet Banking,Aprovada,Lubango,Poupança
TXN003596,CLI0177,Pagamento de Renda,179814.7,2024-03-09 16:24:56,ATM,Aprovada,Lubango,Poupança
TXN001968,CLI0110,Depósito,79910.22,11/10/2024 17:26,Agente Bancário,Aprovada,Kuito,Empresarial
TXN000884,CLI0044,Compra com Cartão,26976.8,2024-08-08 05:40:35,App Mobile,Recusada,Benguela,Corrente
TXN004905,CLI0098,Pagamento de Renda,108639.56,2023-03-21 14:04:44,Internet Banking,Aprovada,Sumbe,Corrente
TXN000303,cli0064,Compra com Cartão,33253.64,2023-04-09 04:29:06,Internet Banking,Pendente,Uíge,Corrente
TXN002799,CLI0144,Recebimento de Salário,194001.69,2024-10-09 08:37:04,Balcão,Aprovada,Sumbe,Jovem
TXN004633,CLI0084,Transferência,131833.49,2023-06-13 08:55:30,App Mobile,Recusada,Kuito,Poupança
TXN003530,CLI0165,Depósito,172427.25,2023-10-06 18:16:06,Agente Bancário,Aprovada,Cabinda,Corrente
TXN000224,CLI0020,Pagamento de Renda,242551.19,2023-09-15 00:19:36,App Mobile,Aprovada,Huambo,Jovem
TXN002672,CLI0192,Depósito,177464.68,2023-09-21 22:03:17,App Mobile,Aprovada,Luanda,Empresarial
TXN004056,CLI0035,Pagamento de Renda,5297.91,2023-05-27 19:41:42,ATM,Aprovada,Benguela,Corrente
TXN001318,CLI0013,Recarga de Telemóvel,177033.03,27/03/2024 03:42,App Mobile,Recusada,Benguela,Poupança
TXN000787,CLI0103,Pagamento de Serviço,171920.84,2023-06-03 16:41:03,App Mobile,Aprovada,Malanje,Empresarial
TXN002781,CLI0091,Pagamento de Renda,51583.05,2024-12-24 13:47:17,App Mobile,Aprovada,Lubango,Corrente
TXN004484,CLI0067,Recebimento de Salário,227798.92,2023-01-15 00:45:57,App Mobile,Aprovada,Lubango,Jovem
TXN000955,CLI0191,Levantamento,48315.09,2024-09-08 10:36:40,Internet Banking,Aprovada,Benguela,Corrente
TXN004159,CLI0173,Pagamento de Electricidade,-153626.24,2024-07-21 02:25:10,Balcão,Aprovada,Benguela,Jovem
TXN000780,CLI0162,Pagamento de Empréstimo,224528.36,2024-05-21 19:54:18,ATM,Aprovada,Luanda,Empresarial
TXN001042,CLI0143,Recarga de Telemóvel,188453.13,2023-11-08 17:09:47,App Mobile,Pendente,Uíge,Poupança
TXN002139,CLI0049,Depósito,118239.39,2024-12-18 13:57:20,Agente Bancário,Recusada,Saurimo,Poupança
TXN003066,CLI0134,Pagamento de Serviço,113540.15,2024-12-29 03:30:32,App Mobile,Aprovada,Sumbe,Jovem
TXN003571,CLI0145,Levantamento,106151.89,2023-04-06 05:47:22,Agente Bancário,Aprovada,Huambo,Empresarial
TXN000678,CLI0038,Recebimento de Salário,42471.62,2024-10-15 17:40:52,Internet Banking,Pendente,Uíge,Jovem
TXN004611,CLI0052,Recebimento de Salário,162144.4,2024-01-31 20:56:30,Internet Banking,Aprovada,Uíge,Corrente
TXN003920,CLI0140,Transferência,8553.25,2024-10-21 04:07:53,Balcão,Aprovada,Uíge,Empresarial
TXN001584,CLI0185,Compra com Cartão,191723.57,2024-03-15 19:13:32,Balcão,Aprovada,Benguela,Jovem
TXN000520,CLI0073,Compra com Cartão,78596.07,2024-02-06 13:04:09,Agente Bancário,Aprovada,Saurimo,Poupança
TXN001358,CLI0200,Pagamento de Empréstimo,46047.73,2023-07-15 02:48:51,App Mobile,Aprovada,Malanje,Empresarial
TXN001808,CLI0140,Depósito,220942.75,2023-12-27 19:53:51,Balcão,Aprovada,Uíge,Empresarial
TXN003367,CLI0073,Transferência,148072.48,2023-06-14 11:10:50,ATM,Aprovada,Saurimo,Poupança
TXN004015,CLI0086,Depósito,24422.74,2024-03-16 12:53:54,Agente Bancário,Aprovada,Huambo,Corrente
TXN002290,CLI0167,Recebimento de Salário,153720.47,2024-07-04 01:14:30,Agente Bancário,Aprovada,Benguela,Jovem
TXN001803,CLI0062,Recarga de Telemóvel,45641.45,2024-10-18 09:23:59,App Mobile,Aprovada,Saurimo,Jovem
TXN003395,CLI0028,Levantamento,91304.45,2024-05-23 00:06:47,ATM,Pendente,Kuito,Poupança
TXN002146,CLI0036,Recebimento de Salário,114993.81,2024-08-29 02:25:48,App Mobile,Aprovada,Lubango,Poupança
TXN000090,CLI0098,Pagamento de Electricidade,163824.69,2024-03-03 16:43:14,ATM,Aprovada,Sumbe,Corrente
TXN003440,CLI0164,Pagamento de Renda,-88771.0,2023-04-12 15:00:29,Internet Banking,Pendente,Cabinda,Empresarial
TXN000863,CLI0071,Pagamento de Empréstimo,195715.36,2023-07-14 13:54:21,App Mobile,Pendente,Lubango,Empresarial
TXN001964,CLI0130,Recebimento de Salário,166544.67,2024-01-23 18:55:21,App Mobile,Aprovada,Uíge,Empresarial
TXN001159,CLI0063,Levantamento,84676.98,2024-08-04 19:20:43,Internet Banking,Aprovada,Kuito,Corrente
TXN003112,CLI0059,Pagamento de Serviço,136341.65,2023-07-12 07:06:47,Balcão,Recusada,Lubango,Jovem
TXN000204,CLI0031,Pagamento de Renda,145288.12,2024-03-29 06:37:09,Balcão,Pendente,Uíge,Poupança
TXN003307,CLI0099,Levantamento,193442.09,2023-06-05 18:54:26,Balcão,Pendente,Huambo,Empresarial
TXN000516,CLI0121,Transferência,171869.69,2023-11-05 18:57:25,App Mobile,Pendente,Lubango,Empresarial
TXN004558,CLI0079,Pagamento de Empréstimo,164818.38,2024-06-09 21:03:54,Balcão,Aprovada,Malanje,Poupança
TXN000059,CLI0140,Pagamento de Empréstimo,48469.91,2024-01-12 01:46:16,App Mobile,Recusada,Uíge,Empresarial
TXN003065,CLI0075,Pagamento de Empréstimo,26533.32,2023-11-02 00:22:21,ATM,Recusada,Huambo,Jovem
TXN001945,CLI0173,Pagamento de Renda,21483.87,2024-10-31 13:10:28,App Mobile,Aprovada,Benguela,Jovem
TXN000357,CLI0119,Transferência,229798.69,2024-04-21 05:39:04,Internet Banking,Aprovada,Lubango,Empresarial
TXN004249,CLI0016,Pagamento de Electricidade,102467.03,2023-06-02 17:17:08,App Mobile,Aprovada,Huambo,Jovem
TXN004521,CLI0200,Pagamento de Serviço,98985.77,2023-11-20 22:22:22,App Mobile,Aprovada,Malanje,Empresarial
TXN003034,CLI0101,Transferência,107597.51,2024-01-25 16:27:34,Internet Banking,Aprovada,Lubango,Jovem
TXN004493,CLI0104,Depósito,72684.19,2024-12-22 16:53:08,ATM,Aprovada,Uíge,Jovem
TXN002637,CLI0139,Depósito,55005.69,2024-09-27 19:59:12,Balcão,Aprovada,Kuito,Poupança
TXN002296,CLI0106,Compra com Cartão,24330.25,2023-08-23 22:00:30,Internet Banking,Aprovada,Saurimo,Empresarial
TXN002443,CLI0163,Pagamento de Electricidade,178787.55,2023-05-29 06:12:46,Agente Bancário,Aprovada,Malanje,Empresarial
TXN002073,cli0059,Transferência,44159.81,2023-05-21 13:44:09,Agente Bancário,Aprovada,Lubango,Jovem
TXN004110,CLI0139,Pagamento de Renda,224339.62,2024-11-21 00:34:13,Internet Banking,Aprovada,Kuito,Poupança
TXN003454,CLI0040,Pagamento de Empréstimo,39119.49,2023-03-28 18:17:20,Internet Banking,Aprovada,Kuito,Poupança
TXN001530,CLI0118,PAGAMENTO DE EMPRÉSTIMO,19895.55,2023-05-25 21:19:54,,Recusada,Saurimo,Corrente
TXN003971,CLI0115,Pagamento de Empréstimo,154418.47,2024-12-05 23:30:11,ATM,Pendente,Saurimo,Corrente
TXN002310,CLI0128,Pagamento de Empréstimo,195649.9,2024-05-20 04:01:37,Internet Banking,Aprovada,Luanda,Poupança
TXN001716,CLI0054,Pagamento de Electricidade,16718.94,2024-11-30 22:34:35,Agente Bancário,Recusada,Cabinda,Poupança
TXN004123,CLI0151,Pagamento de Electricidade,213178.88,2024-08-15 14:40:38,,Recusada,Malanje,Corrente
TXN001494,CLI0033,Depósito,211218.74,09/04/2023 02:56,Agente Bancário,Aprovada,Cabinda,Corrente
TXN003376,CLI0072,Pagamento de Renda,142951.35,2024-01-14 14:05:14,ATM,Aprovada,Lubango,Jovem
TXN004466,CLI0139,Pagamento de Renda,173841.1,2023-04-22 10:36:53,Internet Banking,Aprovada,Kuito,Poupança
TXN001707,CLI0121,Pagamento de Renda,213887.45,2023-01-22 21:11:00,,Aprovada,Lubango,Empresarial
TXN002494,CLI0059,Pagamento de Electricidade,170086.65,2024-08-25 20:34:35,Balcão,Aprovada,Lubango,Jovem
TXN001270,CLI0106,Depósito,133977.69,2023-11-17 06:56:42,ATM,Aprovada,Saurimo,Empresarial
TXN004740,CLI0130,Pagamento de Empréstimo,235277.66,2024-03-02 13:05:03,App Mobile,Aprovada,Uíge,Empresarial
TXN000108,CLI0155,Pagamento de Serviço,241161.37,2023-05-18 23:23:55,Internet Banking,Aprovada,Malanje,Corrente
TXN002105,CLI0139,Pagamento de Empréstimo,217316.67,2023-02-25 14:57:01,Agente Bancário,Aprovada,Kuito,Poupança
TXN003869,CLI0075,Compra com Cartão,114781.36,2023-05-25 16:05:40,Internet Banking,Aprovada,Huambo,Jovem
TXN003405,CLI0125,Transferência,77795.81,2024-05-30 21:22:32,Internet Banking,Recusada,Sumbe,Empresarial
TXN004248,CLI0123,Pagamento de Empréstimo,104832.24,2023-12-08 18:19:40,App Mobile,Aprovada,Kuito,Poupança
TXN000623,CLI0029,Transferência,185914.12,2024-01-07 11:14:50,Agente Bancário,Aprovada,Benguela,Corrente
TXN001311,CLI0010,Compra com Cartão,102108.36,2024-02-21 09:43:19,ATM,Recusada,Cabinda,Poupança
TXN000487,CLI0008,Pagamento de Electricidade,91919.32,2024-10-12 01:35:00,Balcão,Aprovada,Saurimo,Poupança
TXN001332,CLI0097,Recarga de Telemóvel,70172.15,2024-05-18 12:54:43,Balcão,Recusada,Uíge,Empresarial
TXN003437,CLI0050,Pagamento de Electricidade,132908.37,2023-10-16 22:11:26,Balcão,Recusada,Malanje,Corrente
TXN003461,CLI0084,Transferência,119068.01,2024-09-26 09:21:51,App Mobile,Aprovada,Kuito,Poupança
TXN004773,CLI0150,Recebimento de Salário,105912.2,2023-06-06 22:17:36,ATM,Aprovada,Benguela,Jovem
TXN004203,CLI0121,Depósito,221020.71,2024-11-20 16:25:34,ATM,Aprovada,Lubango,Empresarial
TXN001694,CLI0170,Levantamento,135341.75,2024-02-15 17:50:59,,Aprovada,Uíge,Corrente
TXN001961,CLI0120,Pagamento de Electricidade,242150.2,2024-11-06 15:00:02,Agente Bancário,Recusada,Benguela,Poupança
TXN000475,CLI0179,Pagamento de Electricidade,239458.06,2024-06-07 03:25:44,ATM,Aprovada,Luanda,Empresarial
TXN004034,CLI0074,Pagamento de Empréstimo,6353.8,2023-05-02 01:51:53,ATM,Pendente,Huambo,Corrente
TXN001412,CLI0185,Levantamento,116132.11,2023-02-17 05:26:22,App Mobile,Pendente,Benguela,Jovem
TXN001585,CLI0097,Pagamento de Electricidade,112989.39,2023-09-07 08:37:46,ATM,Recusada,Uíge,Empresarial
TXN004737,CLI0165,Recebimento de Salário,242550.5,2023-09-06 13:49:19,ATM,Aprovada,Cabinda,Corrente
TXN000867,CLI0059,Depósito,169757.76,2023-01-13 12:27:52,App Mobile,Aprovada,Lubango,Jovem
TXN000734,CLI0074,Pagamento de Serviço,178855.37,2024-11-17 19:07:42,Internet Banking,Pendente,Huambo,Corrente
TXN002603,CLI0137,Depósito,164331.93,2023-04-25 19:07:49,Balcão,Aprovada,Benguela,Jovem
TXN002427,CLI0119,Recarga de Telemóvel,243634.32,2024-04-13 19:56:36,Internet Banking,Aprovada,Lubango,Empresarial
TXN001410,CLI0132,Levantamento,201621.14,2023-01-21 16:42:23,Balcão,Aprovada,Cabinda,Empresarial
TXN000615,CLI0190,Recarga de Telemóvel,75218.8,2024-08-21 03:15:31,App Mobile,Aprovada,Malanje,Empresarial
TXN003811,CLI0125,Compra com Cartão,176812.81,2024-12-28 04:09:31,App Mobile,Aprovada,Sumbe,Empresarial
TXN004302,CLI0173,Pagamento de Empréstimo,212475.26,2024-05-08 07:19:45,Agente Bancário,Aprovada,Benguela,Jovem
TXN000120,CLI0030,Pagamento de Empréstimo,43545.61,2024-04-24 12:28:28,App Mobile,Aprovada,Sumbe,Poupança
TXN002959,CLI0107,Transferência,233623.8,2024-02-29 17:43:31,Balcão,Aprovada,Kuito,Empresarial
TXN000193,CLI0052,Depósito,13114.54,2023-12-21 12:49:11,ATM,Aprovada,Uíge,Corrente
TXN000260,CLI0151,Compra com Cartão,127847.79,2024-01-25 05:36:46,ATM,Aprovada,Malanje,Corrente
TXN001265,CLI0026,Compra com Cartão,101226.83,2024-08-02 17:57:32,Agente Bancário,Aprovada,Lubango,Empresarial
TXN003649,CLI0076,Recebimento de Salário,244707.32,2024-12-22 15:25:59,ATM,Pendente,Sumbe,Empresarial
TXN002821,CLI0035,Pagamento de Renda,118896.99,2024-04-26 01:10:09,ATM,Recusada,Benguela,Corrente
TXN000383,CLI0086,Pagamento de Serviço,189057.86,2024-12-17 17:56:25,Agente Bancário,Aprovada,Huambo,Corrente
TXN000238,CLI0176,Pagamento de Empréstimo,186045.66,2023-01-11 01:41:22,Agente Bancário,Aprovada,Benguela,Poupança
TXN000361,CLI0046,Depósito,182675.36,2023-08-29 09:50:21,Internet Banking,,Malanje,Poupança
TXN002574,CLI0167,Pagamento de Serviço,58187.13,2024-09-27 06:42:57,ATM,Pendente,Benguela,Jovem
TXN003926,CLI0169,Pagamento de Renda,228258.39,2023-06-30 23:02:42,Internet Banking,Aprovada,Cabinda,Poupança
TXN002906,CLI0112,Recarga de Telemóvel,7084.19,2023-04-02 07:06:24,Balcão,Pendente,Luanda,Empresarial
TXN003854,CLI0075,Pagamento de Empréstimo,175743.9,2023-12-26 15:21:59,Internet Banking,Recusada,Huambo,Jovem
TXN001504,CLI0199,Levantamento,11828.28,2023-09-16 02:20:14,Balcão,Aprovada,Kuito,Poupança
TXN002017,CLI0165,Recebimento de Salário,89325.75,2023-09-18 02:09:04,Agente Bancário,Pendente,Cabinda,Corrente
TXN002404,CLI0175,Depósito,163764.27,2023-09-25 00:42:25,Internet Banking,Recusada,Cabinda,Empresarial
TXN003148,CLI0107,Pagamento de Serviço,217251.21,2024-09-13 03:41:35,Internet Banking,Aprovada,Kuito,Empresarial
TXN000697,CLI0163,Levantamento,236244.3,2023-07-06 10:36:32,Balcão,Pendente,Malanje,Empresarial
TXN004227,CLI0014,Recebimento de Salário,173917.53,2024-03-26 17:32:57,ATM,Aprovada,Sumbe,Jovem
TXN000082,CLI0071,Depósito,183935.42,2024-11-14 07:03:19,Agente Bancário,Recusada,Lubango,Empresarial
TXN004775,CLI0026,Pagamento de Empréstimo,15935.45,2023-12-15 14:38:04,Internet Banking,Aprovada,Lubango,Empresarial
TXN003950,CLI0165,Levantamento,204929.95,2024-01-29 08:48:52,ATM,Recusada,Cabinda,Corrente
TXN000514,CLI0049,Compra com Cartão,95827.34,2024-01-19 19:57:43,App Mobile,Pendente,Saurimo,Poupança
TXN004113,CLI0056,Levantamento,29783.23,2024-10-17 03:36:09,Agente Bancário,Pendente,Huambo,Empresarial
TXN002307,CLI0037,Recebimento de Salário,85640.18,2023-07-27 07:23:21,Agente Bancário,Recusada,Huambo,Jovem
TXN000766,CLI0147,Recebimento de Salário,223497.93,2024-08-31 05:31:37,Balcão,Recusada,Malanje,Empresarial
TXN002876,CLI0123,Recebimento de Salário,235189.47,2023-07-18 09:54:02,App Mobile,Pendente,Kuito,Poupança
TXN001794,CLI0099,Compra com Cartão,188283.3,2024-05-13 01:09:27,Internet Banking,Recusada,Huambo,Empresarial
TXN002185,CLI0079,Pagamento de Empréstimo,8454.33,2024-07-13 19:23:56,,Aprovada,Malanje,Poupança
TXN004736,CLI0156,Pagamento de Serviço,238666.37,2024-04-30 20:05:32,Agente Bancário,Aprovada,Benguela,Jovem
TXN004701,CLI0154,Recarga de Telemóvel,144618.41,2023-04-18 08:24:28,Internet Banking,Aprovada,Lubango,Jovem
TXN001922,CLI0047,Pagamento de Serviço,144266.4,2024-08-12 11:44:38,App Mobile,Pendente,Kuito,Corrente
TXN002826,CLI0124,Levantamento,235389.2,2023-04-04 00:18:14,Agente Bancário,Pendente,Luanda,Poupança
TXN003919,CLI0103,Pagamento de Empréstimo,-11224.35,2024-08-21 18:51:20,ATM,Aprovada,Malanje,Empresarial
TXN001700,CLI0033,Recebimento de Salário,30823.7,2024-08-01 04:52:04,Balcão,Pendente,Cabinda,Corrente
TXN002503,CLI0186,Recarga de Telemóvel,146006.21,2024-08-03 11:51:31,Internet Banking,Aprovada,Saurimo,Poupança
TXN004591,CLI0004,Levantamento,120060.14,2023-07-26 19:03:41,ATM,Pendente,Saurimo,Empresarial
TXN002757,CLI0164,Recarga de Telemóvel,10635.09,2024-05-22 20:51:25,App Mobile,Recusada,Cabinda,Empresarial
TXN003416,CLI0136,Recarga de Telemóvel,201656.61,2023-12-16 20:04:31,App Mobile,Recusada,Huambo,Empresarial
TXN004931,CLI0014,Recebimento de Salário,-137908.64,2024-08-30 06:19:52,Balcão,Pendente,Sumbe,Jovem
TXN003226,CLI0168,Pagamento de Empréstimo,141106.59,2024-12-22 13:09:32,App Mobile,Pendente,Cabinda,Corrente
TXN001918,CLI0013,Pagamento de Empréstimo,47024.45,2023-07-07 03:59:04,ATM,Aprovada,Benguela,Poupança
TXN003212,CLI0050,Depósito,104586.1,2023-09-28 12:44:43,Internet Banking,Aprovada,Malanje,Corrente
TXN003821,CLI0107,Compra com Cartão,163150.84,2023-02-19 20:58:50,Internet Banking,Aprovada,Kuito,Empresarial
TXN001920,CLI0186,Depósito,169888.44,2024-11-23 14:43:32,Agente Bancário,Pendente,Saurimo,Poupança
TXN002246,CLI0103,Recarga de Telemóvel,51945.84,2024-11-12 10:53:33,Balcão,Aprovada,Malanje,Empresarial
TXN000272,CLI0155,Recarga de Telemóvel,108158.46,2024-05-19 06:33:24,Balcão,Pendente,Malanje,Corrente
TXN003669,CLI0113,Recarga de Telemóvel,100542.9,2024-12-12 02:05:26,App Mobile,Pendente,Saurimo,Empresarial
TXN001154,CLI0049,Depósito,36516.71,2024-01-20 15:15:05,Agente Bancário,Aprovada,Saurimo,Poupança
TXN001202,CLI0010,Pagamento de Serviço,210565.53,2023-10-13 10:43:12,Balcão,Recusada,Cabinda,Poupança
TXN004152,CLI0064,Pagamento de Electricidade,210546.11,2023-09-09 00:43:16,Internet Banking,Aprovada,Uíge,Corrente
TXN003439,CLI0090,Pagamento de Electricidade,61256.67,2024-09-01 11:09:37,App Mobile,Aprovada,Cabinda,Poupança
TXN001736,CLI0106,Compra com Cartão,197895.35,2023-11-29 09:45:01,Internet Banking,Recusada,Saurimo,Empresarial
TXN000646,CLI0093,Recebimento de Salário,110623.33,2024-01-01 14:44:07,Internet Banking,Aprovada,Saurimo,Corrente
TXN003124,CLI0038,Depósito,28369.94,2023-06-21 01:37:08,ATM,Aprovada,Uíge,Jovem
TXN001543,CLI0023,Recebimento de Salário,94840.97,2023-08-20 21:09:04,Balcão,Aprovada,Malanje,Poupança
TXN000230,CLI0163,Pagamento de Electricidade,164784.95,2023-12-22 06:19:40,Balcão,Aprovada,Malanje,Empresarial
TXN000436,CLI0056,Pagamento de Electricidade,4118.71,2023-08-05 20:07:20,Internet Banking,Aprovada,Huambo,Empresarial
TXN000833,CLI0071,RECEBIMENTO DE SALÁRIO,27280.29,2024-09-13 06:22:53,Internet Banking,Pendente,Lubango,Empresarial
TXN001598,CLI0159,Recarga de Telemóvel,98671.0,2024-04-20 03:21:46,Agente Bancário,Aprovada,Uíge,Empresarial
TXN002814,CLI0166,Depósito,193775.87,19/01/2023 06:24,ATM,Aprovada,Uíge,Empresarial
TXN002486,CLI0195,Pagamento de Renda,175854.36,2023-02-20 18:32:27,App Mobile,Aprovada,Cabinda,Corrente
TXN001320,CLI0142,Pagamento de Electricidade,169139.2,2024-07-20 19:40:40,Agente Bancário,Pendente,Kuito,Jovem
TXN004760,CLI0155,Transferência,127970.21,2024-11-03 09:57:04,Agente Bancário,Aprovada,Malanje,Corrente
TXN001427,CLI0138,Recarga de Telemóvel,165540.84,2024-12-21 15:30:30,Agente Bancário,Aprovada,Malanje,Empresarial
TXN000592,CLI0086,Compra com Cartão,59970.62,2024-01-03 20:06:22,ATM,Aprovada,Huambo,Corrente
TXN001233,CLI0005,Recebimento de Salário,16168.22,2024-09-07 00:56:07,Agente Bancário,Pendente,Malanje,Poupança
TXN003483,CLI0046,Recebimento de Salário,158306.61,2023-01-06 15:33:34,Balcão,Aprovada,Malanje,Poupança
TXN000625,CLI0017,Recebimento de Salário,82558.42,2024-02-13 10:40:32,Agente Bancário,Aprovada,Huambo,Jovem
TXN003544,CLI0061,Pagamento de Serviço,4526.16,2024-08-22 11:30:06,Balcão,Aprovada,Malanje,Poupança
TXN004150,CLI0099,Levantamento,9782.41,2023-01-02 19:54:13,Internet Banking,Aprovada,Huambo,Empresarial
TXN003874,CLI0116,Pagamento de Electricidade,76468.04,2024-08-22 07:02:27,Internet Banking,Pendente,Benguela,Jovem
TXN000116,CLI0077,Depósito,86097.95,2024-10-21 13:51:45,Balcão,Aprovada,Huambo,Jovem
TXN003793,CLI0001,Compra com Cartão,222496.71,2023-03-04 09:30:40,Agente Bancário,Aprovada,Malanje,Poupança
TXN004812,CLI0060,Pagamento de Renda,26897.39,2024-01-17 03:39:50,Agente Bancário,Aprovada,Kuito,Jovem
TXN001271,CLI0055,Pagamento de Serviço,64485.91,2023-01-29 10:34:09,App Mobile,Aprovada,Uíge,Poupança
TXN000983,CLI0117,Transferência,138217.93,2023-07-26 10:11:15,Balcão,Recusada,Sumbe,Jovem
TXN000717,CLI0011,Pagamento de Electricidade,111719.57,2024-07-01 07:48:55,ATM,Aprovada,Huambo,Poupança
TXN003319,CLI0190,Pagamento de Electricidade,199342.08,2023-03-31 06:01:45,ATM,Aprovada,Malanje,Empresarial
TXN002884,CLI0029,Compra com Cartão,245037.94,02/12/2024 19:41,ATM,Aprovada,Benguela,Corrente
TXN002368,CLI0028,Pagamento de Electricidade,142118.39,2024-02-29 12:30:33,Internet Banking,Pendente,Kuito,Poupança
TXN004593,CLI0055,Pagamento de Electricidade,72664.44,2024-10-20 01:53:08,Internet Banking,Aprovada,Uíge,Poupança
TXN004616,CLI0129,PAGAMENTO DE RENDA,101291.05,2024-07-06 00:17:02,Agente Bancário,Aprovada,Saurimo,Jovem
TXN002428,CLI0133,Depósito,143052.91,2024-12-12 07:33:13,ATM,Recusada,Kuito,Jovem
TXN003027,CLI0156,Depósito,-136255.61,2023-11-16 23:46:06,Agente Bancário,Aprovada,Benguela,Jovem
TXN000984,CLI0016,Pagamento de Serviço,190539.28,2024-03-30 21:49:04,ATM,Aprovada,Huambo,Jovem
TXN002627,CLI0055,Pagamento de Empréstimo,146210.81,2024-07-02 03:33:12,Agente Bancário,Aprovada,Uíge,Poupança
TXN001197,CLI0026,Compra com Cartão,194875.3,2023-04-07 10:05:11,ATM,Recusada,Lubango,Empresarial
TXN000044,CLI0044,Pagamento de Electricidade,231020.47,2024-10-16 09:53:51,Agente Bancário,Aprovada,Benguela,Corrente
TXN000384,CLI0176,Pagamento de Renda,36358.56,2023-06-23 19:49:51,Internet Banking,Aprovada,Benguela,Poupança
TXN003548,CLI0074,Pagamento de Empréstimo,119466.1,2023-02-05 00:25:20,Agente Bancário,Aprovada,Huambo,Corrente
TXN002447,CLI0024,Pagamento de Serviço,179016.46,2023-09-29 07:21:32,App Mobile,Aprovada,Sumbe,Corrente
TXN000281,CLI0060,Pagamento de Electricidade,90255.13,2023-01-29 00:13:41,ATM,Pendente,Kuito,Jovem
TXN004390,CLI0050,Pagamento de Electricidade,208601.4,2024-12-16 11:56:22,Balcão,Aprovada,Malanje,Corrente
TXN001799,CLI0156,Depósito,8037.28,2024-06-23 02:38:16,Internet Banking,Pendente,Benguela,Jovem
TXN004825,CLI0146,Recarga de Telemóvel,27327.11,2024-10-03 09:35:23,Balcão,Aprovada,Sumbe,Corrente
TXN004452,CLI0095,Pagamento de Renda,181374.51,2024-07-21 06:24:37,ATM,Recusada,Lubango,Corrente
TXN002470,CLI0200,Pagamento de Empréstimo,41900.43,2023-01-04 05:52:32,Internet Banking,Aprovada,Malanje,Empresarial
TXN000227,CLI0117,Pagamento de Empréstimo,118546.85,2024-04-10 23:54:00,Agente Bancário,Recusada,Sumbe,Jovem
TXN000335,CLI0057,Transferência,249343.14,2024-07-22 05:36:46,Balcão,Pendente,Benguela,Jovem
TXN000778,CLI0130,Levantamento,190661.88,2024-10-16 19:13:54,Agente Bancário,Aprovada,Uíge,Empresarial
TXN002623,CLI0140,Recebimento de Salário,175754.65,2024-02-25 15:45:20,ATM,Aprovada,Uíge,Empresarial
TXN002746,CLI0196,Pagamento de Serviço,41216.75,2023-10-02 04:39:54,App Mobile,Recusada,Saurimo,Corrente
TXN004799,CLI0101,Recarga de Telemóvel,63217.76,2023-09-22 09:37:10,Balcão,Aprovada,Lubango,Jovem
TXN000535,CLI0048,Pagamento de Serviço,245555.45,03/08/2024 05:38,ATM,Aprovada,Malanje,Corrente
TXN002392,CLI0186,Pagamento de Renda,245016.03,2024-11-27 01:12:14,App Mobile,Aprovada,Saurimo,Poupança
TXN000882,CLI0145,Recarga de Telemóvel,211094.32,2024-01-30 18:03:16,Agente Bancário,Recusada,Huambo,Empresarial
TXN003938,CLI0025,Recebimento de Salário,24037.4,2023-04-23 00:56:02,Internet Banking,Aprovada,Sumbe,Poupança
TXN000178,CLI0024,Pagamento de Empréstimo,120942.83,2024-11-24 18:56:33,Agente Bancário,Recusada,Sumbe,Corrente
TXN002046,CLI0124,Recarga de Telemóvel,35414.52,2024-11-27 03:04:36,Balcão,Recusada,Luanda,Poupança
TXN004433,CLI0087,Depósito,107206.97,2023-10-24 13:06:55,Internet Banking,Pendente,Uíge,Poupança
TXN001948,cli0186,Recarga de Telemóvel,232180.66,09/11/2023 02:15,Balcão,Aprovada,Saurimo,Poupança
TXN003247,CLI0121,RECARGA DE TELEMÓVEL,72049.14,2023-12-25 04:11:19,ATM,Recusada,Lubango,Empresarial
TXN004025,CLI0041,Pagamento de Electricidade,238636.62,2024-05-14 05:13:25,ATM,Aprovada,Saurimo,Corrente
TXN004501,CLI0135,Depósito,203042.75,2024-04-28 01:20:59,Balcão,Recusada,Malanje,Jovem
TXN002053,CLI0053,Compra com Cartão,11874.82,2023-08-07 14:32:58,Agente Bancário,Aprovada,Cabinda,Poupança
TXN002032,CLI0066,Recarga de Telemóvel,144181.08,2023-06-23 16:42:44,App Mobile,Aprovada,Malanje,Jovem
TXN004688,CLI0171,Pagamento de Renda,235220.2,2023-12-12 14:23:21,Internet Banking,Aprovada,Benguela,Corrente
TXN004202,CLI0183,Transferência,181128.56,2023-11-04 14:17:05,Internet Banking,Aprovada,Saurimo,Corrente
TXN001230,CLI0072,Pagamento de Serviço,192829.56,2023-01-30 20:44:34,,Aprovada,Lubango,Jovem
TXN004395,CLI0038,Transferência,240235.58,2023-11-28 01:52:28,Internet Banking,Aprovada,Uíge,Jovem
TXN004726,CLI0145,Pagamento de Electricidade,122028.75,2024-12-03 14:14:33,Balcão,Aprovada,Huambo,Empresarial
TXN001093,CLI0039,Pagamento de Serviço,155996.31,2023-10-09 21:41:35,App Mobile,Aprovada,Kuito,Corrente
TXN000568,CLI0187,Pagamento de Empréstimo,156085.57,2024-05-31 03:13:15,Balcão,Recusada,Kuito,Empresarial
TXN001195,CLI0039,Compra com Cartão,217816.67,2023-08-05 07:52:01,ATM,Aprovada,Kuito,Corrente
TXN001990,CLI0146,Recarga de Telemóvel,211909.97,2023-10-28 13:34:45,Agente Bancário,Pendente,Sumbe,Corrente
TXN001017,CLI0164,Depósito,224937.47,2023-12-31 15:52:17,App Mobile,Aprovada,Cabinda,Empresarial
TXN001390,CLI0173,Levantamento,182436.17,2023-11-05 11:04:16,ATM,Aprovada,Benguela,Jovem
TXN004811,CLI0055,TRANSFERÊNCIA,44963.13,2023-06-30 05:23:34,Internet Banking,Aprovada,Uíge,Poupança
TXN001026,CLI0188,Pagamento de Empréstimo,38366.91,2024-08-28 19:05:32,Agente Bancário,Recusada,Benguela,Poupança
TXN001104,CLI0023,Levantamento,184257.63,2023-01-11 10:40:27,Balcão,Pendente,Malanje,Poupança
TXN003120,CLI0185,Pagamento de Renda,29259.6,2024-04-25 15:23:18,App Mobile,Aprovada,Benguela,Jovem
TXN004350,CLI0033,Pagamento de Serviço,85206.48,17/04/2023 21:20,Balcão,Aprovada,Cabinda,Corrente
TXN000834,CLI0078,Depósito,227073.03,2023-02-03 02:42:51,,Aprovada,Kuito,Jovem
TXN003871,CLI0063,Pagamento de Electricidade,199562.8,2023-10-24 13:49:23,Balcão,Aprovada,Kuito,Corrente
TXN004716,CLI0027,Pagamento de Serviço,188805.45,2024-09-19 19:15:03,Balcão,Aprovada,Sumbe,Corrente
TXN000025,CLI0062,RECEBIMENTO DE SALÁRIO,28159.04,2023-02-18 18:48:36,Agente Bancário,Aprovada,Saurimo,Jovem
TXN000507,CLI0021,Pagamento de Renda,231661.06,2023-11-17 18:09:24,Internet Banking,Pendente,Huambo,Corrente
TXN004577,CLI0023,Depósito,142109.25,2023-03-06 08:42:18,App Mobile,Aprovada,Malanje,Poupança
TXN001266,CLI0172,Recarga de Telemóvel,231145.45,12/09/2024 14:20,Agente Bancário,Recusada,Cabinda,Jovem
TXN003118,CLI0177,Levantamento,187295.78,2024-08-06 22:52:21,Agente Bancário,Pendente,Lubango,Poupança
TXN003647,CLI0111,Recebimento de Salário,47828.45,2024-11-06 11:09:17,Agente Bancário,Aprovada,Huambo,Empresarial
TXN002560,CLI0183,Recarga de Telemóvel,59455.93,2023-01-11 14:31:47,App Mobile,Aprovada,Saurimo,Corrente
TXN000372,CLI0050,Pagamento de Empréstimo,229082.68,2024-01-08 03:13:31,App Mobile,Pendente,Malanje,Corrente
TXN000142,CLI0108,PAGAMENTO DE EMPRÉSTIMO,190800.12,2023-05-15 04:40:19,Agente Bancário,Pendente,Lubango,Corrente
TXN003281,CLI0019,Depósito,123155.82,2024-05-01 14:33:16,Internet Banking,Aprovada,Kuito,Empresarial
TXN000971,CLI0192,Depósito,215611.16,2024-01-01 05:20:06,Internet Banking,Recusada,Luanda,Empresarial
TXN002126,cli0145,Pagamento de Serviço,163444.43,2024-10-02 16:41:39,App Mobile,Aprovada,Huambo,Empresarial
TXN004430,CLI0173,Pagamento de Renda,73106.76,2024-12-15 19:16:08,Internet Banking,Aprovada,Benguela,Jovem
TXN003033,CLI0087,Pagamento de Electricidade,11251.99,2023-09-18 09:39:42,Balcão,Aprovada,Uíge,Poupança
TXN001229,CLI0146,Transferência,104242.36,2023-07-14 15:31:46,Balcão,Aprovada,Sumbe,Corrente
TXN002039,CLI0074,Pagamento de Renda,180059.96,2023-12-04 07:58:49,App Mobile,Aprovada,Huambo,Corrente
TXN003347,CLI0088,Recarga de Telemóvel,9990.1,2024-04-03 11:58:12,Internet Banking,Recusada,Cabinda,Poupança
TXN003755,CLI0037,Pagamento de Serviço,93632.26,2023-12-24 10:28:33,Balcão,Aprovada,Huambo,Jovem
TXN002756,CLI0152,Pagamento de Empréstimo,207010.1,2023-11-18 12:58:37,Agente Bancário,Aprovada,Cabinda,Jovem
TXN003480,CLI0109,Recarga de Telemóvel,93855.21,2024-12-25 12:15:11,Internet Banking,Aprovada,Huambo,Poupança
TXN003613,CLI0025,Recebimento de Salário,5754.78,2024-03-08 02:54:09,Balcão,Aprovada,Sumbe,Poupança
TXN004340,CLI0136,Levantamento,67932.05,2024-04-26 20:15:05,Balcão,Recusada,Huambo,Empresarial
TXN002679,CLI0070,Pagamento de Serviço,4391.14,2023-01-27 08:25:45,Internet Banking,Aprovada,Huambo,Corrente
TXN004434,CLI0038,Recebimento de Salário,128467.72,2023-11-23 21:25:15,Balcão,Aprovada,Uíge,Jovem
TXN003267,CLI0196,Recebimento de Salário,171458.18,2023-07-06 22:05:47,ATM,Aprovada,Saurimo,Corrente
TXN002980,CLI0174,Depósito,198942.11,2024-05-07 04:40:53,ATM,Pendente,Cabinda,Poupança
TXN003924,CLI0177,Recarga de Telemóvel,27274.92,2023-03-03 10:03:15,Internet Banking,Pendente,Lubango,Poupança
TXN000941,CLI0048,Pagamento de Serviço,181171.53,12/03/2023 00:49,ATM,Aprovada,Malanje,Corrente
TXN004705,CLI0100,Pagamento de Serviço,132715.68,2024-07-19 08:30:49,Balcão,Aprovada,Saurimo,Empresarial
TXN001970,CLI0189,Recarga de Telemóvel,194326.34,2024-04-17 19:14:19,ATM,Aprovada,Sumbe,Jovem
TXN004610,CLI0106,Compra com Cartão,38620.32,2024-12-25 08:12:45,ATM,Aprovada,Saurimo,Empresarial
TXN003763,CLI0136,Pagamento de Serviço,154280.04,2023-04-29 00:47:23,Agente Bancário,Pendente,Huambo,Empresarial
TXN000079,CLI0186,Levantamento,153923.34,2023-11-22 15:12:40,Balcão,Pendente,Saurimo,Poupança
TXN002820,CLI0120,Compra com Cartão,245870.7,2024-06-21 05:25:11,Internet Banking,Aprovada,Benguela,Poupança
TXN002122,CLI0174,Recarga de Telemóvel,67471.23,2024-12-14 02:44:01,App Mobile,Recusada,Cabinda,Poupança
TXN003250,CLI0131,Recebimento de Salário,207387.48,2023-12-06 23:34:25,Balcão,Aprovada,Sumbe,Empresarial
TXN005000,CLI0147,Levantamento,51089.27,2023-10-14 03:56:48,App Mobile,Aprovada,Malanje,Empresarial
TXN002292,CLI0074,Depósito,120554.09,2024-10-13 00:43:52,App Mobile,Aprovada,Huambo,Corrente
TXN002785,CLI0030,Pagamento de Empréstimo,125035.7,2023-04-30 04:26:52,Agente Bancário,Recusada,Sumbe,Poupança
TXN004524,CLI0049,Pagamento de Empréstimo,197789.84,2024-06-22 23:20:49,,Aprovada,Saurimo,Poupança
TXN003255,CLI0116,Pagamento de Empréstimo,179934.42,2023-12-11 09:37:13,ATM,Aprovada,Benguela,Jovem
TXN003714,CLI0050,Levantamento,63148.41,2023-08-21 20:25:16,App Mobile,Pendente,Malanje,Corrente
TXN004666,CLI0158,Pagamento de Renda,22438.42,2024-07-20 03:37:04,Agente Bancário,Recusada,Lubango,Jovem
TXN004274,CLI0178,Transferência,148162.46,13/07/2023 09:56,Agente Bancário,Aprovada,Saurimo,Poupança
TXN000603,CLI0019,Pagamento de Empréstimo,36029.29,2023-03-31 11:17:02,Balcão,Recusada,Kuito,Empresarial
TXN002661,CLI0102,Pagamento de Electricidade,246710.32,2023-04-17 08:27:48,ATM,Pendente,Sumbe,Empresarial
TXN002639,CLI0149,Compra com Cartão,142302.32,2023-09-22 13:44:24,App Mobile,Aprovada,Saurimo,Corrente
TXN004891,CLI0023,Compra com Cartão,30320.52,2023-05-23 12:16:58,Agente Bancário,Aprovada,Malanje,Poupança
TXN002380,CLI0153,Pagamento de Renda,17753.26,2024-03-04 23:49:49,Balcão,Aprovada,Huambo,Poupança
TXN002141,cli0188,Pagamento de Renda,773.63,2023-06-04 02:48:29,Agente Bancário,Aprovada,Benguela,Poupança
TXN002772,CLI0011,Pagamento de Electricidade,78027.7,2024-10-31 03:48:37,Internet Banking,Aprovada,Huambo,Poupança
TXN002924,CLI0132,Depósito,175606.46,2024-04-04 10:48:33,ATM,Aprovada,Cabinda,Empresarial
TXN001405,CLI0014,Recebimento de Salário,40907.49,2024-04-22 02:28:17,Balcão,Aprovada,Sumbe,Jovem
TXN003566,CLI0062,Pagamento de Renda,170870.8,2024-08-02 08:12:50,ATM,Aprovada,Saurimo,Jovem
TXN003734,CLI0116,Levantamento,142190.75,2023-02-13 10:44:02,Internet Banking,Aprovada,Benguela,Jovem
TXN004772,CLI0001,Recarga de Telemóvel,99551.57,2024-07-30 18:22:41,App Mobile,Recusada,Malanje,Poupança
TXN002374,CLI0054,Recebimento de Salário,127285.47,2023-01-02 06:11:18,Balcão,Aprovada,Cabinda,Poupança
TXN002067,CLI0154,Pagamento de Serviço,26938.74,2023-10-14 19:12:40,Balcão,Aprovada,Lubango,Jovem
TXN004321,CLI0009,Pagamento de Serviço,167058.55,2024-07-27 21:20:16,Balcão,Aprovada,Lubango,Corrente
TXN002009,CLI0116,Compra com Cartão,148077.09,2023-04-10 18:41:44,Balcão,Pendente,Benguela,Jovem
TXN004256,CLI0180,Pagamento de Electricidade,78401.84,2023-03-08 03:19:11,App Mobile,Aprovada,Huambo,Corrente
TXN004381,CLI0051,Compra com Cartão,195833.26,2023-01-05 00:46:14,Agente Bancário,Aprovada,Cabinda,Poupança
TXN000261,CLI0043,Recarga de Telemóvel,45196.72,2023-05-04 16:07:15,ATM,Aprovada,Cabinda,Poupança
TXN000967,cli0157,Pagamento de Electricidade,142860.88,2024-04-10 16:45:38,Agente Bancário,Aprovada,Malanje,Jovem
TXN003813,CLI0109,Pagamento de Electricidade,115729.53,2024-12-11 11:10:29,App Mobile,Recusada,Huambo,Poupança
TXN004283,CLI0164,Pagamento de Renda,17358.49,2024-08-14 19:34:18,ATM,Recusada,Cabinda,Empresarial
TXN000756,CLI0023,Pagamento de Renda,42844.55,2023-09-01 16:08:25,Balcão,Aprovada,Malanje,Poupança
TXN002370,CLI0020,Levantamento,193230.12,2024-09-11 06:36:40,Agente Bancário,Aprovada,Huambo,Jovem
TXN003249,CLI0002,Pagamento de Renda,77574.87,2024-12-25 23:55:38,Balcão,Aprovada,Saurimo,Jovem
TXN003661,CLI0136,Pagamento de Renda,236058.67,2023-02-04 14:01:33,Agente Bancário,Recusada,Huambo,Empresarial
TXN003272,CLI0099,Depósito,53119.67,2023-05-16 19:14:05,Agente Bancário,Recusada,Huambo,Empresarial
TXN000620,CLI0155,Pagamento de Electricidade,51449.05,2023-10-24 04:17:35,Agente Bancário,Aprovada,Malanje,Corrente
TXN003679,CLI0010,Depósito,129972.38,2024-11-18 11:11:19,Balcão,Aprovada,Cabinda,Poupança
TXN004353,CLI0020,Recarga de Telemóvel,48826.79,2023-11-13 03:55:09,ATM,Aprovada,Huambo,Jovem
TXN004665,CLI0154,Recebimento de Salário,233375.62,2023-08-21 08:35:32,Agente Bancário,Pendente,Lubango,Jovem
TXN002468,CLI0159,Pagamento de Serviço,243427.73,2024-06-21 05:08:23,Balcão,Aprovada,Uíge,Empresarial
TXN002497,CLI0186,Transferência,140259.3,2024-09-22 12:48:47,ATM,Pendente,Saurimo,Poupança
TXN002865,CLI0060,Compra com Cartão,46805.75,2023-03-14 00:08:50,Agente Bancário,Pendente,Kuito,Jovem
TXN001631,CLI0197,Recarga de Telemóvel,191639.13,2024-04-20 09:57:01,App Mobile,Aprovada,Malanje,Empresarial
TXN004559,CLI0184,DEPÓSITO,176793.82,2024-04-28 05:46:01,Agente Bancário,Recusada,Sumbe,Corrente
TXN000307,CLI0153,Pagamento de Serviço,47548.46,2023-10-18 05:13:36,Balcão,Recusada,Huambo,Poupança
TXN002643,CLI0096,Pagamento de Renda,80257.53,2023-08-18 19:04:20,App Mobile,Pendente,Malanje,Corrente
TXN000456,CLI0051,Depósito,111641.79,2024-10-21 18:55:17,Balcão,Recusada,Cabinda,Poupança
TXN002069,CLI0195,Pagamento de Empréstimo,65118.14,2023-01-21 02:37:50,Internet Banking,Aprovada,Cabinda,Corrente
TXN000442,CLI0173,Pagamento de Empréstimo,91714.92,2023-10-25 10:47:54,Balcão,Aprovada,Benguela,Jovem
TXN002196,cli0066,Recarga de Telemóvel,163923.18,2024-08-31 14:10:18,Balcão,Recusada,Malanje,Jovem
TXN001309,CLI0198,Pagamento de Electricidade,73414.75,2024-02-23 19:57:47,App Mobile,Aprovada,Uíge,Corrente
TXN002950,CLI0128,Pagamento de Renda,112480.92,2023-01-31 20:22:57,ATM,Aprovada,Luanda,Poupança
TXN002743,CLI0087,Levantamento,203338.25,2024-06-05 20:03:37,Agente Bancário,Aprovada,Uíge,Poupança
TXN003712,CLI0148,Transferência,210714.78,2024-06-08 16:39:50,Internet Banking,Aprovada,Kuito,Jovem
TXN004890,CLI0187,Compra com Cartão,56051.91,2024-03-27 15:41:00,Internet Banking,Aprovada,Kuito,Empresarial
TXN001723,CLI0127,Compra com Cartão,3990.2,2023-08-13 22:46:13,ATM,Aprovada,Malanje,Corrente
TXN003696,CLI0068,Compra com Cartão,117115.83,2024-11-06 02:26:23,Balcão,Pendente,Malanje,Jovem
TXN003954,CLI0100,Pagamento de Empréstimo,8717.67,2023-08-18 10:57:04,Agente Bancário,Pendente,Saurimo,Empresarial
TXN004472,CLI0121,Pagamento de Electricidade,240474.12,2023-04-20 14:28:30,App Mobile,Pendente,Lubango,Empresarial
TXN003626,CLI0008,Levantamento,41710.41,2024-08-24 08:17:16,ATM,Pendente,Saurimo,Poupança
TXN001556,CLI0052,Pagamento de Empréstimo,141297.26,2023-10-15 22:41:59,ATM,Aprovada,Uíge,Corrente
TXN002482,CLI0076,Recarga de Telemóvel,17767.64,2023-06-15 04:38:42,Internet Banking,Recusada,Sumbe,Empresarial
TXN004762,CLI0099,PAGAMENTO DE ELECTRICIDADE,179418.72,2024-07-20 00:04:38,Agente Bancário,Aprovada,Huambo,Empresarial
TXN001696,CLI0101,Recarga de Telemóvel,181666.8,2023-05-22 12:55:26,Balcão,Aprovada,Lubango,Jovem
TXN004497,CLI0172,Recebimento de Salário,97284.48,2023-04-19 23:07:06,ATM,Aprovada,Cabinda,Jovem
TXN002044,CLI0025,Pagamento de Empréstimo,21283.95,2024-01-24 10:24:37,ATM,Pendente,Sumbe,Poupança
TXN004258,CLI0200,Pagamento de Empréstimo,173097.75,04/06/2024 04:45,ATM,Pendente,Malanje,Empresarial
TXN000256,CLI0146,Pagamento de Empréstimo,1705.55,2023-05-11 23:40:06,App Mobile,Aprovada,Sumbe,Corrente
TXN003859,CLI0145,Pagamento de Serviço,216553.05,2023-02-13 21:40:07,Internet Banking,Recusada,Huambo,Empresarial
TXN002947,CLI0065,Recebimento de Salário,208490.89,2024-01-06 04:43:16,ATM,Aprovada,Benguela,Empresarial
TXN001226,CLI0073,Pagamento de Empréstimo,179800.8,2023-07-05 20:01:07,App Mobile,Recusada,Saurimo,Poupança
TXN000288,CLI0189,Pagamento de Serviço,51090.26,2023-06-28 00:44:17,App Mobile,Aprovada,Sumbe,Jovem
TXN001658,CLI0036,Pagamento de Empréstimo,154377.29,2023-08-28 06:25:44,Internet Banking,Aprovada,Lubango,Poupança
TXN004855,CLI0034,Transferência,245545.74,2024-08-11 21:05:38,Balcão,Aprovada,Huambo,Empresarial
TXN003868,CLI0021,Compra com Cartão,60217.75,2024-06-22 00:53:30,Balcão,Recusada,Huambo,Corrente
TXN003777,CLI0194,Pagamento de Empréstimo,216926.58,2023-11-05 07:49:17,Balcão,Aprovada,Lubango,Poupança
TXN003999,CLI0054,Pagamento de Serviço,18922.21,2023-08-04 17:18:06,App Mobile,Aprovada,Cabinda,Poupança
TXN003142,CLI0061,Pagamento de Empréstimo,244628.29,2023-05-16 15:44:33,Agente Bancário,Aprovada,Malanje,Poupança
TXN004861,CLI0046,Transferência,100903.46,2023-03-13 02:49:31,ATM,Aprovada,Malanje,Poupança
TXN004221,CLI0067,Transferência,199416.3,2023-06-30 15:24:24,Internet Banking,Aprovada,Lubango,Jovem
TXN004029,CLI0155,Compra com Cartão,170477.2,2023-11-02 21:15:20,Agente Bancário,Aprovada,Malanje,Corrente
TXN001777,CLI0136,Pagamento de Renda,118182.63,2023-01-03 16:33:25,Agente Bancário,Pendente,Huambo,Empresarial
TXN003760,CLI0086,LEVANTAMENTO,231727.0,2023-09-12 12:37:12,ATM,Pendente,Huambo,Corrente
TXN000964,CLI0108,Pagamento de Electricidade,91112.08,2024-08-21 11:09:17,App Mobile,Aprovada,Lubango,Corrente
TXN003403,CLI0007,Recebimento de Salário,166891.18,2024-08-31 19:44:27,ATM,Aprovada,Sumbe,Corrente
TXN000810,CLI0180,Pagamento de Electricidade,213214.7,2023-08-26 03:39:19,Internet Banking,Pendente,Huambo,Corrente
TXN002303,CLI0017,Recarga de Telemóvel,226198.38,2024-01-02 18:06:30,App Mobile,Aprovada,Huambo,Jovem
TXN001023,CLI0048,Compra com Cartão,137450.75,2024-08-22 15:16:05,App Mobile,Aprovada,Malanje,Corrente
TXN003849,CLI0186,Recarga de Telemóvel,52052.9,2024-09-06 03:46:08,ATM,Recusada,Saurimo,Poupança
TXN000894,CLI0033,Pagamento de Renda,171961.87,2023-11-17 00:17:27,Internet Banking,Recusada,Cabinda,Corrente
TXN002807,CLI0121,Levantamento,170665.02,2024-12-11 16:56:15,App Mobile,Aprovada,Lubango,Empresarial
TXN002926,CLI0195,Compra com Cartão,229009.47,2024-05-14 14:25:14,ATM,Recusada,Cabinda,Corrente
TXN000079,CLI0186,Levantamento,153923.34,2023-11-22 15:12:40,Balcão,Pendente,Saurimo,Poupança
TXN002817,CLI0156,Levantamento,95253.83,2024-04-11 16:23:15,ATM,Aprovada,Benguela,Jovem
TXN000057,CLI0009,Pagamento de Electricidade,110539.12,2023-01-15 17:01:05,Balcão,Aprovada,Lubango,Corrente
TXN002248,CLI0158,Recarga de Telemóvel,168590.48,2023-11-16 20:24:34,,Aprovada,Lubango,Jovem
TXN000978,CLI0094,Recarga de Telemóvel,154805.77,2024-01-06 11:26:45,Agente Bancário,Aprovada,Luanda,Empresarial
TXN000359,CLI0065,Pagamento de Empréstimo,31324.28,2024-07-23 13:00:02,ATM,Pendente,Benguela,Empresarial
TXN000919,CLI0031,Pagamento de Serviço,193592.95,2023-10-21 01:33:35,Agente Bancário,Aprovada,Uíge,Poupança
TXN002298,CLI0199,Recarga de Telemóvel,173594.73,2023-05-11 07:47:10,App Mobile,Pendente,Kuito,Poupança
TXN004885,CLI0092,Pagamento de Electricidade,143695.21,2024-03-06 01:14:32,ATM,Aprovada,Benguela,Poupança
TXN003167,CLI0100,Pagamento de Renda,78314.8,2023-12-31 07:39:33,Internet Banking,Aprovada,Saurimo,Empresarial
TXN000606,CLI0135,Pagamento de Electricidade,30064.08,2023-02-20 18:43:31,Internet Banking,Pendente,Malanje,Jovem
TXN003442,CLI0194,Pagamento de Empréstimo,12093.03,2023-04-26 17:10:00,Internet Banking,Pendente,Lubango,Poupança
TXN002237,CLI0057,Pagamento de Serviço,209475.85,2024-09-15 04:31:23,Internet Banking,Aprovada,Benguela,Jovem
TXN000982,CLI0021,Depósito,62369.0,2024-02-11 04:28:19,Internet Banking,Recusada,Huambo,Corrente
TXN004417,CLI0125,Pagamento de Serviço,90019.85,2024-09-26 16:35:05,Balcão,Aprovada,Sumbe,Empresarial
TXN001279,CLI0174,Recarga de Telemóvel,221653.86,2023-09-14 08:33:52,Agente Bancário,Recusada,Cabinda,Poupança
TXN004691,CLI0008,Pagamento de Empréstimo,101158.25,2023-08-18 22:22:30,Internet Banking,Recusada,Saurimo,Poupança
TXN001731,CLI0034,Transferência,-162162.48,2023-03-14 02:43:06,App Mobile,Aprovada,Huambo,Empresarial
TXN004797,CLI0125,Depósito,213392.0,2023-12-02 00:51:13,ATM,Recusada,Sumbe,Empresarial
TXN001686,CLI0079,Recebimento de Salário,231682.25,2023-06-15 05:08:37,App Mobile,Pendente,Malanje,Poupança
TXN003577,CLI0164,Pagamento de Electricidade,114843.59,2023-09-07 02:26:41,Agente Bancário,Recusada,Cabinda,Empresarial
TXN000805,CLI0005,Pagamento de Renda,119321.99,2023-01-23 04:53:10,ATM,Aprovada,Malanje,Poupança
TXN004676,CLI0129,Compra com Cartão,-17503.32,2023-11-22 17:39:22,Internet Banking,Aprovada,Saurimo,Jovem
TXN002206,CLI0159,Transferência,137711.25,2024-04-06 03:26:36,ATM,Aprovada,Uíge,Empresarial
TXN000637,CLI0072,Pagamento de Electricidade,221422.28,2023-02-22 07:08:44,App Mobile,Aprovada,Lubango,Jovem
TXN004356,CLI0127,Recebimento de Salário,150676.65,2023-12-02 22:19:31,ATM,Aprovada,Malanje,Corrente
TXN000926,CLI0050,Pagamento de Electricidade,168161.74,2024-10-12 07:54:35,Balcão,Aprovada,Malanje,Corrente
TXN001117,CLI0028,Levantamento,152150.5,2024-01-06 06:20:12,App Mobile,Pendente,Kuito,Poupança
TXN003790,CLI0009,Pagamento de Renda,245789.64,2024-12-14 22:01:03,App Mobile,Aprovada,Lubango,Corrente
TXN000321,CLI0159,Pagamento de Serviço,164743.21,2023-02-19 04:46:33,App Mobile,Pendente,Uíge,Empresarial
TXN002616,CLI0027,Transferência,174782.86,2024-02-27 05:33:24,Balcão,Aprovada,Sumbe,Corrente
TXN004623,CLI0120,Recebimento de Salário,39514.89,2024-09-30 04:12:12,Internet Banking,Recusada,Benguela,Poupança
TXN001216,CLI0119,Transferência,126707.99,2024-02-26 03:30:48,Balcão,Pendente,Lubango,Empresarial
TXN004057,CLI0018,Depósito,172945.87,2024-02-01 15:46:32,Internet Banking,Aprovada,Kuito,Empresarial
TXN001936,CLI0175,Pagamento de Empréstimo,80169.82,2023-02-12 06:21:17,Internet Banking,Recusada,Cabinda,Empresarial
TXN003838,CLI0052,Recebimento de Salário,111885.54,2024-03-02 00:45:42,ATM,Aprovada,Uíge,Corrente
TXN004938,CLI0117,Pagamento de Renda,92409.09,2023-07-12 11:15:01,App Mobile,Aprovada,Sumbe,Jovem
TXN003785,CLI0133,Pagamento de Empréstimo,55710.62,2023-06-05 19:41:27,Internet Banking,Aprovada,Kuito,Jovem
TXN000203,CLI0047,Pagamento de Empréstimo,56220.32,2023-10-03 22:57:45,Balcão,Aprovada,Kuito,Corrente
TXN004090,CLI0075,Recarga de Telemóvel,235981.34,2023-11-26 23:24:47,Internet Banking,Recusada,Huambo,Jovem
TXN004519,CLI0096,Compra com Cartão,132607.43,2023-08-26 17:14:40,Agente Bancário,Aprovada,Malanje,Corrente
TXN002263,CLI0141,Recarga de Telemóvel,69055.54,2024-12-26 21:29:18,Internet Banking,Aprovada,Malanje,Jovem
TXN002712,cli0165,Pagamento de Empréstimo,143056.03,2023-11-23 23:23:02,Balcão,Aprovada,Cabinda,Corrente
TXN003984,CLI0017,Recarga de Telemóvel,162258.92,2023-11-02 22:51:23,Balcão,Recusada,Huambo,Jovem
TXN002923,CLI0064,Recarga de Telemóvel,82941.15,2024-06-19 21:18:16,Balcão,Aprovada,Uíge,Corrente
TXN001095,CLI0064,Levantamento,189040.54,2023-03-17 09:29:45,,Aprovada,Uíge,Corrente
TXN004829,CLI0156,Levantamento,146846.1,2023-11-20 10:14:34,Balcão,Aprovada,Benguela,Jovem
TXN001943,CLI0087,Transferência,171659.62,05/07/2023 02:12,Balcão,Aprovada,Uíge,Poupança
TXN003619,CLI0058,Pagamento de Electricidade,184431.07,2023-11-16 07:45:52,Internet Banking,Aprovada,Sumbe,Empresarial
TXN001316,CLI0078,Recarga de Telemóvel,195170.69,2023-12-14 12:41:59,Balcão,Recusada,Kuito,Jovem
TXN004770,CLI0138,Pagamento de Serviço,109939.96,2023-01-25 18:20:06,Internet Banking,Pendente,Malanje,Empresarial
TXN003049,CLI0064,Pagamento de Renda,69805.76,2024-08-31 21:35:25,Balcão,Aprovada,Uíge,Corrente
TXN004945,CLI0035,Pagamento de Renda,147813.94,2024-04-28 01:43:34,Agente Bancário,Aprovada,Benguela,Corrente
TXN001819,CLI0085,Pagamento de Empréstimo,221241.69,2024-04-25 03:55:47,Balcão,Aprovada,Uíge,Empresarial
TXN000857,CLI0186,TRANSFERÊNCIA,110349.21,2024-06-26 10:02:14,Balcão,Aprovada,Saurimo,Poupança
TXN000960,CLI0137,Transferência,8550.49,2023-11-09 23:18:46,Internet Banking,Aprovada,Benguela,Jovem
TXN000279,CLI0057,Pagamento de Empréstimo,181261.43,2023-01-30 07:48:37,Balcão,Recusada,Benguela,Jovem
TXN000099,CLI0077,Transferência,208745.31,2024-03-16 03:58:39,Agente Bancário,Aprovada,Huambo,Jovem
TXN003638,CLI0031,Pagamento de Electricidade,122990.08,2024-12-12 03:13:08,Agente Bancário,Aprovada,Uíge,Poupança
TXN000634,CLI0052,Levantamento,247328.01,2023-01-22 16:55:01,Balcão,Aprovada,Uíge,Corrente
TXN004050,CLI0112,Depósito,148448.75,2024-06-07 16:59:33,Agente Bancário,Aprovada,Luanda,Empresarial
TXN004326,CLI0062,Compra com Cartão,135671.25,2023-10-20 19:20:49,App Mobile,Recusada,Saurimo,Jovem
TXN002544,CLI0175,Pagamento de Serviço,-137288.87,2024-09-11 10:07:22,Internet Banking,Recusada,Cabinda,Empresarial
TXN002786,CLI0150,Depósito,40464.44,2023-04-02 06:49:22,ATM,Aprovada,Benguela,Jovem
TXN003412,CLI0047,Pagamento de Serviço,137579.09,2023-06-10 13:50:19,Internet Banking,Aprovada,Kuito,Corrente
TXN002416,CLI0175,Pagamento de Electricidade,43117.14,2023-08-03 04:49:02,Internet Banking,Aprovada,Cabinda,Empresarial
TXN000532,CLI0077,Pagamento de Serviço,142349.65,2023-08-18 12:10:36,Agente Bancário,Aprovada,Huambo,Jovem
TXN002460,CLI0098,Recarga de Telemóvel,112635.37,2023-11-21 13:24:22,Agente Bancário,Pendente,Sumbe,Corrente
TXN000733,cli0027,Recarga de Telemóvel,221670.99,2024-02-02 07:50:30,App Mobile,Aprovada,Sumbe,Corrente
TXN000331,CLI0147,Transferência,89236.11,2023-12-24 13:54:54,Balcão,Aprovada,Malanje,Empresarial
TXN000029,CLI0179,Pagamento de Renda,179153.24,2023-02-19 00:16:45,ATM,Aprovada,Luanda,Empresarial
TXN004331,CLI0171,Recebimento de Salário,216215.17,2023-09-04 23:59:04,App Mobile,Aprovada,Benguela,Corrente
TXN001422,CLI0013,Pagamento de Renda,62436.33,2023-07-26 17:50:43,Internet Banking,Recusada,Benguela,Poupança
TXN003018,CLI0100,Pagamento de Empréstimo,41260.96,2023-03-04 17:38:28,App Mobile,Aprovada,Saurimo,Empresarial
TXN002902,CLI0097,Compra com Cartão,150738.46,2024-02-08 05:19:30,Internet Banking,Aprovada,Uíge,Empresarial
TXN001930,CLI0153,Recebimento de Salário,132583.43,2023-09-30 03:45:40,App Mobile,Pendente,Huambo,Poupança
TXN002580,CLI0040,Compra com Cartão,115527.47,2023-10-09 00:12:05,App Mobile,Aprovada,Kuito,Poupança
TXN002025,CLI0044,Levantamento,137351.58,2024-09-12 03:50:51,Balcão,Aprovada,Benguela,Corrente
TXN003032,CLI0132,Recarga de Telemóvel,87712.37,2024-05-19 13:54:18,Internet Banking,,Cabinda,Empresarial
TXN004410,CLI0186,Transferência,208360.33,2024-04-07 04:51:31,Agente Bancário,Pendente,Saurimo,Poupança
TXN003051,CLI0021,Pagamento de Empréstimo,200097.69,2024-01-16 10:23:55,Internet Banking,Pendente,Huambo,Corrente
TXN003817,CLI0150,Levantamento,170336.69,2023-05-05 09:16:17,Internet Banking,Aprovada,Benguela,Jovem
TXN004974,CLI0087,Pagamento de Renda,227353.73,2023-04-11 00:15:43,App Mobile,Aprovada,Uíge,Poupança
TXN002331,CLI0110,Pagamento de Renda,187173.88,2024-10-13 16:39:41,App Mobile,Aprovada,Kuito,Empresarial
TXN004506,CLI0108,Pagamento de Electricidade,173601.51,2023-12-06 08:21:15,Internet Banking,Pendente,Lubango,Corrente
TXN003415,CLI0149,Levantamento,110051.39,2023-03-14 08:08:26,Agente Bancário,Recusada,Saurimo,Corrente
TXN004317,CLI0045,Depósito,219857.9,2023-05-21 15:00:18,Agente Bancário,Aprovada,Lubango,Empresarial
TXN003163,CLI0067,Transferência,17328.48,2024-05-17 19:07:48,Balcão,Aprovada,Lubango,Jovem
TXN001373,CLI0007,Transferência,39407.81,2023-02-03 07:14:48,Balcão,Aprovada,Sumbe,Corrente
TXN000823,CLI0083,Pagamento de Electricidade,50276.91,2024-08-19 06:13:34,ATM,Pendente,Cabinda,Empresarial
TXN000950,CLI0187,Pagamento de Renda,70787.63,2023-12-27 23:48:48,Internet Banking,Aprovada,Kuito,Empresarial
TXN000715,CLI0126,Pagamento de Empréstimo,-24673.36,2023-03-28 15:02:38,App Mobile,Aprovada,Sumbe,Jovem
TXN000379,CLI0169,Compra com Cartão,78379.65,2024-08-12 03:20:58,Balcão,Recusada,Cabinda,Poupança
TXN003100,CLI0144,Transferência,194901.22,2024-04-26 12:24:02,Balcão,Aprovada,Sumbe,Jovem
TXN003750,CLI0175,Pagamento de Serviço,63153.27,2023-07-02 07:38:14,ATM,Aprovada,Cabinda,Empresarial
TXN004836,CLI0181,PAGAMENTO DE SERVIÇO,149756.49,2023-03-04 20:32:49,ATM,Aprovada,Lubango,Empresarial
TXN002962,CLI0026,Depósito,77501.3,2024-01-22 17:14:03,Agente Bancário,Aprovada,Lubango,Empresarial
TXN002042,CLI0058,Pagamento de Empréstimo,72011.49,2024-05-27 03:08:56,App Mobile,Aprovada,Sumbe,Empresarial
TXN000881,CLI0152,Pagamento de Empréstimo,109927.47,2023-09-06 21:22:34,Internet Banking,Aprovada,Cabinda,Jovem
TXN003020,CLI0135,Transferência,120639.03,2024-01-16 21:07:29,Internet Banking,Aprovada,Malanje,Jovem
TXN002935,CLI0020,Compra com Cartão,613.54,2023-05-18 17:30:22,Balcão,Pendente,Huambo,Jovem
TXN003843,CLI0071,Pagamento de Empréstimo,18890.78,2023-11-18 13:29:29,Agente Bancário,Aprovada,Lubango,Empresarial
TXN004581,CLI0161,Pagamento de Electricidade,227843.06,2024-09-27 09:42:59,App Mobile,Recusada,Lubango,Empresarial
TXN001827,CLI0109,Levantamento,1625.11,2023-01-21 13:03:29,Internet Banking,Aprovada,Huambo,Poupança
TXN002201,CLI0061,Levantamento,118109.47,2023-04-13 22:15:05,ATM,Aprovada,Malanje,Poupança
TXN002633,CLI0085,Pagamento de Empréstimo,172523.21,2024-12-14 01:07:44,Agente Bancário,Aprovada,Uíge,Empresarial
TXN001238,CLI0166,Pagamento de Serviço,32904.43,2023-03-19 06:04:03,Internet Banking,Aprovada,Uíge,Empresarial
TXN000126,CLI0189,Pagamento de Serviço,66072.4,2023-12-16 07:37:06,App Mobile,Aprovada,Sumbe,Jovem
TXN003702,CLI0040,Depósito,13617.9,2024-02-12 23:51:06,Internet Banking,Recusada,Kuito,Poupança
TXN000762,CLI0117,Depósito,36805.69,2024-01-01 00:49:48,Agente Bancário,Aprovada,Sumbe,Jovem
TXN003339,CLI0134,Compra com Cartão,17195.8,2023-06-19 05:34:12,Agente Bancário,Aprovada,Sumbe,Jovem
TXN002249,CLI0026,Compra com Cartão,74484.46,2023-05-11 15:23:55,App Mobile,Aprovada,Lubango,Empresarial
TXN004104,CLI0061,Recebimento de Salário,42792.85,2024-12-30 10:07:49,App Mobile,Pendente,Malanje,Poupança
TXN003963,CLI0062,Pagamento de Empréstimo,87435.26,2024-01-27 14:04:37,App Mobile,Recusada,Saurimo,Jovem
TXN003981,CLI0131,Pagamento de Renda,13292.33,2023-02-04 22:09:16,Balcão,Aprovada,Sumbe,Empresarial
TXN003071,CLI0152,Pagamento de Renda,141365.06,2024-01-09 21:41:39,,Aprovada,Cabinda,Jovem
TXN004537,CLI0080,Pagamento de Electricidade,98323.9,2024-05-18 10:00:29,Balcão,Recusada,Lubango,Jovem
TXN002016,CLI0097,Depósito,61960.06,2023-10-26 01:14:51,Balcão,Recusada,Uíge,Empresarial
TXN000946,CLI0067,Recebimento de Salário,170743.77,2023-11-06 07:17:12,ATM,Aprovada,Lubango,Jovem
TXN000233,CLI0192,Recarga de Telemóvel,215246.53,2024-03-01 11:50:36,App Mobile,Pendente,Luanda,Empresarial
TXN000397,CLI0009,Depósito,92460.36,2024-07-01 11:57:46,Agente Bancário,Aprovada,Lubango,Corrente
TXN000750,CLI0062,Compra com Cartão,11696.2,2024-03-14 16:34:32,Balcão,Recusada,Saurimo,Jovem
TXN003095,CLI0132,Pagamento de Empréstimo,248102.3,2024-10-16 21:04:33,Balcão,Pendente,Cabinda,Empresarial
TXN003966,CLI0077,Levantamento,82272.66,2024-03-15 20:37:57,Internet Banking,Aprovada,Huambo,Jovem
TXN001164,CLI0030,Levantamento,185218.92,2023-04-13 12:38:23,ATM,Aprovada,Sumbe,Poupança
TXN003709,CLI0006,Depósito,106325.58,2024-02-15 09:02:39,ATM,Aprovada,Uíge,Corrente
TXN000239,CLI0182,Pagamento de Empréstimo,151045.05,2024-07-27 13:42:22,Agente Bancário,Recusada,Uíge,Corrente
TXN003527,CLI0182,Pagamento de Renda,79229.31,2023-06-06 13:09:59,ATM,Aprovada,Uíge,Corrente
TXN004667,CLI0121,Depósito,133538.77,2024-09-07 14:56:13,App Mobile,Aprovada,Lubango,Empresarial
TXN000721,CLI0113,RECARGA DE TELEMÓVEL,97866.6,2024-08-28 08:33:01,Internet Banking,,Saurimo,Empresarial
TXN004212,CLI0170,Compra com Cartão,183403.23,2023-06-06 03:19:55,Balcão,Recusada,Uíge,Corrente
TXN000576,CLI0005,Compra com Cartão,25826.6,2024-06-08 08:43:41,Agente Bancário,Recusada,Malanje,Poupança
TXN004679,CLI0098,Pagamento de Serviço,112481.98,2024-07-18 17:33:26,Balcão,Aprovada,Sumbe,Corrente
TXN002703,CLI0056,Transferência,64294.44,2024-12-03 04:18:50,,Pendente,Huambo,Empresarial
TXN003262,CLI0035,Recebimento de Salário,2385.29,2024-02-27 11:19:42,ATM,Recusada,Benguela,Corrente
TXN000586,CLI0029,Compra com Cartão,43034.04,2024-01-19 17:02:18,Agente Bancário,Recusada,Benguela,Corrente
TXN002536,CLI0082,Depósito,143499.86,2024-04-22 21:32:09,Agente Bancário,Aprovada,Uíge,Corrente
TXN003754,CLI0193,Transferência,181125.18,2023-12-26 15:33:51,App Mobile,Recusada,Luanda,Empresarial
TXN004719,CLI0178,Pagamento de Renda,47234.96,2024-10-13 05:41:50,App Mobile,Aprovada,Saurimo,Poupança
TXN000465,CLI0092,Depósito,159917.16,2024-02-16 08:41:21,App Mobile,Aprovada,Benguela,Poupança
TXN004443,CLI0191,Pagamento de Renda,200476.9,2024-08-31 11:59:41,Internet Banking,Aprovada,Benguela,Corrente
TXN004681,CLI0059,PAGAMENTO DE RENDA,7703.52,2024-07-29 12:11:45,Internet Banking,Pendente,Lubango,Jovem
TXN002261,CLI0003,Pagamento de Serviço,226124.63,2024-09-18 13:23:33,Agente Bancário,Aprovada,Saurimo,Corrente
TXN002892,CLI0060,Depósito,70828.09,2024-02-16 10:47:33,App Mobile,Aprovada,Kuito,Jovem
TXN003996,CLI0120,Compra com Cartão,227645.02,2023-03-21 18:10:11,ATM,Aprovada,Benguela,Poupança
TXN000799,CLI0085,Pagamento de Electricidade,42999.49,2024-06-26 16:03:23,Internet Banking,Aprovada,Uíge,Empresarial
TXN004946,CLI0148,Levantamento,8291.49,2023-05-19 15:50:24,Balcão,Aprovada,Kuito,Jovem
TXN000860,CLI0068,Pagamento de Electricidade,181583.68,2023-09-22 19:39:50,ATM,Aprovada,Malanje,Jovem
TXN003086,CLI0146,Pagamento de Empréstimo,230061.4,2024-06-02 19:37:51,App Mobile,Aprovada,Sumbe,Corrente
TXN003069,CLI0154,Pagamento de Electricidade,205646.29,2024-08-24 21:26:03,Agente Bancário,Aprovada,Lubango,Jovem
TXN001579,CLI0184,Transferência,101554.33,2023-10-02 18:10:19,ATM,Pendente,Sumbe,Corrente
TXN004980,CLI0153,Levantamento,83551.68,2023-10-24 23:08:46,Agente Bancário,Aprovada,Huambo,Poupança
TXN000906,CLI0126,Pagamento de Electricidade,101097.17,2023-04-20 18:35:33,ATM,Aprovada,Sumbe,Jovem
TXN001597,CLI0029,Transferência,103674.6,2023-12-26 08:50:28,Agente Bancário,Aprovada,Benguela,Corrente
TXN001779,CLI0151,Recebimento de Salário,193836.04,2024-01-16 21:54:18,App Mobile,Aprovada,Malanje,Corrente
TXN004198,CLI0050,Recebimento de Salário,135413.91,2023-05-08 16:30:20,Internet Banking,Aprovada,Malanje,Corrente
TXN001548,CLI0107,Pagamento de Empréstimo,151327.34,2024-05-17 17:06:55,Balcão,Aprovada,Kuito,Empresarial
TXN001338,CLI0021,Pagamento de Renda,249029.66,2024-10-21 20:40:32,Balcão,Aprovada,Huambo,Corrente
TXN001239,CLI0053,Transferência,232969.5,2024-08-17 06:21:41,App Mobile,Aprovada,Cabinda,Poupança
TXN001384,CLI0158,Pagamento de Serviço,183334.88,2023-03-20 07:14:07,Internet Banking,Aprovada,Lubango,Jovem
TXN001695,CLI0149,Recarga de Telemóvel,82518.5,2024-12-19 19:27:43,App Mobile,Aprovada,Saurimo,Corrente
TXN003428,CLI0194,Depósito,165609.04,2023-10-10 13:43:13,App Mobile,Aprovada,Lubango,Poupança
TXN001030,CLI0036,Transferência,243037.71,2024-08-16 21:02:42,Internet Banking,Aprovada,Lubango,Poupança
TXN004870,CLI0117,Compra com Cartão,242651.36,2024-06-12 12:04:27,Agente Bancário,Pendente,Sumbe,Jovem
TXN000601,CLI0108,Pagamento de Empréstimo,219088.32,2023-12-19 20:48:17,ATM,Aprovada,Lubango,Corrente
TXN002828,CLI0064,Pagamento de Renda,2740.9,2023-12-13 08:04:17,Internet Banking,Recusada,Uíge,Corrente
TXN000477,CLI0073,Pagamento de Renda,171918.12,2023-08-31 08:13:49,Agente Bancário,Pendente,Saurimo,Poupança
TXN003207,CLI0146,Pagamento de Renda,190072.9,2024-10-14 01:32:13,App Mobile,Recusada,Sumbe,Corrente
TXN001652,CLI0170,Recarga de Telemóvel,56789.4,2024-11-30 02:30:03,ATM,Aprovada,Uíge,Corrente
TXN003916,CLI0197,Recebimento de Salário,217538.9,2024-05-10 07:55:15,App Mobile,Aprovada,Malanje,Empresarial
TXN001167,CLI0169,Recarga de Telemóvel,119731.0,2023-07-24 06:47:59,App Mobile,Recusada,Cabinda,Poupança
TXN001869,CLI0171,Pagamento de Serviço,59732.63,2024-08-21 22:01:25,Balcão,Pendente,Benguela,Corrente
TXN000088,CLI0079,Compra com Cartão,124570.68,2024-11-16 16:48:27,App Mobile,Recusada,Malanje,Poupança
TXN002231,CLI0073,Pagamento de Electricidade,150266.73,2024-04-29 21:27:44,Agente Bancário,Aprovada,Saurimo,Poupança
TXN003606,CLI0041,Transferência,104274.15,2023-01-01 01:36:31,App Mobile,Aprovada,Saurimo,Corrente
TXN002205,CLI0017,Pagamento de Renda,28329.91,2024-01-31 12:48:10,ATM,Aprovada,Huambo,Jovem
TXN001319,CLI0150,Transferência,143410.45,2024-07-02 11:48:25,Internet Banking,Recusada,Benguela,Jovem
TXN001775,CLI0040,Pagamento de Empréstimo,127078.02,2024-07-14 14:33:15,Agente Bancário,Aprovada,Kuito,Poupança
TXN002253,CLI0046,Recebimento de Salário,205541.38,2024-12-01 11:06:13,Balcão,Pendente,Malanje,Poupança
TXN000299,CLI0043,Pagamento de Empréstimo,143123.57,2024-04-20 14:17:17,Internet Banking,Pendente,Cabinda,Poupança
TXN001915,CLI0006,Recarga de Telemóvel,192271.17,2024-08-14 22:20:00,Agente Bancário,Aprovada,Uíge,Corrente
TXN000326,CLI0049,Pagamento de Serviço,142721.9,2023-07-13 05:16:44,Agente Bancário,Pendente,Saurimo,Poupança
TXN003075,CLI0162,Pagamento de Serviço,88525.37,2024-06-10 16:56:57,Agente Bancário,Aprovada,Luanda,Empresarial
TXN001791,CLI0026,Transferência,191386.68,2023-10-17 00:44:42,ATM,Recusada,Lubango,Empresarial
TXN000071,CLI0164,Compra com Cartão,55172.59,2023-06-21 12:55:41,App Mobile,Recusada,Cabinda,Empresarial
TXN004803,CLI0155,Pagamento de Renda,202371.57,2024-12-17 05:02:17,Internet Banking,Aprovada,Malanje,Corrente
TXN001636,CLI0196,TRANSFERÊNCIA,19461.45,2023-10-20 19:28:35,Balcão,Aprovada,Saurimo,Corrente
TXN003220,CLI0008,Pagamento de Serviço,86586.52,2023-06-19 21:00:21,Internet Banking,Aprovada,Saurimo,Poupança
TXN001551,CLI0159,Levantamento,160047.77,2023-04-25 13:57:06,Agente Bancário,Aprovada,Uíge,Empresarial
TXN001086,CLI0161,Pagamento de Empréstimo,220963.64,2023-11-24 02:37:50,ATM,Aprovada,Lubango,Empresarial
TXN002338,CLI0063,Pagamento de Electricidade,153956.04,2023-02-01 18:29:07,ATM,Aprovada,Kuito,Corrente
TXN004709,CLI0041,Recebimento de Salário,72091.29,2023-07-07 21:43:20,Balcão,Aprovada,Saurimo,Corrente
TXN003041,CLI0067,Pagamento de Serviço,-67966.6,2023-01-12 07:58:35,Internet Banking,Recusada,Lubango,Jovem
TXN000915,CLI0073,Recebimento de Salário,92135.06,2023-08-26 11:35:56,Agente Bancário,Pendente,Saurimo,Poupança
TXN003253,CLI0136,Pagamento de Renda,161030.27,2024-11-08 05:38:53,Balcão,Recusada,Huambo,Empresarial
TXN002031,CLI0046,Depósito,163926.25,2023-04-19 14:46:19,App Mobile,Aprovada,Malanje,Poupança
TXN000177,CLI0009,Compra com Cartão,237939.7,2023-07-22 19:46:23,Balcão,Aprovada,Lubango,Corrente
TXN003098,CLI0087,Pagamento de Empréstimo,92382.4,2024-05-07 08:42:26,Internet Banking,Recusada,Uíge,Poupança
TXN001032,CLI0071,Pagamento de Empréstimo,130394.76,2023-04-02 02:28:53,Balcão,Pendente,Lubango,Empresarial
TXN004530,CLI0143,Pagamento de Electricidade,54197.46,2024-08-08 09:17:27,App Mobile,Pendente,Uíge,Poupança
TXN004186,CLI0027,Transferência,147143.78,2023-09-30 23:20:58,Internet Banking,Aprovada,Sumbe,Corrente
TXN004943,CLI0064,PAGAMENTO DE RENDA,232958.12,2023-04-28 06:59:12,ATM,Aprovada,Uíge,Corrente
TXN001860,CLI0124,Pagamento de Renda,101435.6,2024-09-26 21:52:33,ATM,Aprovada,Luanda,Poupança
TXN000338,CLI0111,Pagamento de Empréstimo,168101.01,2023-03-29 09:42:31,Agente Bancário,Aprovada,Huambo,Empresarial
TXN001714,CLI0090,Levantamento,187279.84,2024-02-22 14:17:26,ATM,Aprovada,Cabinda,Poupança
TXN000264,CLI0097,Pagamento de Empréstimo,208949.53,2024-11-28 16:09:27,Agente Bancário,Pendente,Uíge,Empresarial
TXN002754,CLI0027,Recarga de Telemóvel,186914.23,2023-07-18 03:34:20,Balcão,Aprovada,Sumbe,Corrente
TXN003691,cli0190,Recarga de Telemóvel,74306.87,2024-08-23 20:05:10,ATM,Pendente,Malanje,Empresarial
TXN004932,CLI0195,Pagamento de Empréstimo,129943.0,2024-03-27 17:03:02,Agente Bancário,Aprovada,Cabinda,Corrente
TXN001124,CLI0070,Pagamento de Empréstimo,220861.77,2024-04-14 17:44:56,Internet Banking,Aprovada,Huambo,Corrente
TXN001891,CLI0189,Pagamento de Electricidade,80493.76,2023-06-17 06:09:30,Agente Bancário,Aprovada,Sumbe,Jovem
TXN002728,CLI0006,Pagamento de Electricidade,229655.06,2023-03-17 03:07:51,ATM,Aprovada,Uíge,Corrente
TXN003601,CLI0109,Pagamento de Empréstimo,25372.78,2024-12-18 01:00:02,Internet Banking,Recusada,Huambo,Poupança
TXN003724,CLI0076,Transferência,237759.35,2023-01-01 01:18:11,Agente Bancário,Recusada,Sumbe,Empresarial
TXN003389,CLI0137,Pagamento de Renda,-80383.89,2023-06-10 16:31:41,Internet Banking,Aprovada,Benguela,Jovem
TXN002774,CLI0129,Recarga de Telemóvel,187371.87,2023-06-01 18:55:26,Agente Bancário,Aprovada,Saurimo,Jovem
TXN004122,CLI0063,Transferência,40543.82,2023-03-19 20:28:04,Balcão,Aprovada,Kuito,Corrente
TXN003463,CLI0037,Recebimento de Salário,133573.93,2023-06-11 10:04:41,,Aprovada,Huambo,Jovem
TXN003561,CLI0175,Pagamento de Empréstimo,29816.67,2024-06-08 07:36:15,Balcão,Recusada,Cabinda,Empresarial
TXN001003,CLI0190,Transferência,162136.05,2023-05-22 02:38:43,App Mobile,Aprovada,Malanje,Empresarial
TXN000362,cli0196,Compra com Cartão,213925.06,2024-01-22 12:27:03,Balcão,Aprovada,Saurimo,Corrente
TXN003318,CLI0144,Recarga de Telemóvel,76723.27,2024-09-07 04:29:44,App Mobile,Pendente,Sumbe,Jovem
TXN002888,CLI0106,Pagamento de Empréstimo,104920.73,2023-01-18 05:17:27,App Mobile,Recusada,Saurimo,Empresarial
TXN004757,CLI0126,Transferência,161452.54,2023-07-14 00:41:51,App Mobile,Aprovada,Sumbe,Jovem
TXN002291,CLI0135,Pagamento de Electricidade,41435.78,2024-07-11 22:37:27,Balcão,Aprovada,Malanje,Jovem
TXN004898,cli0169,Pagamento de Empréstimo,155323.87,2024-05-19 17:45:16,Balcão,Aprovada,Cabinda,Poupança
TXN002187,CLI0070,Pagamento de Empréstimo,231381.34,2024-03-12 16:41:31,Balcão,Aprovada,Huambo,Corrente
TXN000966,CLI0086,Pagamento de Renda,25031.61,2024-12-05 16:56:29,ATM,Pendente,Huambo,Corrente
TXN004598,CLI0035,Pagamento de Empréstimo,-149840.2,2024-01-23 11:22:48,ATM,Aprovada,Benguela,Corrente
TXN002089,CLI0079,Levantamento,235603.06,2023-07-11 12:58:00,App Mobile,Aprovada,Malanje,Poupança
TXN003528,CLI0080,Transferência,46691.38,2023-07-16 05:22:38,Balcão,Recusada,Lubango,Jovem
TXN004347,CLI0169,Transferência,73074.3,2023-08-07 05:54:07,Internet Banking,Aprovada,Cabinda,Poupança
TXN000367,CLI0071,Pagamento de Empréstimo,52856.42,2024-02-12 12:06:51,Agente Bancário,Aprovada,Lubango,Empresarial
TXN004038,CLI0073,Pagamento de Renda,108999.02,2023-02-17 22:53:10,Agente Bancário,Aprovada,Saurimo,Poupança
TXN004127,CLI0195,Pagamento de Serviço,7266.6,2024-05-07 06:07:40,Agente Bancário,Aprovada,Cabinda,Corrente
TXN002477,CLI0105,Depósito,66291.72,2023-01-20 00:50:55,Internet Banking,Aprovada,Luanda,Corrente
TXN003062,CLI0176,Compra com Cartão,200201.39,2023-10-23 01:54:55,Balcão,Aprovada,Benguela,Poupança
TXN004076,CLI0013,Compra com Cartão,186341.63,2023-08-13 10:02:16,ATM,Recusada,Benguela,Poupança
TXN002296,CLI0106,Compra com Cartão,24330.25,2023-08-23 22:00:30,Internet Banking,Aprovada,Saurimo,Empresarial
TXN004153,CLI0200,Pagamento de Electricidade,16134.32,2023-02-17 13:42:04,Agente Bancário,Aprovada,Malanje,Empresarial
TXN001325,CLI0063,Recarga de Telemóvel,-140507.75,27/11/2024 18:31,ATM,Pendente,Kuito,Corrente
TXN003543,CLI0088,Recarga de Telemóvel,55185.86,2023-10-03 01:01:39,Internet Banking,Pendente,Cabinda,Poupança
TXN000841,CLI0051,Compra com Cartão,71879.29,2024-06-11 06:39:46,Internet Banking,Aprovada,Cabinda,Poupança
TXN003845,CLI0128,Depósito,203097.0,2024-01-08 08:27:19,ATM,Aprovada,Luanda,Poupança
TXN002625,CLI0171,Recarga de Telemóvel,159612.83,2023-07-26 13:50:59,ATM,Aprovada,Benguela,Corrente
TXN000474,CLI0056,Pagamento de Serviço,-188627.46,2024-12-01 08:09:57,App Mobile,Aprovada,Huambo,Empresarial
TXN003885,CLI0148,Pagamento de Empréstimo,-70694.81,2023-11-18 21:18:43,Balcão,Pendente,Kuito,Jovem
TXN002014,CLI0159,Depósito,113358.7,2024-11-02 06:40:52,Balcão,Aprovada,Uíge,Empresarial
TXN000909,CLI0180,Levantamento,3899.32,2024-08-10 21:23:27,Internet Banking,Aprovada,Huambo,Corrente
TXN000731,CLI0069,Transferência,241607.01,2024-09-07 11:24:52,Agente Bancário,Aprovada,Uíge,Empresarial
TXN003126,CLI0190,Recarga de Telemóvel,-238294.7,2023-04-16 09:37:11,Internet Banking,Pendente,Malanje,Empresarial
TXN001719,CLI0068,Levantamento,21705.63,2024-11-25 17:32:43,ATM,Aprovada,Malanje,Jovem
TXN004380,CLI0011,Pagamento de Empréstimo,30912.72,2023-01-28 18:35:19,Balcão,Pendente,Huambo,Poupança
TXN003206,CLI0034,Compra com Cartão,37573.38,2024-02-01 17:15:11,App Mobile,Aprovada,Huambo,Empresarial
TXN001141,CLI0003,Compra com Cartão,95664.52,2023-12-12 16:31:52,Balcão,Aprovada,Saurimo,Corrente
TXN002737,CLI0111,Pagamento de Electricidade,220394.53,2024-07-30 01:52:18,Balcão,Pendente,Huambo,Empresarial
TXN001850,CLI0044,Pagamento de Serviço,195335.75,2023-11-29 17:58:00,App Mobile,Aprovada,Benguela,Corrente
TXN001174,CLI0165,Depósito,70567.95,2023-11-02 11:02:04,App Mobile,Aprovada,Cabinda,Corrente
TXN003800,CLI0140,Depósito,231563.23,2023-08-21 08:54:27,Agente Bancário,Aprovada,Uíge,Empresarial
TXN001198,CLI0084,Transferência,5669.13,2024-09-23 17:07:06,App Mobile,Recusada,Kuito,Poupança
TXN003211,CLI0109,Pagamento de Serviço,4736.33,2024-05-21 02:26:09,Internet Banking,Pendente,Huambo,Poupança
TXN000347,CLI0161,Pagamento de Serviço,38610.91,2024-03-20 23:36:11,Internet Banking,Aprovada,Lubango,Empresarial
TXN004094,CLI0115,Pagamento de Renda,9124.34,2023-01-01 10:55:59,App Mobile,Aprovada,Saurimo,Corrente
TXN001674,CLI0047,Levantamento,59360.0,2023-09-15 16:55:29,Agente Bancário,Aprovada,Kuito,Corrente
TXN002869,CLI0084,Pagamento de Empréstimo,163571.82,2023-08-30 12:34:21,Internet Banking,Aprovada,Kuito,Poupança
TXN000287,CLI0046,Pagamento de Renda,223631.91,2023-06-19 18:22:04,App Mobile,Aprovada,Malanje,Poupança
TXN003110,CLI0044,Compra com Cartão,246252.48,2024-11-25 11:51:23,App Mobile,Recusada,Benguela,Corrente
TXN002308,CLI0108,Levantamento,172660.42,2023-10-23 13:41:37,Internet Banking,Pendente,Lubango,Corrente
TXN001949,CLI0097,Depósito,42781.7,2023-09-01 06:19:15,App Mobile,Recusada,Uíge,Empresarial
TXN004614,CLI0076,Pagamento de Electricidade,214348.31,2023-03-15 00:42:36,App Mobile,Recusada,Sumbe,Empresarial
TXN000660,CLI0087,Pagamento de Electricidade,170624.07,2023-10-15 23:56:08,Internet Banking,Aprovada,Uíge,Poupança
TXN001440,CLI0055,Pagamento de Renda,47051.8,2023-09-23 10:17:26,Internet Banking,Aprovada,Uíge,Poupança
TXN000622,CLI0073,PAGAMENTO DE SERVIÇO,131336.73,2024-05-27 07:16:26,ATM,Aprovada,Saurimo,Poupança
TXN002314,CLI0086,TRANSFERÊNCIA,248964.42,2024-06-09 18:10:13,Balcão,Aprovada,Huambo,Corrente
TXN002315,CLI0103,Depósito,138328.31,12/08/2023 17:22,Internet Banking,Aprovada,Malanje,Empresarial
TXN003430,CLI0089,Compra com Cartão,83475.3,2023-01-13 04:39:47,Internet Banking,Aprovada,Uíge,Empresarial
TXN004642,CLI0131,Transferência,214011.01,2024-11-19 03:29:06,App Mobile,Pendente,Sumbe,Empresarial
TXN003264,CLI0119,Compra com Cartão,201455.47,2024-07-15 20:01:02,Internet Banking,Aprovada,Lubango,Empresarial
TXN003976,CLI0086,Pagamento de Renda,151003.05,2024-02-21 18:54:00,ATM,Pendente,Huambo,Corrente
TXN004710,CLI0137,Compra com Cartão,55199.8,2024-05-08 20:35:54,Internet Banking,Aprovada,Benguela,Jovem
TXN004441,CLI0158,Pagamento de Serviço,226791.24,2023-03-25 09:13:32,ATM,Recusada,Lubango,Jovem
TXN004103,CLI0067,Depósito,158656.83,2024-03-29 17:16:26,ATM,Aprovada,Lubango,Jovem
TXN002949,CLI0188,Pagamento de Serviço,160128.03,2024-01-19 07:22:54,Agente Bancário,Recusada,Benguela,Poupança
TXN001821,cli0064,Recebimento de Salário,33499.54,2023-11-28 11:17:05,ATM,Recusada,Uíge,Corrente
TXN001301,CLI0179,Depósito,171863.45,2023-08-14 00:19:42,App Mobile,Aprovada,Luanda,Empresarial
TXN004753,CLI0126,Pagamento de Renda,56863.92,2023-01-06 06:08:26,Balcão,Aprovada,Sumbe,Jovem
TXN002219,CLI0089,Pagamento de Empréstimo,46923.06,2024-04-11 01:33:10,Internet Banking,Aprovada,Uíge,Empresarial
TXN003174,CLI0065,Recarga de Telemóvel,187603.05,2024-12-15 23:04:50,App Mobile,Pendente,Benguela,Empresarial
TXN000378,CLI0100,Recarga de Telemóvel,233118.17,2023-08-30 13:06:42,Balcão,Aprovada,Saurimo,Empresarial
TXN002284,CLI0102,Pagamento de Empréstimo,186343.87,2023-07-08 02:20:29,Agente Bancário,Aprovada,Sumbe,Empresarial
TXN004989,CLI0123,Pagamento de Renda,130468.54,2023-01-31 19:16:45,Balcão,Aprovada,Kuito,Poupança
TXN001745,CLI0198,Pagamento de Electricidade,154635.09,2024-07-10 09:56:03,Internet Banking,Pendente,Uíge,Corrente
TXN000152,CLI0003,Pagamento de Empréstimo,196234.55,2024-03-13 22:07:09,ATM,Aprovada,Saurimo,Corrente
TXN003678,CLI0002,Depósito,98360.86,2023-11-30 17:59:38,Agente Bancário,Aprovada,Saurimo,Jovem
TXN004613,CLI0144,Recarga de Telemóvel,113325.54,2024-10-06 13:44:24,ATM,Aprovada,Sumbe,Jovem
TXN001060,cli0016,Pagamento de Empréstimo,240918.14,2023-01-02 08:13:44,Balcão,Aprovada,Huambo,Jovem
TXN002200,CLI0075,Transferência,152147.77,2023-10-14 20:12:04,Balcão,Aprovada,Huambo,Jovem
TXN000433,CLI0150,Pagamento de Renda,54433.21,2023-04-23 13:54:04,Balcão,Aprovada,Benguela,Jovem
TXN003624,CLI0057,Pagamento de Serviço,243259.83,2024-12-09 01:18:13,Internet Banking,Aprovada,Benguela,Jovem
TXN003584,CLI0127,Pagamento de Renda,69909.28,2023-04-19 09:42:28,Agente Bancário,Aprovada,Malanje,Corrente
TXN003563,CLI0049,Levantamento,57560.52,2024-11-24 09:23:11,Balcão,Pendente,Saurimo,Poupança
TXN004706,CLI0063,Pagamento de Electricidade,23466.02,2024-02-05 12:50:22,Balcão,Recusada,Kuito,Corrente
TXN004912,CLI0192,Depósito,124763.93,2024-08-05 02:20:30,Agente Bancário,Aprovada,Luanda,Empresarial
TXN004195,CLI0093,Levantamento,150772.96,2023-04-07 18:52:43,Internet Banking,Aprovada,Saurimo,Corrente
TXN000431,CLI0012,Levantamento,39932.38,2023-05-17 14:46:57,Balcão,Recusada,Cabinda,Corrente
TXN002744,CLI0170,Pagamento de Renda,134298.85,2023-01-07 01:09:24,Balcão,Aprovada,Uíge,Corrente
TXN000821,CLI0197,Recarga de Telemóvel,68031.89,2024-07-07 22:57:27,ATM,Aprovada,Malanje,Empresarial
TXN001868,CLI0002,Recarga de Telemóvel,65972.42,2024-04-19 09:07:47,Internet Banking,Aprovada,Saurimo,Jovem
TXN003280,CLI0068,Pagamento de Electricidade,207413.17,2024-02-01 23:49:29,App Mobile,Aprovada,Malanje,Jovem
TXN001464,CLI0183,Pagamento de Renda,191454.82,2024-04-22 12:16:00,App Mobile,Recusada,Saurimo,Corrente
TXN003749,CLI0041,Pagamento de Serviço,126307.94,2023-01-11 19:34:31,Internet Banking,Aprovada,Saurimo,Corrente
TXN004397,CLI0077,Pagamento de Serviço,189323.1,2023-09-11 11:45:35,Internet Banking,Aprovada,Huambo,Jovem
TXN002940,CLI0070,Recarga de Telemóvel,71418.8,2023-03-27 13:30:13,Balcão,Aprovada,Huambo,Corrente
TXN001235,CLI0059,Depósito,99546.56,2023-07-05 14:54:34,ATM,Aprovada,Lubango,Jovem
TXN000988,CLI0113,Levantamento,80142.28,2023-01-06 01:29:27,ATM,Aprovada,Saurimo,Empresarial
TXN000300,CLI0069,Pagamento de Electricidade,111502.15,2024-11-20 11:46:28,Internet Banking,Aprovada,Uíge,Empresarial
TXN003294,CLI0086,Pagamento de Electricidade,139494.89,2023-04-02 14:09:32,Balcão,Aprovada,Huambo,Corrente
TXN002091,CLI0169,Transferência,150146.05,2024-06-08 19:09:01,Agente Bancário,Aprovada,Cabinda,Poupança
TXN001470,CLI0093,Compra com Cartão,206550.04,2023-02-11 13:04:25,App Mobile,Aprovada,Saurimo,Corrente
TXN002551,CLI0102,Recarga de Telemóvel,191863.79,2024-08-23 09:10:11,Balcão,Recusada,Sumbe,Empresarial
TXN000243,CLI0170,Pagamento de Empréstimo,55002.1,2023-08-17 00:37:21,App Mobile,,Uíge,Corrente
TXN000304,CLI0139,Compra com Cartão,242400.8,2023-04-15 22:43:27,Agente Bancário,Aprovada,Kuito,Poupança
TXN000956,CLI0096,Pagamento de Electricidade,233901.83,2024-08-13 20:49:50,Internet Banking,Aprovada,Malanje,Corrente
TXN000716,CLI0200,Pagamento de Electricidade,59943.93,2023-10-16 14:58:56,Agente Bancário,Recusada,Malanje,Empresarial
TXN001834,CLI0092,Recarga de Telemóvel,184834.92,2024-10-06 07:47:23,Agente Bancário,Aprovada,Benguela,Poupança
TXN002262,CLI0104,Pagamento de Empréstimo,31587.9,2023-12-22 16:00:06,Balcão,Aprovada,Uíge,Jovem
TXN003711,CLI0025,Pagamento de Electricidade,54333.56,2024-11-30 07:32:20,Balcão,Aprovada,Sumbe,Poupança
TXN002832,CLI0031,Pagamento de Renda,198069.24,2023-07-10 04:29:10,Agente Bancário,Recusada,Uíge,Poupança
TXN001933,CLI0034,Pagamento de Serviço,126239.99,12/10/2023 06:13,App Mobile,Aprovada,Huambo,Empresarial
TXN000406,CLI0038,Recarga de Telemóvel,231842.02,2023-08-13 07:28:37,Internet Banking,Aprovada,Uíge,Jovem
TXN000945,CLI0049,Depósito,23666.16,2023-12-05 04:27:21,ATM,Aprovada,Saurimo,Poupança
TXN000246,CLI0167,Pagamento de Serviço,237078.85,05/03/2023 23:01,App Mobile,Recusada,Benguela,Jovem
TXN004514,CLI0154,Pagamento de Serviço,69211.08,2023-02-23 18:54:16,Agente Bancário,Aprovada,Lubango,Jovem
TXN001792,CLI0196,Pagamento de Electricidade,-183720.82,2023-06-26 09:07:45,Internet Banking,Aprovada,Saurimo,Corrente
TXN004108,CLI0170,Pagamento de Renda,78027.61,2023-09-04 22:27:29,ATM,Recusada,Uíge,Corrente
TXN002696,CLI0105,Compra com Cartão,33832.5,2024-02-16 08:34:53,Internet Banking,Pendente,Luanda,Corrente
TXN001364,CLI0173,Recarga de Telemóvel,208183.08,2024-12-20 11:49:50,Agente Bancário,Aprovada,Benguela,Jovem
TXN004335,CLI0194,Levantamento,34792.4,2024-01-04 19:02:22,ATM,Aprovada,Lubango,Poupança
TXN000671,CLI0033,Recarga de Telemóvel,-27093.19,2023-06-22 13:01:07,Agente Bancário,Recusada,Cabinda,Corrente
TXN004604,CLI0103,Compra com Cartão,82510.74,2023-06-02 01:03:23,Internet Banking,Pendente,Malanje,Empresarial
TXN002431,CLI0057,Recebimento de Salário,149060.48,2023-02-11 04:56:55,Agente Bancário,Aprovada,Benguela,Jovem
TXN004758,CLI0080,Recebimento de Salário,25115.1,2024-11-21 21:15:32,Agente Bancário,Recusada,Lubango,Jovem
TXN002542,CLI0018,Compra com Cartão,247917.74,2024-04-18 03:25:12,ATM,Aprovada,Kuito,Empresarial
TXN003637,CLI0117,Recebimento de Salário,-249447.96,2023-03-30 05:19:32,App Mobile,Aprovada,Sumbe,Jovem
TXN001163,CLI0168,Transferência,46078.11,2023-08-23 18:50:41,Internet Banking,Aprovada,Cabinda,Corrente
TXN004671,CLI0192,Transferência,232239.05,2024-08-16 14:58:04,Agente Bancário,Pendente,Luanda,Empresarial
TXN004507,CLI0142,Recebimento de Salário,29695.49,2023-01-08 14:07:05,Agente Bancário,Pendente,Kuito,Jovem
TXN000655,CLI0069,Pagamento de Serviço,2101.87,2023-08-28 07:24:24,Internet Banking,Pendente,Uíge,Empresarial
TXN003199,CLI0037,Pagamento de Empréstimo,226942.87,2023-04-10 13:21:04,Balcão,Pendente,Huambo,Jovem
TXN004697,CLI0002,Transferência,31522.45,2024-07-10 14:24:36,ATM,Aprovada,Saurimo,Jovem
TXN002365,CLI0094,Recebimento de Salário,38765.23,2024-09-24 01:34:13,App Mobile,Recusada,Luanda,Empresarial
TXN003941,CLI0053,Pagamento de Serviço,130541.88,2023-09-20 05:40:25,Balcão,Aprovada,Cabinda,Poupança
TXN001001,CLI0009,Recarga de Telemóvel,71020.28,2024-01-18 03:43:16,App Mobile,Recusada,Lubango,Corrente
TXN000995,CLI0185,Pagamento de Electricidade,165024.85,2024-08-29 19:08:39,Internet Banking,Aprovada,Benguela,Jovem
TXN002609,CLI0067,Pagamento de Renda,69769.91,2023-07-02 23:54:18,App Mobile,Aprovada,Lubango,Jovem
TXN004653,CLI0100,Pagamento de Empréstimo,25659.0,2023-08-05 03:10:54,Internet Banking,Pendente,Saurimo,Empresarial
TXN000530,CLI0194,Recebimento de Salário,108809.43,2023-05-25 17:55:28,App Mobile,Recusada,Lubango,Poupança
TXN000633,CLI0134,Levantamento,111274.68,2023-08-28 11:34:50,Internet Banking,Pendente,Sumbe,Jovem
TXN002228,CLI0015,Recebimento de Salário,70399.81,2023-06-23 06:01:54,App Mobile,Recusada,Kuito,Empresarial
TXN002874,CLI0068,Pagamento de Empréstimo,171778.28,2023-10-27 01:42:22,App Mobile,Recusada,Malanje,Jovem
TXN000172,CLI0045,Recarga de Telemóvel,166550.15,2023-06-23 09:26:35,Agente Bancário,,Lubango,Empresarial
TXN002197,CLI0111,Pagamento de Serviço,154807.38,2024-12-17 20:58:55,Balcão,Aprovada,Huambo,Empresarial
TXN003788,CLI0075,Recebimento de Salário,15134.26,2023-05-06 07:31:56,App Mobile,,Huambo,Jovem
TXN001871,CLI0156,Recarga de Telemóvel,140572.09,2023-06-30 04:47:53,ATM,Aprovada,Benguela,Jovem
TXN004937,cli0039,Depósito,181863.89,2024-10-23 01:25:59,Balcão,Aprovada,Kuito,Corrente
TXN000934,CLI0180,Recarga de Telemóvel,67603.05,2024-09-08 22:43:57,Agente Bancário,Pendente,Huambo,Corrente
TXN000466,CLI0083,Pagamento de Empréstimo,174642.89,2024-06-16 09:35:49,App Mobile,Aprovada,Cabinda,Empresarial
TXN004783,CLI0174,Pagamento de Renda,25221.57,2024-04-30 12:02:43,Internet Banking,Recusada,Cabinda,Poupança
TXN003993,CLI0164,Transferência,57173.58,2023-03-12 06:26:11,Internet Banking,Recusada,Cabinda,Empresarial
TXN000673,CLI0032,Compra com Cartão,207257.48,2024-05-05 04:07:45,Agente Bancário,Aprovada,Uíge,Jovem
TXN004081,CLI0058,Pagamento de Serviço,192898.67,2023-10-21 09:37:58,Internet Banking,Aprovada,Sumbe,Empresarial
TXN004411,CLI0150,Compra com Cartão,199217.42,2023-04-14 18:09:50,Internet Banking,Aprovada,Benguela,Jovem
TXN001173,CLI0062,Pagamento de Electricidade,193388.24,2024-01-22 03:14:23,Agente Bancário,Aprovada,Saurimo,Jovem
TXN000940,CLI0014,Levantamento,86852.56,2024-09-14 12:50:58,App Mobile,Aprovada,Sumbe,Jovem
TXN002057,CLI0052,Compra com Cartão,82617.09,2024-12-26 20:59:40,Agente Bancário,Pendente,Uíge,Corrente
TXN002075,CLI0027,Levantamento,7910.46,2024-06-02 02:02:21,ATM,Aprovada,Sumbe,Corrente
TXN003309,CLI0072,Pagamento de Serviço,178495.7,2024-10-26 11:26:04,Balcão,Aprovada,Lubango,Jovem
TXN000796,CLI0089,Recebimento de Salário,78637.08,2024-08-24 15:50:27,Balcão,Recusada,Uíge,Empresarial
TXN000710,CLI0110,Pagamento de Serviço,128054.34,2024-07-20 10:10:43,Agente Bancário,Aprovada,Kuito,Empresarial
TXN000519,CLI0082,Recarga de Telemóvel,29652.09,2023-07-22 06:19:11,Internet Banking,Aprovada,Uíge,Corrente
TXN003748,CLI0155,Compra com Cartão,217588.7,2023-10-15 21:33:37,Balcão,Pendente,Malanje,Corrente
TXN000027,CLI0130,Recarga de Telemóvel,117798.7,09/11/2024 08:04,Balcão,Aprovada,Uíge,Empresarial
TXN001075,CLI0030,Transferência,134466.46,2023-05-23 10:03:04,Internet Banking,Aprovada,Sumbe,Poupança
TXN004746,CLI0177,Recebimento de Salário,144774.2,2023-07-23 09:16:10,ATM,Aprovada,Lubango,Poupança
TXN003690,CLI0182,Depósito,32804.94,2023-12-19 22:58:53,App Mobile,Aprovada,Uíge,Corrente
TXN003579,cli0062,Pagamento de Empréstimo,177291.29,2023-01-03 12:06:04,App Mobile,,Saurimo,Jovem
TXN004295,cli0086,Transferência,193965.02,2024-08-17 22:24:16,Balcão,Aprovada,Huambo,Corrente
TXN003671,CLI0039,Compra com Cartão,105766.76,2024-09-04 06:00:52,App Mobile,Recusada,Kuito,Corrente
TXN002160,CLI0165,Depósito,246268.8,2023-04-19 23:57:02,Agente Bancário,Aprovada,Cabinda,Corrente
TXN002163,CLI0036,Levantamento,186875.51,2023-04-07 22:17:28,Agente Bancário,Recusada,Lubango,Poupança
TXN003668,CLI0041,Pagamento de Renda,10235.41,2024-09-18 23:18:06,ATM,Pendente,Saurimo,Corrente
TXN003456,CLI0145,Recarga de Telemóvel,116828.7,2023-04-03 23:59:04,Agente Bancário,Aprovada,Huambo,Empresarial
TXN004217,CLI0084,Compra com Cartão,104438.65,2024-10-01 10:03:46,ATM,Aprovada,Kuito,Poupança
TXN003202,CLI0184,Recarga de Telemóvel,140606.33,2024-08-13 12:39:34,ATM,Aprovada,Sumbe,Corrente
TXN000658,CLI0022,Recebimento de Salário,85866.9,2023-02-19 21:56:19,Balcão,Aprovada,Huambo,Corrente
TXN000689,CLI0178,Transferência,157577.27,2023-02-24 19:17:50,Agente Bancário,Aprovada,Saurimo,Poupança
TXN001841,CLI0063,Pagamento de Empréstimo,44820.32,2024-04-25 22:28:53,ATM,Recusada,Kuito,Corrente
TXN004254,CLI0050,Pagamento de Electricidade,12390.41,2024-09-18 15:37:51,App Mobile,Aprovada,Malanje,Corrente
TXN000391,cli0174,Compra com Cartão,86394.02,2024-12-11 19:02:03,Internet Banking,Pendente,Cabinda,Poupança
TXN001308,CLI0159,Pagamento de Serviço,198124.59,2024-04-18 14:25:34,Internet Banking,Aprovada,Uíge,Empresarial
TXN004438,CLI0021,Pagamento de Electricidade,144137.44,2024-04-05 03:23:30,Balcão,Recusada,Huambo,Corrente
TXN004793,CLI0039,Pagamento de Serviço,141467.62,2023-09-11 10:07:52,ATM,Pendente,Kuito,Corrente
TXN003879,CLI0009,Levantamento,62758.42,2024-04-23 06:16:48,ATM,Recusada,Lubango,Corrente
TXN001833,CLI0015,Transferência,135953.98,2024-07-10 10:52:51,App Mobile,Aprovada,Kuito,Empresarial
TXN000365,CLI0042,Compra com Cartão,175111.78,2024-06-21 02:44:53,Agente Bancário,Pendente,Lubango,Corrente
TXN000827,CLI0196,Recarga de Telemóvel,14145.84,2023-03-07 18:09:35,Internet Banking,Aprovada,Saurimo,Corrente
TXN001352,CLI0156,Pagamento de Empréstimo,157564.25,2024-03-05 22:44:58,Agente Bancário,Recusada,Benguela,Jovem
TXN003045,CLI0079,Transferência,5420.38,2023-10-23 15:58:09,App Mobile,Aprovada,Malanje,Poupança
TXN001227,CLI0182,Pagamento de Serviço,91370.23,2023-01-27 06:45:04,Internet Banking,Pendente,Uíge,Corrente
TXN004816,CLI0089,Pagamento de Electricidade,79363.98,2023-04-24 09:28:09,Balcão,Aprovada,Uíge,Empresarial
TXN001677,CLI0153,Depósito,98899.42,2023-07-13 12:14:51,Balcão,Pendente,Huambo,Poupança
TXN003150,CLI0087,Compra com Cartão,247910.86,2023-08-16 14:26:03,Agente Bancário,Aprovada,Uíge,Poupança
TXN003980,CLI0139,Pagamento de Empréstimo,190670.14,2023-11-28 00:55:10,Balcão,Pendente,Kuito,Poupança
TXN003129,CLI0082,Depósito,80317.55,2024-01-25 18:14:27,Agente Bancário,Aprovada,Uíge,Corrente
TXN002559,CLI0164,Pagamento de Serviço,-160658.7,2023-01-20 20:06:41,App Mobile,Pendente,Cabinda,Empresarial
TXN000800,CLI0106,Pagamento de Renda,60510.6,2024-02-14 18:58:13,Balcão,Recusada,Saurimo,Empresarial
TXN002116,CLI0112,Pagamento de Empréstimo,196961.81,2023-04-25 10:41:46,Balcão,Aprovada,Luanda,Empresarial
TXN002446,CLI0159,Transferência,22356.55,2024-10-26 18:13:03,App Mobile,Aprovada,Uíge,Empresarial
TXN001886,CLI0131,Recarga de Telemóvel,218632.44,2023-10-01 14:56:27,ATM,Aprovada,Sumbe,Empresarial
TXN001790,CLI0121,Pagamento de Serviço,186242.77,2023-09-07 06:58:18,Agente Bancário,Aprovada,Lubango,Empresarial
TXN002238,CLI0080,Pagamento de Electricidade,168302.57,2024-01-05 21:24:52,Balcão,Aprovada,Lubango,Jovem
TXN001375,CLI0175,Levantamento,212854.97,2023-08-09 20:54:35,App Mobile,Aprovada,Cabinda,Empresarial
TXN000687,CLI0026,Depósito,35846.0,2023-05-27 01:56:49,ATM,Aprovada,Lubango,Empresarial
TXN003546,CLI0191,Pagamento de Serviço,122773.58,2023-07-10 05:19:15,Balcão,Recusada,Benguela,Corrente
TXN002983,CLI0014,Pagamento de Renda,114929.79,2023-06-03 04:26:38,Balcão,Aprovada,Sumbe,Jovem
TXN004745,CLI0023,Depósito,107977.71,2024-01-26 10:18:39,Internet Banking,Aprovada,Malanje,Poupança
TXN004674,CLI0192,Depósito,239599.36,2023-08-18 20:15:45,Agente Bancário,Aprovada,Luanda,Empresarial
TXN003498,CLI0026,Depósito,185751.49,2023-09-11 15:01:25,Internet Banking,Aprovada,Lubango,Empresarial
TXN002803,CLI0135,Recebimento de Salário,204908.55,26/08/2024 18:37,Balcão,Aprovada,Malanje,Jovem
TXN000298,CLI0045,Compra com Cartão,127855.91,2024-06-06 21:13:26,App Mobile,Aprovada,Lubango,Empresarial
TXN003286,CLI0142,Transferência,39575.23,2023-05-19 01:55:52,App Mobile,Recusada,Kuito,Jovem
TXN003990,CLI0081,Recarga de Telemóvel,47668.44,2023-08-16 12:19:11,Balcão,Recusada,Uíge,Empresarial
TXN004404,CLI0195,Transferência,10098.9,2023-02-19 23:38:55,Balcão,Aprovada,Cabinda,Corrente
TXN000432,CLI0108,Pagamento de Serviço,27978.15,2024-08-28 01:09:06,App Mobile,Aprovada,Lubango,Corrente
TXN001751,CLI0185,Depósito,134999.18,2024-08-21 01:40:22,ATM,Pendente,Benguela,Jovem
TXN001269,CLI0087,PAGAMENTO DE EMPRÉSTIMO,83690.58,2024-02-18 14:15:29,Internet Banking,Aprovada,Uíge,Poupança
TXN001258,CLI0060,Pagamento de Serviço,171175.01,2023-02-26 01:53:29,Balcão,Pendente,Kuito,Jovem
TXN002742,CLI0192,Levantamento,142266.99,2024-04-16 22:12:51,Agente Bancário,Aprovada,Luanda,Empresarial
TXN000890,CLI0073,Transferência,22633.57,2024-11-11 07:17:14,ATM,Pendente,Saurimo,Poupança
TXN002710,CLI0049,Pagamento de Serviço,158247.81,2023-04-07 03:36:15,ATM,Pendente,Saurimo,Poupança
TXN003457,CLI0072,Transferência,208652.14,2023-07-25 20:59:48,Internet Banking,Aprovada,Lubango,Jovem
TXN002665,CLI0037,Pagamento de Empréstimo,68949.74,2024-07-30 20:49:45,Agente Bancário,Aprovada,Huambo,Jovem
TXN002474,CLI0157,Pagamento de Empréstimo,-76081.28,2023-08-24 03:35:48,Agente Bancário,Aprovada,Malanje,Jovem
TXN001811,CLI0057,Pagamento de Electricidade,189179.9,2023-11-05 21:38:16,Balcão,Pendente,Benguela,Jovem
TXN001771,CLI0022,Transferência,177204.15,2023-04-03 00:19:35,ATM,Aprovada,Huambo,Corrente
TXN001346,CLI0110,Recebimento de Salário,175177.83,2024-01-07 12:33:15,Balcão,Aprovada,Kuito,Empresarial
TXN003386,CLI0153,Depósito,98562.61,2023-11-03 06:48:27,Internet Banking,Aprovada,Huambo,Poupança
TXN002996,CLI0098,Pagamento de Renda,198589.94,2024-09-23 02:25:59,App Mobile,Aprovada,Sumbe,Corrente
TXN004384,CLI0038,Levantamento,216973.9,2023-01-16 08:21:54,Balcão,Aprovada,Uíge,Jovem
TXN002034,CLI0077,Compra com Cartão,198366.29,2023-11-29 14:10:00,Agente Bancário,Aprovada,Huambo,Jovem
TXN004207,CLI0003,Compra com Cartão,22062.2,2024-11-08 13:18:27,Agente Bancário,Aprovada,Saurimo,Corrente
TXN001641,CLI0129,Pagamento de Renda,120370.16,2024-02-12 07:50:56,Internet Banking,Pendente,Saurimo,Jovem
TXN000831,CLI0048,Pagamento de Serviço,153383.63,2024-09-30 05:20:44,Agente Bancário,Aprovada,Malanje,Corrente
TXN002855,CLI0164,Depósito,240115.38,2023-08-08 17:58:03,Balcão,Aprovada,Cabinda,Empresarial
TXN001849,CLI0049,Transferência,10773.5,2023-05-22 22:44:47,App Mobile,Pendente,Saurimo,Poupança
TXN002921,CLI0003,Pagamento de Serviço,171572.19,2023-08-04 01:50:44,Agente Bancário,Pendente,Saurimo,Corrente
TXN003753,CLI0098,Transferência,130631.03,2023-09-27 18:07:19,App Mobile,Pendente,Sumbe,Corrente
TXN000144,CLI0022,Compra com Cartão,51197.77,2024-12-16 07:17:01,Balcão,Recusada,Huambo,Corrente
TXN002241,CLI0066,Pagamento de Renda,233797.05,2024-12-03 15:02:02,Internet Banking,Aprovada,Malanje,Jovem
TXN003953,CLI0001,Pagamento de Serviço,183539.32,2024-04-07 05:29:30,Balcão,Recusada,Malanje,Poupança
TXN004908,cli0105,Pagamento de Serviço,51402.97,2024-07-28 11:26:29,App Mobile,Pendente,Luanda,Corrente
TXN001487,CLI0094,Depósito,45562.22,2023-11-30 00:33:35,App Mobile,Recusada,Luanda,Empresarial
TXN000784,CLI0146,Pagamento de Electricidade,248438.02,2023-09-24 06:26:59,Balcão,Aprovada,Sumbe,Corrente
TXN002895,CLI0079,Recarga de Telemóvel,79357.69,2024-08-28 02:41:28,Agente Bancário,Aprovada,Malanje,Poupança
TXN003251,CLI0171,Recarga de Telemóvel,190928.21,2023-04-15 16:21:52,Agente Bancário,Recusada,Benguela,Corrente
TXN004477,CLI0119,Levantamento,147887.66,2024-03-22 18:55:04,ATM,Aprovada,Lubango,Empresarial
TXN002215,CLI0023,Pagamento de Renda,150258.05,2023-10-23 10:42:55,ATM,Pendente,Malanje,Poupança
TXN003042,CLI0115,Pagamento de Empréstimo,246444.7,2023-05-19 14:15:18,Internet Banking,Recusada,Saurimo,Corrente
TXN003512,CLI0090,Levantamento,59897.46,2023-04-26 13:58:54,App Mobile,Recusada,Cabinda,Poupança
TXN000259,CLI0104,Pagamento de Electricidade,65523.77,2024-03-04 10:27:26,ATM,Aprovada,Uíge,Jovem
TXN002136,CLI0018,Pagamento de Empréstimo,106617.94,2024-12-22 14:23:04,Agente Bancário,,Kuito,Empresarial
TXN000579,CLI0162,Pagamento de Serviço,11848.44,2023-08-07 12:01:21,Agente Bancário,Recusada,Luanda,Empresarial
TXN000933,CLI0044,Depósito,134718.22,2023-05-01 22:32:13,Agente Bancário,Aprovada,Benguela,Corrente
TXN002123,CLI0109,Pagamento de Renda,236775.66,2023-01-18 19:39:01,Agente Bancário,Aprovada,Huambo,Poupança
TXN002919,CLI0141,Pagamento de Renda,31410.58,2024-01-27 14:36:41,App Mobile,Aprovada,Malanje,Jovem
TXN000047,CLI0188,Pagamento de Empréstimo,92949.78,2024-08-13 19:49:23,Internet Banking,Aprovada,Benguela,Poupança
TXN003739,CLI0013,Recebimento de Salário,240358.81,2024-11-24 06:08:01,Agente Bancário,Aprovada,Benguela,Poupança
TXN004853,CLI0087,Pagamento de Serviço,135960.15,2023-07-20 21:23:54,Balcão,Recusada,Uíge,Poupança
TXN002420,CLI0124,Transferência,87924.19,2023-04-11 07:05:37,Balcão,Recusada,Luanda,Poupança
TXN001411,CLI0126,Transferência,136320.97,2023-02-03 02:33:30,Internet Banking,Recusada,Sumbe,Jovem
TXN004184,cli0163,Pagamento de Empréstimo,149494.5,2023-12-07 08:22:33,App Mobile,Pendente,Malanje,Empresarial
TXN003106,CLI0200,Transferência,203747.1,2024-07-24 10:22:05,App Mobile,Aprovada,Malanje,Empresarial
TXN000921,CLI0090,Transferência,116785.93,2024-10-26 09:17:44,Balcão,Aprovada,Cabinda,Poupança
TXN002127,CLI0136,Depósito,237938.83,2023-06-18 08:16:22,Agente Bancário,Aprovada,Huambo,Empresarial
TXN002779,CLI0199,Transferência,164338.42,2023-03-16 00:10:52,Internet Banking,Aprovada,Kuito,Poupança
TXN000798,CLI0023,Pagamento de Serviço,233560.53,2023-01-04 20:06:48,App Mobile,Recusada,Malanje,Poupança
TXN000670,CLI0098,Pagamento de Electricidade,147719.92,2023-02-18 01:37:07,Balcão,Aprovada,Sumbe,Corrente
TXN000285,CLI0199,Pagamento de Renda,7324.0,2024-10-31 13:16:43,Internet Banking,Recusada,Kuito,Poupança
TXN004196,CLI0060,Levantamento,53343.21,2024-09-10 17:16:27,App Mobile,Pendente,Kuito,Jovem
TXN001514,CLI0195,Depósito,84646.52,2023-03-28 05:04:27,Balcão,Aprovada,Cabinda,Corrente
TXN002453,CLI0013,Pagamento de Serviço,207848.97,2024-01-13 04:05:39,Agente Bancário,Aprovada,Benguela,Poupança
TXN001998,CLI0166,Pagamento de Empréstimo,134170.66,2023-11-08 03:39:25,Balcão,Aprovada,Uíge,Empresarial
TXN001881,CLI0086,Recarga de Telemóvel,45071.35,2023-03-05 02:06:22,Internet Banking,Aprovada,Huambo,Corrente
TXN003278,cli0039,Transferência,191070.01,2023-02-28 23:51:29,Agente Bancário,Aprovada,Kuito,Corrente
TXN003431,CLI0053,Pagamento de Electricidade,110854.14,2024-09-04 09:30:30,Agente Bancário,Pendente,Cabinda,Poupança
TXN003257,CLI0027,Levantamento,119342.65,2023-12-03 03:36:55,App Mobile,Pendente,Sumbe,Corrente
TXN000892,CLI0077,Pagamento de Serviço,122810.38,2024-01-12 18:10:22,App Mobile,Pendente,Huambo,Jovem
TXN003227,CLI0200,Compra com Cartão,186297.85,2024-10-24 02:57:13,ATM,Pendente,Malanje,Empresarial
TXN004304,CLI0042,Depósito,22906.25,2024-09-23 23:25:27,Agente Bancário,Aprovada,Lubango,Corrente
TXN004125,CLI0050,Recebimento de Salário,129146.52,2024-02-01 08:32:27,Internet Banking,Recusada,Malanje,Corrente
TXN000727,CLI0084,Compra com Cartão,202029.37,2024-05-04 04:20:06,ATM,Recusada,Kuito,Poupança
TXN001713,CLI0001,Pagamento de Electricidade,134376.97,2024-01-28 18:07:00,ATM,Aprovada,Malanje,Poupança
TXN001280,CLI0157,Pagamento de Renda,151767.19,2023-07-22 03:00:50,App Mobile,Aprovada,Malanje,Jovem
TXN002553,CLI0071,Pagamento de Empréstimo,160821.27,2024-11-30 13:25:37,Internet Banking,Pendente,Lubango,Empresarial
TXN004427,CLI0003,Pagamento de Serviço,58108.43,2023-05-12 20:57:15,Internet Banking,Aprovada,Saurimo,Corrente
TXN004756,CLI0021,Levantamento,40835.4,2024-03-19 06:57:56,ATM,Pendente,Huambo,Corrente
TXN001556,CLI0052,Pagamento de Empréstimo,141297.26,2023-10-15 22:41:59,ATM,Aprovada,Uíge,Corrente
TXN004075,CLI0181,Recarga de Telemóvel,221712.84,2023-03-30 08:50:25,Agente Bancário,Aprovada,Lubango,Empresarial
TXN004080,CLI0091,Pagamento de Serviço,11141.14,2024-02-18 09:42:10,Agente Bancário,Aprovada,Lubango,Corrente
TXN003194,CLI0155,Levantamento,206898.67,2024-11-22 13:06:43,Agente Bancário,Pendente,Malanje,Corrente
TXN004563,CLI0144,Pagamento de Electricidade,16417.22,2023-09-11 05:48:08,ATM,Aprovada,Sumbe,Jovem
TXN002029,CLI0123,DEPÓSITO,64395.59,2023-02-28 13:19:54,Balcão,Aprovada,Kuito,Poupança
TXN004754,CLI0082,Pagamento de Renda,156843.88,03/01/2024 22:52,App Mobile,Aprovada,Uíge,Corrente
TXN002583,CLI0176,Levantamento,-109667.94,2023-04-03 20:07:58,Internet Banking,Aprovada,Benguela,Poupança
TXN002407,cli0066,Transferência,226176.31,2023-08-30 13:47:58,App Mobile,Aprovada,Malanje,Jovem
TXN002537,CLI0085,Pagamento de Empréstimo,174230.38,2023-07-09 22:35:52,ATM,Pendente,Uíge,Empresarial
TXN001802,CLI0015,Pagamento de Renda,116111.66,2024-11-15 22:36:44,Agente Bancário,Recusada,Kuito,Empresarial
TXN000936,CLI0003,Transferência,84499.62,2023-09-17 23:29:34,Internet Banking,Aprovada,Saurimo,Corrente
TXN002631,CLI0074,Recebimento de Salário,98048.06,14/02/2024 19:59,Internet Banking,Aprovada,Huambo,Corrente
TXN003930,CLI0023,Recebimento de Salário,181423.43,2023-06-24 09:58:58,Internet Banking,Aprovada,Malanje,Poupança
TXN000581,cli0070,Pagamento de Serviço,115219.94,2023-06-13 14:18:50,,Aprovada,Huambo,Corrente
TXN004978,CLI0077,Depósito,209094.07,2024-03-25 05:11:13,Agente Bancário,Pendente,Huambo,Jovem
TXN003075,CLI0162,Pagamento de Serviço,88525.37,2024-06-10 16:56:57,Agente Bancário,Aprovada,Luanda,Empresarial
TXN004160,CLI0112,RECARGA DE TELEMÓVEL,83174.01,2023-04-29 09:01:33,ATM,Aprovada,Luanda,Empresarial
TXN002776,CLI0065,Pagamento de Empréstimo,184186.07,2024-03-06 07:39:40,App Mobile,Aprovada,Benguela,Empresarial
TXN003335,CLI0189,Pagamento de Empréstimo,91360.44,2023-01-07 12:33:52,App Mobile,Aprovada,Sumbe,Jovem
TXN001547,CLI0200,Compra com Cartão,110523.33,2023-01-29 02:24:07,App Mobile,Pendente,Malanje,Empresarial
TXN004640,CLI0137,Pagamento de Serviço,224590.91,2024-06-04 00:16:09,App Mobile,Aprovada,Benguela,Jovem
TXN003404,CLI0092,Transferência,153310.34,2024-02-14 10:53:12,Agente Bancário,Aprovada,Benguela,Poupança
TXN003094,CLI0073,Levantamento,102999.23,2024-08-04 10:15:12,App Mobile,Aprovada,Saurimo,Poupança
TXN003301,CLI0026,Recebimento de Salário,131048.32,2023-12-31 23:12:17,ATM,Aprovada,Lubango,Empresarial
TXN001625,CLI0179,Pagamento de Empréstimo,229594.19,2024-09-19 01:57:12,Agente Bancário,Aprovada,Luanda,Empresarial
TXN001966,CLI0034,Compra com Cartão,103973.43,2023-02-25 08:57:45,Balcão,Aprovada,Huambo,Empresarial
TXN003370,CLI0197,RECARGA DE TELEMÓVEL,126621.77,2024-10-08 09:03:16,Internet Banking,Recusada,Malanje,Empresarial
TXN002572,CLI0156,Depósito,229043.99,2024-12-29 23:51:34,Internet Banking,Pendente,Benguela,Jovem
TXN000795,CLI0104,Depósito,-84678.77,2023-01-31 09:15:15,Agente Bancário,Recusada,Uíge,Jovem
TXN001027,CLI0136,Transferência,170259.03,2023-03-19 18:42:32,App Mobile,Aprovada,Huambo,Empresarial
TXN004555,CLI0183,Transferência,52078.82,2023-05-10 04:34:17,Internet Banking,Aprovada,Saurimo,Corrente
TXN004973,CLI0065,Depósito,115718.79,2024-10-11 01:50:21,Balcão,Aprovada,Benguela,Empresarial
TXN002941,CLI0149,Pagamento de Serviço,213752.81,2023-08-09 23:38:47,Agente Bancário,Aprovada,Saurimo,Corrente
TXN004834,CLI0135,Pagamento de Empréstimo,179344.83,2024-07-23 06:41:15,Internet Banking,Aprovada,Malanje,Jovem
TXN003056,cli0171,Compra com Cartão,162650.93,2023-12-27 21:52:42,Balcão,Pendente,Benguela,Corrente
TXN002472,CLI0198,Recarga de Telemóvel,103498.03,2023-02-23 22:38:12,Balcão,Aprovada,Uíge,Corrente
TXN004511,CLI0103,Pagamento de Electricidade,234472.06,2023-06-12 00:45:47,Agente Bancário,Aprovada,Malanje,Empresarial
TXN003921,CLI0182,Pagamento de Electricidade,177999.53,2024-09-05 12:50:37,Internet Banking,Aprovada,Uíge,Corrente
TXN001853,CLI0081,Pagamento de Renda,98008.3,12/03/2023 23:15,App Mobile,Aprovada,Uíge,Empresarial
TXN001538,CLI0072,Pagamento de Serviço,131462.71,2024-10-30 04:18:07,ATM,Pendente,Lubango,Jovem
TXN000387,CLI0124,Recebimento de Salário,203571.97,2023-06-11 17:50:25,Balcão,Aprovada,Luanda,Poupança
TXN001089,CLI0160,Recebimento de Salário,84751.95,2023-06-18 16:29:38,Balcão,Aprovada,Sumbe,Empresarial
TXN002304,CLI0165,Pagamento de Empréstimo,13966.47,2024-10-21 10:02:20,App Mobile,Aprovada,Cabinda,Corrente
TXN004979,CLI0128,Recebimento de Salário,54767.44,2023-01-12 15:55:00,App Mobile,Recusada,Luanda,Poupança
TXN001232,CLI0157,Pagamento de Serviço,10336.6,2024-09-13 14:17:24,Internet Banking,Pendente,Malanje,Jovem
TXN000101,CLI0199,Pagamento de Empréstimo,195995.26,2023-08-01 07:11:06,Balcão,Pendente,Kuito,Poupança
TXN002502,CLI0166,Pagamento de Empréstimo,211815.28,2023-01-04 19:23:26,App Mobile,Aprovada,Uíge,Empresarial
TXN000275,CLI0053,Pagamento de Empréstimo,39117.26,2023-03-24 18:51:18,Internet Banking,Aprovada,Cabinda,Poupança
TXN000370,CLI0054,PAGAMENTO DE ELECTRICIDADE,83781.17,2023-02-05 08:02:09,Internet Banking,Aprovada,Cabinda,Poupança
TXN001313,CLI0015,Recarga de Telemóvel,99758.66,2023-10-31 09:07:13,ATM,Aprovada,Kuito,Empresarial
TXN000676,CLI0025,Transferência,201365.41,2024-11-03 12:42:54,App Mobile,Recusada,Sumbe,Poupança
TXN001495,CLI0103,Pagamento de Serviço,237684.47,2023-08-02 16:24:11,App Mobile,Aprovada,Malanje,Empresarial
TXN001333,CLI0162,Recarga de Telemóvel,160697.27,2023-12-11 07:57:53,ATM,Recusada,Luanda,Empresarial
TXN001151,CLI0147,Transferência,20894.98,2023-11-04 20:30:10,ATM,,Malanje,Empresarial
TXN002745,CLI0143,Pagamento de Empréstimo,227988.7,2024-12-14 08:23:08,Balcão,Aprovada,Uíge,Poupança
TXN004023,CLI0075,Depósito,19065.35,2023-08-21 11:15:03,Balcão,Aprovada,Huambo,Jovem
TXN004048,CLI0003,Compra com Cartão,87266.86,2023-09-04 16:26:11,Internet Banking,Aprovada,Saurimo,Corrente
TXN004325,CLI0087,Pagamento de Serviço,143972.36,2024-10-05 05:28:14,Internet Banking,Aprovada,Uíge,Poupança
TXN002782,CLI0059,Pagamento de Serviço,145366.79,2024-09-02 02:36:48,ATM,Aprovada,Lubango,Jovem
TXN000078,CLI0058,Depósito,168538.21,2023-12-26 15:01:05,Balcão,Aprovada,Sumbe,Empresarial
TXN003907,CLI0021,Recarga de Telemóvel,603.86,2024-06-06 11:14:38,Agente Bancário,Pendente,Huambo,Corrente
TXN001800,CLI0178,Pagamento de Empréstimo,2003.6,2023-07-21 17:18:45,App Mobile,Aprovada,Saurimo,Poupança
TXN004587,CLI0119,Pagamento de Empréstimo,139527.55,2023-02-02 05:27:27,Agente Bancário,Aprovada,Lubango,Empresarial
TXN004032,CLI0029,Depósito,102914.68,2024-07-27 21:25:45,App Mobile,Aprovada,Benguela,Corrente
TXN002088,CLI0173,TRANSFERÊNCIA,225288.06,2023-04-20 09:25:18,ATM,Pendente,Benguela,Jovem
TXN004243,CLI0020,TRANSFERÊNCIA,132397.67,2024-09-05 04:07:58,Balcão,Aprovada,Huambo,Jovem
TXN001885,CLI0193,Levantamento,92120.58,2024-09-05 10:25:58,Agente Bancário,Aprovada,Luanda,Empresarial
TXN001577,CLI0052,Pagamento de Empréstimo,36714.58,2023-04-12 18:28:00,Internet Banking,Aprovada,Uíge,Corrente
TXN000061,CLI0102,Pagamento de Empréstimo,72263.77,2023-02-02 16:10:34,ATM,Aprovada,Sumbe,Empresarial
TXN003241,CLI0063,Recebimento de Salário,143647.51,2024-09-29 03:09:02,Agente Bancário,Aprovada,Kuito,Corrente
TXN002143,CLI0170,Pagamento de Renda,154951.37,2024-08-11 06:47:47,Internet Banking,Aprovada,Uíge,Corrente
TXN003654,CLI0136,Depósito,50711.22,2023-04-25 08:38:21,Agente Bancário,Recusada,Huambo,Empresarial
TXN003665,CLI0062,PAGAMENTO DE RENDA,183870.73,2023-11-21 21:05:05,Balcão,Aprovada,Saurimo,Jovem
TXN001491,CLI0020,Levantamento,208779.03,2024-09-11 05:31:51,Agente Bancário,Pendente,Huambo,Jovem
TXN001510,CLI0011,Pagamento de Renda,166687.56,2023-01-22 09:41:14,App Mobile,Pendente,Huambo,Poupança
TXN000216,CLI0147,Pagamento de Renda,128170.48,2024-08-28 11:25:19,ATM,Aprovada,Malanje,Empresarial
TXN002758,CLI0075,Pagamento de Electricidade,214918.98,2024-12-23 06:49:45,App Mobile,Aprovada,Huambo,Jovem
TXN001812,CLI0084,Levantamento,151375.46,2024-07-27 08:18:05,Agente Bancário,Aprovada,Kuito,Poupança
TXN002724,CLI0100,Pagamento de Renda,206794.01,2024-07-01 04:24:02,ATM,Pendente,Saurimo,Empresarial
TXN004926,CLI0155,Pagamento de Electricidade,11826.62,2023-03-04 23:29:31,Agente Bancário,Aprovada,Malanje,Corrente
TXN001359,CLI0048,Pagamento de Serviço,184970.45,2024-02-18 18:18:20,ATM,Pendente,Malanje,Corrente
TXN001588,CLI0122,Pagamento de Serviço,122892.1,2023-11-28 03:58:19,Balcão,Aprovada,Lubango,Empresarial
TXN004176,CLI0117,Transferência,228419.33,2023-02-16 15:01:01,ATM,Recusada,Sumbe,Jovem
TXN004262,cli0014,Pagamento de Electricidade,189387.22,2023-03-10 09:11:56,ATM,Aprovada,Sumbe,Jovem
TXN003436,CLI0198,Transferência,143589.38,2024-07-17 03:49:30,Balcão,Aprovada,Uíge,Corrente
TXN004273,CLI0082,Pagamento de Serviço,67972.75,2023-08-29 11:31:46,App Mobile,Aprovada,Uíge,Corrente
TXN002552,CLI0146,Depósito,124362.14,2023-07-04 05:57:02,Balcão,Aprovada,Sumbe,Corrente
TXN001029,CLI0035,Compra com Cartão,177231.09,2023-07-15 05:06:59,Balcão,Aprovada,Benguela,Corrente
TXN004707,CLI0036,Recarga de Telemóvel,96128.85,2023-06-13 06:38:36,App Mobile,Aprovada,Lubango,Poupança
TXN002115,CLI0060,Pagamento de Empréstimo,146284.54,2023-12-09 10:01:59,Balcão,Recusada,Kuito,Jovem
TXN001727,CLI0086,Pagamento de Electricidade,115618.02,2024-09-12 05:40:45,Balcão,Aprovada,Huambo,Corrente
TXN002766,CLI0015,Pagamento de Empréstimo,90315.14,2024-05-01 04:19:09,ATM,Aprovada,Kuito,Empresarial
TXN001953,CLI0056,Pagamento de Electricidade,187266.12,2024-01-12 05:58:06,Agente Bancário,Pendente,Huambo,Empresarial
TXN003770,CLI0058,Levantamento,230597.62,2024-06-15 05:43:46,Agente Bancário,Aprovada,Sumbe,Empresarial
TXN004790,CLI0182,Compra com Cartão,35429.5,2023-03-25 23:54:18,Agente Bancário,Pendente,Uíge,Corrente
TXN001518,CLI0001,Compra com Cartão,8342.46,2024-12-29 07:45:55,App Mobile,Aprovada,Malanje,Poupança
TXN002209,CLI0134,Pagamento de Serviço,153422.99,2024-03-07 01:02:48,Agente Bancário,Aprovada,Sumbe,Jovem
TXN002834,CLI0191,Pagamento de Electricidade,248964.12,2023-06-05 06:27:41,,Aprovada,Benguela,Corrente
TXN003641,CLI0142,Recarga de Telemóvel,245083.78,2024-08-13 21:46:02,Internet Banking,Pendente,Kuito,Jovem
TXN002718,CLI0167,Recarga de Telemóvel,191969.58,2024-06-05 06:06:23,Internet Banking,Pendente,Benguela,Jovem
TXN001369,CLI0034,Pagamento de Renda,32879.08,2023-10-08 09:16:40,Balcão,Aprovada,Huambo,Empresarial
TXN002235,CLI0023,Pagamento de Electricidade,172590.5,2024-10-24 12:03:30,ATM,Recusada,Malanje,Poupança
TXN004251,CLI0180,Pagamento de Empréstimo,217926.8,2023-03-25 22:35:41,Agente Bancário,Recusada,Huambo,Corrente
TXN000159,CLI0084,Transferência,242115.8,2023-07-12 19:08:00,Balcão,Pendente,Kuito,Poupança
TXN004752,CLI0013,Pagamento de Renda,202593.01,2024-05-01 11:15:31,Agente Bancário,Pendente,Benguela,Poupança
TXN004014,CLI0199,Depósito,48075.02,2023-03-16 23:03:57,Balcão,Aprovada,Kuito,Poupança
TXN001638,CLI0165,Levantamento,237464.33,2023-03-15 07:01:13,ATM,Aprovada,Cabinda,Corrente
TXN004622,CLI0062,Pagamento de Electricidade,185479.18,2024-08-15 17:11:06,Agente Bancário,Aprovada,Saurimo,Jovem
TXN002267,CLI0109,Depósito,165715.5,2024-01-17 16:15:45,Balcão,Aprovada,Huambo,Poupança
TXN001709,CLI0179,Pagamento de Renda,51582.06,2024-11-23 13:26:33,App Mobile,Pendente,Luanda,Empresarial
TXN003407,CLI0123,Pagamento de Empréstimo,204796.79,2023-08-30 04:07:19,Internet Banking,Pendente,Kuito,Poupança
TXN000122,CLI0178,Transferência,72564.28,2024-01-16 07:35:20,Agente Bancário,Aprovada,Saurimo,Poupança
TXN001576,CLI0144,Transferência,198542.08,2024-06-01 11:15:10,Balcão,Aprovada,Sumbe,Jovem
TXN000064,CLI0122,Pagamento de Renda,71711.13,2023-09-07 10:59:59,ATM,Aprovada,Lubango,Empresarial
TXN000536,CLI0168,Pagamento de Renda,217260.74,2023-11-11 15:27:16,Internet Banking,Pendente,Cabinda,Corrente
TXN001178,CLI0106,Compra com Cartão,167586.31,2023-11-26 05:06:05,App Mobile,Recusada,Saurimo,Empresarial
TXN002435,CLI0176,Recebimento de Salário,233592.69,2024-09-11 05:49:26,Internet Banking,Aprovada,Benguela,Poupança
TXN004005,CLI0086,Pagamento de Empréstimo,127525.16,2023-07-06 07:20:20,App Mobile,Aprovada,Huambo,Corrente
TXN003605,CLI0163,Depósito,165301.95,2023-03-17 21:23:01,Balcão,Aprovada,Malanje,Empresarial
TXN003323,CLI0066,Depósito,238545.73,2023-10-20 20:10:26,ATM,Aprovada,Malanje,Jovem
TXN000314,CLI0080,Pagamento de Empréstimo,11025.39,2024-07-19 15:19:23,ATM,Pendente,Lubango,Jovem
TXN001007,cli0042,Recebimento de Salário,230009.63,2024-12-28 05:56:21,App Mobile,Aprovada,Lubango,Corrente
TXN002875,CLI0096,Pagamento de Renda,169411.84,2024-03-12 05:24:05,Agente Bancário,Aprovada,Malanje,Corrente
TXN002221,CLI0199,Pagamento de Renda,93377.69,2023-01-20 14:52:10,Agente Bancário,Aprovada,Kuito,Poupança
TXN002085,CLI0194,Compra com Cartão,11286.21,2024-11-25 03:24:02,App Mobile,Aprovada,Lubango,Poupança
TXN002325,CLI0161,Recarga de Telemóvel,172347.26,2023-10-23 03:40:23,Internet Banking,Aprovada,Lubango,Empresarial
TXN001573,CLI0057,Pagamento de Empréstimo,106095.1,2023-06-26 00:49:23,ATM,Aprovada,Benguela,Jovem
TXN003676,CLI0181,Compra com Cartão,36841.8,2023-11-15 18:45:25,Agente Bancário,Aprovada,Lubango,Empresarial
TXN004565,CLI0049,Recebimento de Salário,87090.59,2023-11-25 21:09:48,Internet Banking,Aprovada,Saurimo,Poupança
TXN002751,CLI0127,Pagamento de Electricidade,197113.6,2023-11-30 08:42:02,ATM,Aprovada,Malanje,Corrente
TXN001037,CLI0150,Pagamento de Renda,166574.31,2023-12-03 22:00:12,ATM,Recusada,Benguela,Jovem
TXN003973,CLI0040,Compra com Cartão,161557.64,27/04/2024 02:16,ATM,Aprovada,Kuito,Poupança
TXN003554,CLI0067,Depósito,230343.77,2024-11-25 00:58:12,App Mobile,Aprovada,Lubango,Jovem
TXN003470,CLI0182,Pagamento de Electricidade,57862.49,2023-09-14 13:52:27,Balcão,Pendente,Uíge,Corrente
TXN004954,CLI0188,Pagamento de Empréstimo,190008.85,2024-11-27 09:45:09,Internet Banking,Aprovada,Benguela,Poupança
TXN004539,CLI0114,Depósito,72737.62,2024-01-29 14:36:36,ATM,Aprovada,Malanje,Jovem
TXN000785,CLI0050,Pagamento de Electricidade,129739.73,2023-01-18 21:27:45,Balcão,Recusada,Malanje,Corrente
TXN001062,CLI0046,Pagamento de Renda,203683.19,2023-04-26 14:45:37,ATM,Recusada,Malanje,Poupança
TXN000048,CLI0075,Recebimento de Salário,240690.12,2023-07-12 20:05:36,Agente Bancário,Aprovada,Huambo,Jovem
TXN003104,CLI0111,Depósito,52985.22,2023-08-29 05:42:34,Agente Bancário,Pendente,Huambo,Empresarial
TXN003961,CLI0153,Compra com Cartão,102520.43,2024-03-09 21:10:20,ATM,Pendente,Huambo,Poupança
TXN003634,CLI0145,Pagamento de Serviço,107933.53,2023-08-03 21:11:23,,Aprovada,Huambo,Empresarial
TXN001324,CLI0114,Transferência,235786.36,2024-03-12 06:05:41,ATM,Aprovada,Malanje,Jovem
TXN001083,CLI0019,Depósito,96820.66,2024-05-15 19:45:34,Internet Banking,Recusada,Kuito,Empresarial
TXN004800,CLI0123,Pagamento de Empréstimo,64911.98,2023-08-04 13:27:04,Agente Bancário,,Kuito,Poupança
TXN000444,CLI0058,Pagamento de Empréstimo,170216.57,2024-01-27 03:09:00,App Mobile,Aprovada,Sumbe,Empresarial
TXN002469,CLI0106,Recebimento de Salário,124384.42,2024-04-25 22:40:23,ATM,Recusada,Saurimo,Empresarial
TXN004389,CLI0107,Pagamento de Renda,204250.33,2024-09-02 09:13:40,Internet Banking,Pendente,Kuito,Empresarial
TXN002698,CLI0181,Recebimento de Salário,9627.82,2023-05-08 13:18:29,Agente Bancário,Aprovada,Lubango,Empresarial
TXN002270,CLI0019,Pagamento de Renda,224927.41,2023-05-11 08:21:57,Agente Bancário,Recusada,Kuito,Empresarial
TXN004244,CLI0153,Recebimento de Salário,13629.66,2024-10-25 08:36:13,Internet Banking,Aprovada,Huambo,Poupança
TXN002841,CLI0115,Pagamento de Serviço,189243.55,2023-12-11 10:47:13,Agente Bancário,Aprovada,Saurimo,Corrente
TXN002050,CLI0099,Compra com Cartão,155295.26,2023-03-10 16:28:36,Agente Bancário,Aprovada,Huambo,Empresarial
TXN004358,cli0179,Pagamento de Renda,76380.94,2024-01-18 22:23:12,Internet Banking,Aprovada,Luanda,Empresarial
TXN003610,CLI0125,Pagamento de Electricidade,211912.92,2023-02-08 14:12:10,Internet Banking,Aprovada,Sumbe,Empresarial
TXN000185,CLI0159,Transferência,237290.84,2023-05-15 06:41:51,Balcão,Aprovada,Uíge,Empresarial
TXN001096,CLI0093,Pagamento de Renda,-112109.69,2023-05-22 05:37:30,Agente Bancário,Recusada,Saurimo,Corrente
TXN003839,CLI0180,Levantamento,200383.02,2024-09-15 16:42:45,Internet Banking,Aprovada,Huambo,Corrente
TXN000069,CLI0123,Pagamento de Empréstimo,96201.81,2023-07-22 13:23:23,ATM,Aprovada,Kuito,Poupança
TXN004529,CLI0104,Recarga de Telemóvel,133103.24,2024-08-13 15:06:43,Internet Banking,Aprovada,Uíge,Jovem
TXN002306,CLI0190,Recebimento de Salário,76703.98,2024-09-13 13:11:00,ATM,Pendente,Malanje,Empresarial
TXN001917,CLI0057,Levantamento,214111.64,2024-06-12 18:05:22,Balcão,Aprovada,Benguela,Jovem
TXN002729,CLI0004,Compra com Cartão,62107.74,2024-09-24 17:25:28,App Mobile,Aprovada,Saurimo,Empresarial
TXN002422,CLI0152,Levantamento,158092.39,2024-12-29 11:52:59,App Mobile,Recusada,Cabinda,Jovem
TXN000723,CLI0061,Compra com Cartão,235540.48,2023-04-26 01:31:11,Balcão,Pendente,Malanje,Poupança
TXN004620,CLI0093,Pagamento de Electricidade,205293.55,2024-11-08 10:16:15,App Mobile,Pendente,Saurimo,Corrente
TXN000907,CLI0106,COMPRA COM CARTÃO,80700.02,2023-01-29 08:35:25,App Mobile,Aprovada,Saurimo,Empresarial
TXN004492,CLI0140,PAGAMENTO DE RENDA,90297.33,2024-05-05 17:39:38,ATM,Pendente,Uíge,Empresarial
TXN003351,CLI0149,Transferência,20219.22,2023-06-24 01:22:35,Balcão,Aprovada,Saurimo,Corrente
TXN001572,CLI0164,PAGAMENTO DE RENDA,47930.98,2024-04-23 10:06:50,ATM,Pendente,Cabinda,Empresarial
TXN002212,CLI0063,Recarga de Telemóvel,18381.9,2023-05-15 00:03:53,ATM,Aprovada,Kuito,Corrente
TXN001065,CLI0011,Pagamento de Empréstimo,210978.54,2024-09-21 20:24:31,Balcão,Aprovada,Huambo,Poupança
TXN003151,CLI0077,Transferência,126663.94,2023-07-04 13:52:31,App Mobile,Aprovada,Huambo,Jovem
TXN004560,CLI0030,Recebimento de Salário,17680.96,2024-09-06 11:39:02,App Mobile,Aprovada,Sumbe,Poupança
TXN000898,CLI0133,Pagamento de Serviço,246311.72,2023-06-04 03:11:10,App Mobile,Recusada,Kuito,Jovem
TXN003956,CLI0142,Depósito,6918.28,2024-02-27 08:13:55,,Recusada,Kuito,Jovem
TXN004874,CLI0057,Pagamento de Serviço,58959.58,2023-07-29 13:46:49,Agente Bancário,Aprovada,Benguela,Jovem
TXN003374,CLI0112,Pagamento de Serviço,20067.96,2024-12-15 04:52:20,Internet Banking,Pendente,Luanda,Empresarial
TXN003683,CLI0164,Transferência,102082.85,2023-01-18 10:26:31,App Mobile,Aprovada,Cabinda,Empresarial
TXN000052,CLI0031,Transferência,198826.86,2023-10-17 20:55:16,Balcão,Aprovada,Uíge,Poupança
TXN002280,CLI0096,Pagamento de Electricidade,162690.78,2023-08-11 19:21:07,App Mobile,Pendente,Malanje,Corrente
TXN002802,CLI0073,Transferência,125098.14,2023-07-15 01:06:32,ATM,Aprovada,Saurimo,Poupança
TXN000176,CLI0106,Pagamento de Renda,94149.22,2024-02-29 02:37:28,Internet Banking,Aprovada,Saurimo,Empresarial
TXN002932,CLI0100,Pagamento de Electricidade,62864.66,2024-05-30 10:36:43,ATM,Aprovada,Saurimo,Empresarial
TXN001934,CLI0163,Levantamento,23925.41,2024-09-20 08:10:08,Internet Banking,Aprovada,Malanje,Empresarial
TXN000847,CLI0087,Recebimento de Salário,222062.99,2023-09-17 20:18:02,App Mobile,Aprovada,Uíge,Poupança
TXN002097,CLI0022,Pagamento de Electricidade,161708.85,2023-02-15 03:42:42,Balcão,Aprovada,Huambo,Corrente
TXN001582,CLI0199,Recebimento de Salário,14804.31,2024-05-28 11:46:06,ATM,Aprovada,Kuito,Poupança
TXN004093,CLI0079,Pagamento de Serviço,205284.66,2023-02-05 14:12:59,Agente Bancário,Aprovada,Malanje,Poupança
TXN000030,CLI0080,Recarga de Telemóvel,63701.78,2024-01-03 16:48:40,Internet Banking,Recusada,Lubango,Jovem
TXN003632,CLI0119,Pagamento de Serviço,24676.76,2024-12-08 21:02:35,Agente Bancário,Aprovada,Lubango,Empresarial
TXN002395,CLI0123,Recebimento de Salário,13280.63,2023-03-25 11:59:35,Balcão,Aprovada,Kuito,Poupança
TXN002942,CLI0116,Compra com Cartão,155010.32,2023-02-10 02:39:37,Balcão,Aprovada,Benguela,Jovem
TXN001218,CLI0125,Pagamento de Renda,101626.77,2023-06-16 05:46:54,Internet Banking,Recusada,Sumbe,Empresarial
TXN000780,CLI0162,Pagamento de Empréstimo,224528.36,2024-05-21 19:54:18,ATM,Aprovada,Luanda,Empresarial
TXN004807,CLI0186,Pagamento de Renda,125633.36,2024-04-06 08:23:11,Agente Bancário,Aprovada,Saurimo,Poupança
TXN000874,CLI0178,Pagamento de Serviço,102776.49,2024-11-14 16:36:59,Internet Banking,Pendente,Saurimo,Poupança
TXN004483,CLI0189,Pagamento de Renda,214723.84,2024-09-02 14:31:48,Agente Bancário,Aprovada,Sumbe,Jovem
TXN000895,CLI0083,Compra com Cartão,202353.12,2023-10-31 23:49:19,App Mobile,Aprovada,Cabinda,Empresarial
TXN001553,CLI0094,Depósito,56615.76,2023-07-03 04:34:00,App Mobile,Recusada,Luanda,Empresarial
TXN002963,CLI0188,Pagamento de Electricidade,8094.41,2024-07-24 02:16:47,Balcão,Aprovada,Benguela,Poupança
TXN002419,cli0190,Recarga de Telemóvel,25380.89,2024-06-30 13:49:19,App Mobile,Recusada,Malanje,Empresarial
TXN002466,CLI0151,Recarga de Telemóvel,124245.88,2024-10-19 14:26:12,ATM,Recusada,Malanje,Corrente
TXN002618,CLI0182,Compra com Cartão,7666.22,2024-12-23 10:10:38,Balcão,Recusada,Uíge,Corrente
TXN000164,CLI0016,Levantamento,105099.09,2023-04-17 14:15:53,App Mobile,Aprovada,Huambo,Jovem
TXN002866,CLI0079,Compra com Cartão,162236.91,2023-12-26 16:48:36,Balcão,Aprovada,Malanje,Poupança
TXN001715,CLI0109,Recarga de Telemóvel,26861.75,2024-09-04 16:58:20,Agente Bancário,Aprovada,Huambo,Poupança
TXN004379,CLI0006,Levantamento,35546.7,2024-08-05 18:30:40,Balcão,Aprovada,Uíge,Corrente
TXN004892,CLI0005,Pagamento de Empréstimo,41099.91,2023-06-26 09:25:28,App Mobile,Aprovada,Malanje,Poupança
TXN004403,CLI0010,PAGAMENTO DE ELECTRICIDADE,224641.04,2023-06-06 21:25:01,Balcão,Aprovada,Cabinda,Poupança
TXN000546,CLI0129,Depósito,28935.34,2023-12-01 11:20:50,Balcão,Aprovada,Saurimo,Jovem
TXN000133,CLI0088,Depósito,196080.5,2024-05-01 08:49:56,,Aprovada,Cabinda,Poupança
TXN003727,CLI0173,Pagamento de Serviço,244699.15,2024-03-22 19:32:45,Balcão,Recusada,Benguela,Jovem
TXN003165,CLI0083,Pagamento de Electricidade,243833.85,2023-12-21 22:18:05,Agente Bancário,Aprovada,Cabinda,Empresarial
TXN004301,CLI0156,Recebimento de Salário,212727.34,2023-11-26 01:02:48,ATM,,Benguela,Jovem
TXN000583,CLI0172,Pagamento de Renda,94405.92,2024-09-23 07:20:26,Balcão,Aprovada,Cabinda,Jovem
TXN002528,CLI0111,Pagamento de Serviço,39674.03,2023-02-21 10:28:30,,Aprovada,Huambo,Empresarial
TXN001717,CLI0060,Pagamento de Serviço,-118986.63,14/08/2024 01:42,,Aprovada,Kuito,Jovem
TXN003237,CLI0129,Recebimento de Salário,212533.81,2023-02-15 03:41:00,Agente Bancário,Aprovada,Saurimo,Jovem
TXN002293,CLI0056,Levantamento,8541.76,2023-10-20 02:56:44,Agente Bancário,Aprovada,Huambo,Empresarial
TXN000471,CLI0111,Depósito,198367.27,2023-01-26 11:18:01,ATM,Aprovada,Huambo,Empresarial
TXN000645,CLI0043,Pagamento de Serviço,151659.88,2023-05-18 00:59:46,ATM,Aprovada,Cabinda,Poupança
TXN004826,CLI0089,Compra com Cartão,20532.99,2023-09-02 01:49:15,Agente Bancário,Pendente,Uíge,Empresarial
TXN003628,CLI0168,Recebimento de Salário,57007.98,2023-02-18 08:46:23,ATM,Aprovada,Cabinda,Corrente
TXN000669,CLI0030,Compra com Cartão,85389.34,2023-03-11 05:40:45,Balcão,Aprovada,Sumbe,Poupança
TXN001675,CLI0100,Compra com Cartão,196474.11,2024-06-15 20:22:20,Agente Bancário,Aprovada,Saurimo,Empresarial
TXN002059,CLI0124,Levantamento,51217.9,2023-04-01 02:30:39,Balcão,Aprovada,Luanda,Poupança
TXN003357,CLI0010,Recarga de Telemóvel,158555.57,2023-07-30 17:18:36,ATM,Aprovada,Cabinda,Poupança
TXN002660,CLI0053,Depósito,-115683.32,2024-11-06 11:22:57,Internet Banking,Aprovada,Cabinda,Poupança
TXN000504,CLI0006,Pagamento de Electricidade,199835.86,2024-05-29 08:44:22,Balcão,Pendente,Uíge,Corrente
TXN004618,CLI0012,Recebimento de Salário,14184.2,2023-05-29 12:47:33,Agente Bancário,Aprovada,Cabinda,Corrente
TXN004168,CLI0096,Pagamento de Empréstimo,33717.88,2024-07-27 23:41:00,Agente Bancário,Aprovada,Malanje,Corrente
TXN002452,CLI0056,Recebimento de Salário,186418.15,2023-02-02 15:32:56,Balcão,Recusada,Huambo,Empresarial
TXN001662,CLI0130,Compra com Cartão,61011.7,2023-12-25 21:06:43,Balcão,Aprovada,Uíge,Empresarial
TXN000293,CLI0094,Transferência,105063.69,2023-06-13 12:36:35,Internet Banking,Aprovada,Luanda,Empresarial
TXN001967,CLI0198,Recarga de Telemóvel,-233271.87,2024-01-02 20:29:09,Agente Bancário,Recusada,Uíge,Corrente
TXN001483,CLI0095,Compra com Cartão,176167.87,12/03/2023 03:14,Balcão,Pendente,Lubango,Corrente
TXN000987,CLI0085,Recarga de Telemóvel,237883.21,2023-08-09 09:35:22,Internet Banking,Recusada,Uíge,Empresarial
TXN001148,CLI0038,Pagamento de Empréstimo,145262.84,2023-05-16 02:54:01,App Mobile,Aprovada,Uíge,Jovem
TXN002994,CLI0074,Pagamento de Serviço,203610.86,2023-03-07 00:59:11,ATM,Aprovada,Huambo,Corrente
TXN003701,CLI0172,Pagamento de Serviço,45236.69,2023-11-11 07:29:13,ATM,Aprovada,Cabinda,Jovem
TXN002787,CLI0075,Pagamento de Renda,245149.83,2023-04-02 09:19:47,ATM,Pendente,Huambo,Jovem
TXN004708,CLI0059,Pagamento de Renda,134587.57,2024-08-18 06:42:41,Balcão,Aprovada,Lubango,Jovem
TXN002019,CLI0086,Pagamento de Empréstimo,244703.05,2024-07-14 19:10:28,Balcão,Pendente,Huambo,Corrente
TXN003882,CLI0164,Pagamento de Renda,67089.3,2024-06-19 13:25:00,App Mobile,Recusada,Cabinda,Empresarial
TXN000264,CLI0097,Pagamento de Empréstimo,208949.53,2024-11-28 16:09:27,Agente Bancário,Pendente,Uíge,Empresarial
TXN000864,CLI0046,Pagamento de Renda,2713.24,2023-12-08 16:30:12,Internet Banking,Aprovada,Malanje,Poupança
TXN004069,CLI0178,Depósito,123679.82,2024-10-03 08:41:03,App Mobile,Aprovada,Saurimo,Poupança
TXN001419,CLI0194,Compra com Cartão,62697.99,2023-09-02 16:54:04,Agente Bancário,Aprovada,Lubango,Poupança
TXN002026,cli0033,Pagamento de Empréstimo,160757.55,2023-11-12 18:34:10,Internet Banking,Aprovada,Cabinda,Corrente
TXN001074,CLI0049,Pagamento de Renda,156821.01,2023-01-09 02:25:25,App Mobile,Recusada,Saurimo,Poupança
TXN000011,CLI0149,Recarga de Telemóvel,202549.07,2024-12-07 01:55:09,Balcão,Aprovada,Saurimo,Corrente
TXN000685,CLI0066,Depósito,74995.19,2024-01-29 03:17:18,Balcão,Aprovada,Malanje,Jovem
TXN003666,CLI0082,Pagamento de Renda,59116.25,2023-03-18 10:52:55,Agente Bancário,Pendente,Uíge,Corrente
TXN002437,CLI0163,Depósito,113594.01,2024-10-16 07:58:30,Internet Banking,Aprovada,Malanje,Empresarial
TXN000551,CLI0162,Pagamento de Serviço,196910.33,2023-11-24 13:28:18,ATM,Recusada,Luanda,Empresarial
TXN001028,CLI0157,Recebimento de Salário,239784.66,2023-02-07 23:47:20,ATM,Aprovada,Malanje,Jovem
TXN004520,CLI0096,Recebimento de Salário,249818.19,18/05/2024 21:07,Balcão,Recusada,Malanje,Corrente
TXN003322,cli0111,Pagamento de Renda,81291.23,2024-03-09 14:26:47,Internet Banking,Aprovada,Huambo,Empresarial
TXN001247,CLI0063,Compra com Cartão,10215.23,2023-08-16 22:19:44,Agente Bancário,Aprovada,Kuito,Corrente
TXN002734,CLI0072,Recebimento de Salário,66671.82,2023-05-09 11:16:16,Agente Bancário,Pendente,Lubango,Jovem
TXN002022,CLI0179,Pagamento de Electricidade,116905.9,2024-02-06 14:40:16,Internet Banking,Recusada,Luanda,Empresarial
TXN002177,CLI0045,Recebimento de Salário,175586.38,2023-07-21 14:35:35,Internet Banking,Aprovada,Lubango,Empresarial
TXN002813,CLI0150,Compra com Cartão,87543.18,2023-03-02 19:44:38,Internet Banking,Pendente,Benguela,Jovem
TXN000087,CLI0194,Pagamento de Renda,176090.26,2024-04-14 10:51:40,ATM,Pendente,Lubango,Poupança
TXN003420,CLI0121,Pagamento de Empréstimo,217683.01,2024-04-05 07:22:31,App Mobile,Aprovada,Lubango,Empresarial
TXN003945,CLI0084,Depósito,221210.96,2024-09-17 17:02:15,Balcão,Aprovada,Kuito,Poupança
TXN003308,CLI0149,Levantamento,186581.66,2024-11-03 01:12:07,Balcão,Recusada,Saurimo,Corrente
TXN000791,CLI0081,Levantamento,3219.81,2024-06-18 14:42:02,Balcão,Aprovada,Uíge,Empresarial
TXN000567,CLI0116,Pagamento de Empréstimo,180148.36,2024-10-10 03:27:41,Internet Banking,Aprovada,Benguela,Jovem
TXN003067,CLI0085,Pagamento de Empréstimo,154598.2,2024-12-10 19:43:21,Internet Banking,Aprovada,Uíge,Empresarial
TXN000398,CLI0193,Compra com Cartão,131077.52,2023-03-02 18:23:55,Internet Banking,Recusada,Luanda,Empresarial
TXN003198,CLI0176,Pagamento de Empréstimo,171371.49,2024-11-24 20:08:16,Balcão,Aprovada,Benguela,Poupança
TXN000494,CLI0107,RECEBIMENTO DE SALÁRIO,113580.54,2024-02-05 07:10:43,App Mobile,Recusada,Kuito,Empresarial
TXN004704,CLI0109,Compra com Cartão,125758.11,2023-09-15 13:26:34,Internet Banking,Pendente,Huambo,Poupança
TXN002137,CLI0132,Pagamento de Empréstimo,206520.09,2024-11-30 18:55:40,ATM,Aprovada,Cabinda,Empresarial
TXN001382,CLI0142,Pagamento de Serviço,137568.83,2023-02-11 05:47:23,Balcão,Aprovada,Kuito,Jovem
TXN003326,CLI0185,Pagamento de Electricidade,53059.48,2023-08-17 10:35:48,Balcão,Pendente,Benguela,Jovem
TXN004767,CLI0095,Compra com Cartão,185985.44,2024-07-31 18:55:26,Internet Banking,Aprovada,Lubango,Corrente
TXN000958,CLI0025,Pagamento de Serviço,81489.9,2024-07-04 16:52:35,ATM,Aprovada,Sumbe,Poupança
TXN001752,CLI0197,Compra com Cartão,98074.97,2024-11-22 19:31:58,Balcão,Aprovada,Malanje,Empresarial
TXN004154,CLI0128,Recebimento de Salário,221262.95,2023-03-16 18:00:08,Balcão,Aprovada,Luanda,Poupança
TXN003397,CLI0101,Pagamento de Renda,15766.7,2024-06-25 08:31:10,Internet Banking,Aprovada,Lubango,Jovem
TXN001525,CLI0161,Transferência,37788.18,2024-08-28 03:26:46,Agente Bancário,Pendente,Lubango,Empresarial
TXN000649,CLI0107,Recebimento de Salário,77298.8,2024-01-16 05:53:39,App Mobile,Aprovada,Kuito,Empresarial
TXN000065,CLI0010,Transferência,229948.89,2024-12-26 09:34:45,Internet Banking,Aprovada,Cabinda,Poupança
TXN003738,CLI0181,LEVANTAMENTO,108786.74,2023-05-05 16:34:31,Agente Bancário,Pendente,Lubango,Empresarial
TXN001033,CLI0139,Pagamento de Electricidade,220116.61,2023-02-24 16:24:07,Internet Banking,Aprovada,Kuito,Poupança
TXN003592,CLI0049,Recarga de Telemóvel,89633.07,2024-01-10 03:00:05,ATM,Pendente,Saurimo,Poupança
TXN004119,CLI0133,Transferência,28761.79,2024-03-08 22:09:34,,Aprovada,Kuito,Jovem
TXN000590,CLI0137,PAGAMENTO DE RENDA,49054.73,2023-11-01 08:46:44,App Mobile,Aprovada,Benguela,Jovem
TXN001418,CLI0171,Pagamento de Renda,5402.14,2023-01-30 00:16:05,Balcão,Aprovada,Benguela,Corrente
TXN000526,CLI0012,Pagamento de Electricidade,249955.37,2024-07-22 04:59:28,Internet Banking,Aprovada,Cabinda,Corrente
TXN000226,CLI0024,Pagamento de Electricidade,222582.67,2023-08-25 14:07:02,Agente Bancário,Pendente,Sumbe,Corrente
TXN004324,CLI0043,Depósito,205949.95,2023-03-24 03:41:10,Agente Bancário,Aprovada,Cabinda,Poupança
TXN004545,cli0027,Pagamento de Empréstimo,59604.99,2023-12-02 12:53:15,ATM,Recusada,Sumbe,Corrente
TXN003050,CLI0100,Recarga de Telemóvel,182188.09,2024-05-27 21:12:39,Internet Banking,Aprovada,Saurimo,Empresarial
TXN000708,CLI0033,Pagamento de Empréstimo,230928.53,2024-07-17 21:31:09,Internet Banking,Recusada,Cabinda,Corrente
TXN000856,CLI0089,Recebimento de Salário,20072.3,2023-08-06 07:32:56,Agente Bancário,Aprovada,Uíge,Empresarial
TXN003123,CLI0154,Pagamento de Serviço,19481.92,2024-06-26 01:41:13,ATM,Aprovada,Lubango,Jovem
TXN003289,CLI0192,Pagamento de Electricidade,150395.75,2024-11-20 06:21:20,Balcão,Aprovada,Luanda,Empresarial
TXN004270,CLI0041,Levantamento,221200.04,2023-01-14 02:31:16,Internet Banking,Pendente,Saurimo,Corrente
TXN004608,CLI0079,COMPRA COM CARTÃO,2581.48,2023-06-08 17:46:21,Internet Banking,Recusada,Malanje,Poupança
TXN001005,CLI0137,Pagamento de Renda,88984.01,2024-12-19 17:53:46,ATM,Recusada,Benguela,Jovem
TXN004465,CLI0008,Recarga de Telemóvel,142024.45,2024-06-11 22:43:40,App Mobile,Pendente,Saurimo,Poupança
TXN002450,cli0138,Pagamento de Empréstimo,33290.11,2023-09-03 09:35:58,Internet Banking,Aprovada,Malanje,Empresarial
TXN004838,CLI0043,Pagamento de Renda,220732.74,2023-03-18 12:11:19,Internet Banking,Aprovada,Cabinda,Poupança
TXN000356,CLI0138,Recebimento de Salário,129273.61,2023-10-28 21:37:09,Balcão,Recusada,Malanje,Empresarial
TXN000794,CLI0084,Pagamento de Electricidade,-5806.54,23/03/2024 17:07,Internet Banking,Aprovada,Kuito,Poupança
TXN002981,CLI0197,Recarga de Telemóvel,98128.76,2024-05-28 22:30:49,App Mobile,Aprovada,Malanje,Empresarial
TXN002893,CLI0114,Pagamento de Electricidade,215241.2,2023-04-23 20:13:10,App Mobile,Aprovada,Malanje,Jovem
TXN004998,CLI0131,Recarga de Telemóvel,173671.61,2023-08-28 13:45:03,Internet Banking,Aprovada,Sumbe,Empresarial
TXN000813,CLI0038,Levantamento,184178.52,2024-09-16 09:38:40,Balcão,Aprovada,Uíge,Jovem
TXN000644,CLI0163,Transferência,43832.12,2023-03-13 06:31:08,ATM,Aprovada,Malanje,Empresarial
TXN003243,CLI0168,Transferência,26339.37,2023-02-22 15:12:43,App Mobile,Pendente,Cabinda,Corrente
TXN002596,CLI0190,Pagamento de Electricidade,133626.51,22/10/2023 15:02,Agente Bancário,Aprovada,Malanje,Empresarial
TXN000194,CLI0175,Depósito,148713.88,2024-01-15 15:38:42,ATM,Aprovada,Cabinda,Empresarial
TXN002567,CLI0182,Depósito,71179.21,2023-08-18 22:34:42,App Mobile,Aprovada,Uíge,Corrente
TXN004933,CLI0058,Pagamento de Serviço,53362.02,2024-01-25 13:22:52,App Mobile,Aprovada,Sumbe,Empresarial
TXN000173,CLI0180,Pagamento de Electricidade,45929.4,2023-01-26 03:39:29,Internet Banking,Recusada,Huambo,Corrente
TXN000938,CLI0103,Compra com Cartão,233721.23,2024-08-15 18:34:32,Balcão,Aprovada,Malanje,Empresarial
TXN003358,CLI0131,Levantamento,108625.97,2023-01-12 18:55:54,Agente Bancário,Aprovada,Sumbe,Empresarial
TXN003830,CLI0137,Pagamento de Serviço,50424.35,2023-03-10 15:23:08,Balcão,Aprovada,Benguela,Jovem
TXN004360,CLI0097,Compra com Cartão,154537.63,2023-03-06 13:13:07,ATM,Aprovada,Uíge,Empresarial
TXN003345,CLI0083,Recarga de Telemóvel,218219.51,2024-04-17 06:24:50,Agente Bancário,Recusada,Cabinda,Empresarial
TXN001634,CLI0186,Transferência,29697.89,2023-08-11 00:23:52,ATM,Recusada,Saurimo,Poupança
TXN004293,CLI0013,Compra com Cartão,2178.64,2024-10-13 20:58:33,Internet Banking,Aprovada,Benguela,Poupança
TXN001532,CLI0170,Transferência,227641.25,2024-12-05 09:55:21,Balcão,Aprovada,Uíge,Corrente
TXN001040,CLI0161,Recebimento de Salário,45594.05,2024-03-16 08:20:28,Balcão,Aprovada,Lubango,Empresarial
TXN002556,CLI0182,Pagamento de Electricidade,151689.53,2024-09-22 23:46:00,Balcão,Aprovada,Uíge,Corrente
TXN002199,CLI0045,Pagamento de Serviço,193962.09,2024-10-04 23:01:27,App Mobile,Aprovada,Lubango,Empresarial
TXN000843,CLI0187,Recarga de Telemóvel,52264.96,2024-10-08 13:06:53,Internet Banking,Aprovada,Kuito,Empresarial
TXN004322,CLI0089,Recarga de Telemóvel,125457.95,2023-11-14 07:05:59,Balcão,Aprovada,Uíge,Empresarial
TXN002628,CLI0044,Recarga de Telemóvel,227944.14,2024-12-17 17:52:56,App Mobile,Aprovada,Benguela,Corrente
TXN004180,CLI0066,Transferência,58149.21,2024-12-28 22:26:45,App Mobile,Aprovada,Malanje,Jovem
TXN004028,cli0123,TRANSFERÊNCIA,174686.61,2024-07-29 14:18:59,ATM,Aprovada,Kuito,Poupança
TXN002006,CLI0089,Pagamento de Electricidade,162750.28,2023-08-09 03:37:10,App Mobile,Recusada,Uíge,Empresarial
TXN000234,CLI0089,Transferência,173730.84,2024-02-26 08:46:26,ATM,Recusada,Uíge,Empresarial
TXN001795,CLI0005,Transferência,18687.55,2024-09-29 22:50:56,Internet Banking,Aprovada,Malanje,Poupança
TXN004009,CLI0157,Depósito,233361.4,2024-02-20 11:23:47,Internet Banking,Aprovada,Malanje,Jovem
TXN004670,CLI0021,Compra com Cartão,60569.61,2023-03-20 15:06:33,ATM,Aprovada,Huambo,Corrente
TXN004541,CLI0134,Recarga de Telemóvel,247295.08,2024-02-10 23:14:19,App Mobile,Pendente,Sumbe,Jovem
TXN002829,CLI0193,Recebimento de Salário,7975.64,2024-11-19 12:34:57,App Mobile,Aprovada,Luanda,Empresarial
TXN000556,CLI0199,Pagamento de Serviço,134589.66,2023-01-29 17:10:26,App Mobile,Aprovada,Kuito,Poupança
TXN003182,CLI0049,Pagamento de Serviço,26051.2,2023-08-11 19:22:20,Agente Bancário,Aprovada,Saurimo,Poupança
TXN002458,CLI0008,Recarga de Telemóvel,100385.4,2024-08-20 00:36:35,ATM,Aprovada,Saurimo,Poupança
TXN002918,CLI0034,Recarga de Telemóvel,59237.72,2023-06-30 07:27:19,Internet Banking,Aprovada,Huambo,Empresarial
TXN003532,CLI0019,Transferência,60218.64,2023-03-08 01:46:08,Agente Bancário,Aprovada,Kuito,Empresarial
TXN003720,CLI0101,Pagamento de Empréstimo,173749.2,2023-10-21 23:34:00,App Mobile,Aprovada,Lubango,Jovem
TXN001171,CLI0161,Pagamento de Empréstimo,15388.42,2023-11-12 15:41:09,ATM,Aprovada,Lubango,Empresarial
TXN004173,CLI0037,Transferência,56238.24,2024-07-17 02:32:04,App Mobile,Recusada,Huambo,Jovem
TXN002917,CLI0054,Pagamento de Empréstimo,53615.44,2023-01-30 04:23:15,ATM,Pendente,Cabinda,Poupança
TXN004394,CLI0029,Pagamento de Empréstimo,116664.7,2023-05-10 22:55:32,ATM,Aprovada,Benguela,Corrente
TXN002624,CLI0063,Transferência,121037.72,2024-12-09 23:14:13,Balcão,Recusada,Kuito,Corrente
TXN003559,CLI0073,Recarga de Telemóvel,214989.51,2023-04-21 06:29:45,Agente Bancário,Recusada,Saurimo,Poupança
TXN000512,CLI0166,Pagamento de Electricidade,49967.42,2023-12-26 04:13:28,ATM,Aprovada,Uíge,Empresarial
TXN001784,CLI0189,LEVANTAMENTO,36725.31,2024-10-01 14:14:50,Internet Banking,Aprovada,Sumbe,Jovem
TXN003537,CLI0048,Transferência,129208.16,2023-02-12 00:12:47,Internet Banking,Pendente,Malanje,Corrente
TXN003834,CLI0048,Pagamento de Renda,106711.83,2023-08-01 17:46:15,Agente Bancário,Aprovada,Malanje,Corrente
TXN004951,CLI0041,Levantamento,194755.22,2024-01-14 09:11:18,App Mobile,Aprovada,Saurimo,Corrente
TXN002438,CLI0189,Pagamento de Empréstimo,234615.93,2024-05-26 14:17:18,App Mobile,Aprovada,Sumbe,Jovem
TXN001640,CLI0068,Recarga de Telemóvel,77671.32,30/10/2023 12:07,Agente Bancário,Aprovada,Malanje,Jovem
TXN003826,CLI0177,Levantamento,113130.06,2023-05-28 13:34:51,Agente Bancário,Aprovada,Lubango,Poupança
TXN001787,CLI0059,Depósito,227942.19,2023-10-14 01:37:38,ATM,Aprovada,Lubango,Jovem
TXN001672,CLI0012,Recebimento de Salário,86064.55,2024-05-31 17:26:28,Internet Banking,Aprovada,Cabinda,Corrente
TXN002878,CLI0065,Pagamento de Renda,13151.94,2023-04-17 15:14:04,Balcão,Aprovada,Benguela,Empresarial
TXN002769,CLI0179,Levantamento,225885.1,2024-09-19 03:52:32,App Mobile,Aprovada,Luanda,Empresarial
TXN004018,CLI0153,Depósito,232507.57,2024-11-27 00:56:32,Internet Banking,Aprovada,Huambo,Poupança
TXN000557,cli0131,Recarga de Telemóvel,189383.06,2023-09-22 15:16:25,App Mobile,Recusada,Sumbe,Empresarial
TXN001877,CLI0084,Depósito,129326.87,2023-04-25 09:58:02,Balcão,Aprovada,Kuito,Poupança
TXN001201,CLI0166,Recarga de Telemóvel,179729.79,2024-03-24 12:51:21,App Mobile,Recusada,Uíge,Empresarial
TXN003073,CLI0170,Pagamento de Renda,32587.22,2024-12-11 18:49:49,ATM,Aprovada,Uíge,Corrente
TXN001747,CLI0064,Recebimento de Salário,208840.64,2024-07-15 13:55:48,Balcão,Aprovada,Uíge,Corrente
TXN003140,CLI0040,Pagamento de Serviço,176140.16,2023-07-15 09:50:19,Agente Bancário,Aprovada,Kuito,Poupança
TXN004239,CLI0147,Levantamento,128799.52,2024-05-15 12:34:31,Agente Bancário,Pendente,Malanje,Empresarial
TXN002011,CLI0030,Recarga de Telemóvel,113378.76,2023-10-20 21:52:09,ATM,,Sumbe,Poupança
TXN004307,CLI0175,Recebimento de Salário,146946.73,2023-11-26 03:33:28,Balcão,Pendente,Cabinda,Empresarial
TXN000416,CLI0187,Levantamento,96413.76,2023-01-03 13:39:13,Agente Bancário,Aprovada,Kuito,Empresarial
TXN002077,CLI0143,Depósito,60445.89,2024-02-12 03:37:32,Agente Bancário,Aprovada,Uíge,Poupança
TXN001449,CLI0102,Pagamento de Serviço,102992.0,2023-07-13 01:21:40,Internet Banking,Aprovada,Sumbe,Empresarial
TXN000985,CLI0123,Levantamento,49750.36,2024-01-05 17:57:02,Internet Banking,Aprovada,Kuito,Poupança
TXN001806,CLI0142,PAGAMENTO DE SERVIÇO,235029.24,2023-05-17 11:41:04,Balcão,Aprovada,Kuito,Jovem
TXN003682,CLI0115,Depósito,101302.08,2024-06-02 17:20:54,Agente Bancário,Pendente,Saurimo,Corrente
TXN004086,CLI0034,Pagamento de Electricidade,82746.34,2024-09-27 08:22:03,ATM,Recusada,Huambo,Empresarial
TXN003740,CLI0027,Pagamento de Renda,208897.28,2023-04-29 03:34:47,Internet Banking,Pendente,Sumbe,Corrente
TXN002607,CLI0047,Pagamento de Renda,202263.71,2023-02-06 19:57:34,App Mobile,Recusada,Kuito,Corrente
TXN001822,CLI0033,Compra com Cartão,219986.1,2023-05-06 14:09:46,App Mobile,Aprovada,Cabinda,Corrente
TXN000179,CLI0053,Pagamento de Serviço,180648.51,2024-03-06 09:24:15,Internet Banking,Pendente,Cabinda,Poupança
TXN001488,CLI0006,Levantamento,175534.78,2024-11-15 10:22:36,ATM,Aprovada,Uíge,Corrente
TXN002358,CLI0011,Levantamento,235059.24,2023-01-28 09:24:13,Internet Banking,Pendente,Huambo,Poupança
TXN000621,CLI0078,Levantamento,138450.24,2024-06-08 04:46:41,ATM,Aprovada,Kuito,Jovem
TXN003688,CLI0071,Pagamento de Serviço,156980.98,2023-07-11 03:35:36,Balcão,Pendente,Lubango,Empresarial
TXN004486,CLI0190,Pagamento de Renda,192638.73,2023-08-11 12:11:29,ATM,Aprovada,Malanje,Empresarial
TXN002250,CLI0072,Pagamento de Serviço,150430.28,2024-06-25 22:11:41,App Mobile,Aprovada,Lubango,Jovem
TXN000839,CLI0061,Levantamento,96328.82,2024-11-24 04:53:59,ATM,Pendente,Malanje,Poupança
TXN004172,CLI0013,Pagamento de Empréstimo,24240.01,2023-02-05 07:48:38,ATM,Aprovada,Benguela,Poupança
TXN001564,CLI0111,Recarga de Telemóvel,211113.31,2023-07-27 10:20:45,Internet Banking,Aprovada,Huambo,Empresarial
TXN001432,CLI0123,Depósito,88982.99,2024-04-02 08:48:16,App Mobile,Aprovada,Kuito,Poupança
TXN002911,CLI0031,Pagamento de Serviço,213942.96,2023-07-06 12:52:19,App Mobile,Aprovada,Uíge,Poupança
TXN003091,CLI0012,Pagamento de Electricidade,106037.41,2024-05-31 23:42:39,Balcão,Aprovada,Cabinda,Corrente
TXN003158,CLI0192,Pagamento de Renda,220297.53,2023-03-21 13:37:01,App Mobile,Recusada,Luanda,Empresarial
TXN003477,CLI0038,Pagamento de Empréstimo,137790.45,2024-08-30 06:11:22,Balcão,Pendente,Uíge,Jovem
TXN000739,CLI0155,Pagamento de Empréstimo,61854.08,2024-12-16 19:57:38,ATM,Pendente,Malanje,Corrente
TXN001418,CLI0171,Pagamento de Renda,5402.14,2023-01-30 00:16:05,Balcão,Aprovada,Benguela,Corrente
TXN001533,CLI0112,Levantamento,53253.28,2023-12-06 01:31:04,Balcão,Recusada,Luanda,Empresarial
TXN001128,CLI0123,Pagamento de Empréstimo,180265.06,2024-10-08 01:57:24,ATM,Aprovada,Kuito,Poupança
TXN002289,CLI0109,Levantamento,162153.49,2024-08-16 12:07:55,Agente Bancário,Pendente,Huambo,Poupança
TXN002558,CLI0010,Pagamento de Renda,163212.61,2023-12-10 23:26:55,ATM,Aprovada,Cabinda,Poupança
TXN003615,CLI0072,TRANSFERÊNCIA,36665.17,2024-08-17 18:40:38,Agente Bancário,Aprovada,Lubango,Jovem
TXN003341,CLI0020,Pagamento de Empréstimo,229027.58,2024-09-16 21:34:03,ATM,Pendente,Huambo,Jovem
TXN001069,CLI0190,Depósito,241708.67,2023-02-06 16:00:44,Agente Bancário,Aprovada,Malanje,Empresarial
TXN002946,CLI0137,Transferência,136014.51,2023-05-23 03:56:26,ATM,Aprovada,Benguela,Jovem
TXN001200,CLI0097,Transferência,132458.82,2023-12-24 21:25:32,Balcão,Aprovada,Uíge,Empresarial
TXN001722,CLI0008,Pagamento de Electricidade,186230.0,2023-04-28 07:16:45,Agente Bancário,Aprovada,Saurimo,Poupança
TXN000709,CLI0129,DEPÓSITO,207544.02,2024-06-10 20:37:14,ATM,Aprovada,Saurimo,Jovem
TXN000189,CLI0071,Recebimento de Salário,170362.81,2024-04-17 18:09:23,ATM,Recusada,Lubango,Empresarial
TXN002796,CLI0161,Recarga de Telemóvel,102987.04,2024-06-19 09:26:07,Balcão,Aprovada,Lubango,Empresarial
TXN004045,cli0030,Compra com Cartão,234339.74,2023-09-26 09:45:49,Agente Bancário,Aprovada,Sumbe,Poupança
TXN004049,CLI0113,Transferência,136662.2,2023-01-25 17:33:49,App Mobile,Pendente,Saurimo,Empresarial
TXN004999,CLI0125,Recebimento de Salário,215969.93,2023-04-25 17:40:01,App Mobile,Aprovada,Sumbe,Empresarial
TXN004763,CLI0097,Pagamento de Empréstimo,134987.29,2024-12-20 11:54:53,Internet Banking,Aprovada,Uíge,Empresarial
TXN001160,CLI0158,Recebimento de Salário,32531.85,2024-06-15 03:23:57,Balcão,Aprovada,Lubango,Jovem
TXN002554,CLI0044,Recebimento de Salário,192910.65,2024-05-12 07:06:57,ATM,Aprovada,Benguela,Corrente
TXN002403,CLI0072,Recebimento de Salário,177238.09,2024-09-24 13:25:46,Balcão,Aprovada,Lubango,Jovem
TXN003562,CLI0019,Pagamento de Renda,108492.99,2024-05-05 20:28:05,App Mobile,Aprovada,Kuito,Empresarial
TXN003001,CLI0180,Levantamento,206844.26,2024-10-23 00:08:04,Agente Bancário,Aprovada,Huambo,Corrente
TXN002749,CLI0110,Pagamento de Empréstimo,42420.57,2023-03-14 11:16:58,Internet Banking,Pendente,Kuito,Empresarial
TXN003831,CLI0122,RECARGA DE TELEMÓVEL,39057.86,2023-01-11 08:39:47,Internet Banking,Aprovada,Lubango,Empresarial
TXN002881,CLI0152,Depósito,51511.58,2023-06-10 22:37:23,App Mobile,Aprovada,Cabinda,Jovem
TXN004281,CLI0187,Recarga de Telemóvel,169791.36,2023-05-27 15:06:43,Internet Banking,Aprovada,Kuito,Empresarial
TXN003197,CLI0189,Recarga de Telemóvel,91686.82,2024-02-23 03:28:37,Internet Banking,Aprovada,Sumbe,Jovem
TXN003604,CLI0060,Depósito,233343.21,2024-07-02 02:08:36,ATM,Aprovada,Kuito,Jovem
TXN003805,CLI0147,Pagamento de Electricidade,-117392.52,2023-10-04 15:43:00,Agente Bancário,Aprovada,Malanje,Empresarial
TXN001517,CLI0017,Depósito,239369.46,12/08/2023 13:49,Balcão,Aprovada,Huambo,Jovem
TXN002880,CLI0049,Transferência,125425.72,2024-03-13 00:38:32,ATM,Pendente,Saurimo,Poupança
TXN001334,CLI0113,Pagamento de Renda,40996.91,2023-10-31 11:53:01,Agente Bancário,Aprovada,Saurimo,Empresarial
TXN001274,CLI0023,Recarga de Telemóvel,-144130.86,2024-12-19 07:43:39,Agente Bancário,Aprovada,Malanje,Poupança
TXN002484,CLI0116,COMPRA COM CARTÃO,145365.8,2024-05-02 07:21:10,App Mobile,Recusada,Benguela,Jovem
TXN004272,CLI0139,Recarga de Telemóvel,170141.13,2024-03-24 07:35:38,ATM,Aprovada,Kuito,Poupança
TXN002682,CLI0184,Levantamento,76855.23,2023-07-30 09:58:53,Internet Banking,Aprovada,Sumbe,Corrente
TXN003061,CLI0176,Recarga de Telemóvel,103831.44,2023-02-01 12:41:43,App Mobile,Pendente,Benguela,Poupança
TXN003214,CLI0121,Pagamento de Serviço,32301.52,2024-08-07 09:42:01,Balcão,Aprovada,Lubango,Empresarial
TXN004315,CLI0043,Compra com Cartão,110821.95,2024-12-04 02:52:23,Balcão,Pendente,Cabinda,Poupança
TXN002390,CLI0171,Recebimento de Salário,70313.92,2023-10-29 04:37:34,Balcão,Aprovada,Benguela,Corrente
TXN004128,CLI0157,Transferência,207462.2,2024-04-22 01:37:00,Balcão,Aprovada,Malanje,Jovem
TXN003312,CLI0141,Levantamento,192664.6,2024-10-15 05:41:03,Agente Bancário,Aprovada,Malanje,Jovem
TXN003939,CLI0155,Pagamento de Serviço,59446.09,2024-02-15 07:37:15,ATM,Aprovada,Malanje,Corrente
TXN004334,CLI0039,TRANSFERÊNCIA,248885.76,2023-05-08 12:18:51,App Mobile,Aprovada,Kuito,Corrente
TXN000450,CLI0013,Transferência,239075.36,2023-12-21 03:05:11,App Mobile,Aprovada,Benguela,Poupança
TXN000162,CLI0085,Levantamento,42413.31,2023-02-09 07:57:18,Balcão,Aprovada,Uíge,Empresarial
TXN003350,CLI0069,Pagamento de Electricidade,209879.3,2024-08-31 12:01:53,Agente Bancário,,Uíge,Empresarial
TXN004751,CLI0062,Levantamento,181325.31,2023-12-09 06:21:18,Agente Bancário,Aprovada,Saurimo,Jovem
TXN000337,CLI0035,Pagamento de Renda,99132.04,2024-01-14 22:23:24,Agente Bancário,Aprovada,Benguela,Corrente
TXN002083,CLI0179,Depósito,144190.18,2023-05-25 21:57:46,Agente Bancário,Aprovada,Luanda,Empresarial
TXN001978,CLI0186,Transferência,160526.26,2024-09-03 01:17:50,Agente Bancário,Aprovada,Saurimo,Poupança
TXN002613,CLI0016,Pagamento de Renda,84154.32,2023-11-22 08:35:35,Balcão,Pendente,Huambo,Jovem
TXN004759,CLI0159,Pagamento de Renda,11601.82,2024-11-17 14:14:08,App Mobile,Aprovada,Uíge,Empresarial
TXN000438,CLI0026,Pagamento de Renda,-139842.5,2023-03-06 12:56:17,Internet Banking,Aprovada,Lubango,Empresarial
TXN004419,CLI0162,Transferência,85278.42,2023-03-09 05:17:18,Balcão,Aprovada,Luanda,Empresarial
TXN004784,CLI0141,RECEBIMENTO DE SALÁRIO,171426.7,20/02/2023 08:28,App Mobile,Recusada,Malanje,Jovem
TXN000355,CLI0153,Recarga de Telemóvel,176176.08,2024-11-11 05:46:40,Agente Bancário,Pendente,Huambo,Poupança
TXN002979,CLI0022,Pagamento de Renda,134868.46,2023-03-30 03:13:10,ATM,Aprovada,Huambo,Corrente
TXN000294,CLI0176,Pagamento de Serviço,201119.85,2023-07-29 16:12:57,Balcão,Pendente,Benguela,Poupança
TXN001785,CLI0167,Recarga de Telemóvel,212209.39,2023-08-08 02:09:10,App Mobile,Aprovada,Benguela,Jovem
TXN001773,cli0160,Pagamento de Electricidade,201993.14,2023-03-11 11:45:24,Balcão,Aprovada,Sumbe,Empresarial
TXN002216,CLI0011,Depósito,64616.3,2023-03-04 18:04:53,App Mobile,Aprovada,Huambo,Poupança
TXN002264,CLI0116,Pagamento de Electricidade,-64924.42,2024-03-26 00:37:34,Agente Bancário,Recusada,Benguela,Jovem
TXN000161,cli0103,Pagamento de Empréstimo,65075.75,2024-03-31 06:02:43,Balcão,Recusada,Malanje,Empresarial
TXN000991,CLI0133,Pagamento de Renda,181753.84,2024-08-28 15:41:06,Agente Bancário,Aprovada,Kuito,Jovem
TXN000358,CLI0047,Pagamento de Electricidade,103683.05,2023-11-02 07:17:40,Agente Bancário,Aprovada,Kuito,Corrente
TXN000862,CLI0061,Transferência,170808.38,2024-09-13 01:25:04,Balcão,Aprovada,Malanje,Poupança
TXN004055,CLI0111,Pagamento de Electricidade,69976.02,2024-11-25 13:45:23,Internet Banking,Aprovada,Huambo,Empresarial
TXN004791,CLI0195,Recarga de Telemóvel,227899.92,2023-06-14 13:07:57,Balcão,Recusada,Cabinda,Corrente
TXN001738,CLI0029,Pagamento de Electricidade,155117.95,2023-08-15 11:22:08,Balcão,Aprovada,Benguela,Corrente
TXN000506,CLI0194,Pagamento de Serviço,222616.56,2024-10-29 12:41:20,App Mobile,Aprovada,Lubango,Poupança
TXN001356,CLI0127,Depósito,131334.5,2024-06-13 09:15:00,Agente Bancário,Aprovada,Malanje,Corrente
TXN002584,CLI0100,Recebimento de Salário,198827.17,2023-01-09 05:07:20,Agente Bancário,Recusada,Saurimo,Empresarial
TXN004436,cli0073,Recarga de Telemóvel,196999.86,2024-03-28 21:09:59,ATM,,Saurimo,Poupança
TXN000698,CLI0109,Recarga de Telemóvel,128995.37,2024-01-22 15:45:41,ATM,Aprovada,Huambo,Poupança
TXN002418,CLI0182,Depósito,22437.17,2024-09-09 23:26:59,Internet Banking,Aprovada,Uíge,Corrente
TXN002677,CLI0116,Depósito,7829.48,2023-07-20 21:21:26,Agente Bancário,Aprovada,Benguela,Jovem
TXN000461,cli0011,COMPRA COM CARTÃO,140040.62,2024-01-19 18:42:02,Agente Bancário,Aprovada,Huambo,Poupança
TXN004344,CLI0175,PAGAMENTO DE RENDA,48582.49,2023-10-20 04:30:13,ATM,Aprovada,Cabinda,Empresarial
TXN002040,CLI0196,Pagamento de Electricidade,62835.49,2024-08-03 22:34:07,Agente Bancário,Aprovada,Saurimo,Corrente
TXN000245,CLI0030,Recebimento de Salário,71065.83,2024-07-16 07:53:00,App Mobile,Recusada,Sumbe,Poupança
TXN002978,CLI0042,Depósito,56593.75,2024-01-06 03:33:50,App Mobile,Recusada,Lubango,Corrente
TXN003955,CLI0143,Pagamento de Renda,232235.04,2023-01-12 01:44:23,ATM,Recusada,Uíge,Poupança
TXN003474,CLI0019,Levantamento,221381.3,2024-08-24 21:03:41,App Mobile,Aprovada,Kuito,Empresarial
TXN002103,CLI0180,Pagamento de Empréstimo,101991.47,2023-02-12 16:13:53,Internet Banking,Recusada,Huambo,Corrente
TXN003366,CLI0101,Depósito,112017.88,2024-02-29 06:58:19,Balcão,Pendente,Lubango,Jovem
TXN002131,CLI0040,Pagamento de Renda,151774.18,2024-11-28 01:49:28,Balcão,Aprovada,Kuito,Poupança
TXN000585,CLI0184,Pagamento de Serviço,9680.61,09/10/2023 22:47,ATM,Aprovada,Sumbe,Corrente
TXN000024,CLI0021,Depósito,37805.14,2024-10-10 12:50:25,App Mobile,Aprovada,Huambo,Corrente
TXN001900,CLI0115,Pagamento de Electricidade,234143.6,2023-03-20 01:31:51,Internet Banking,Aprovada,Saurimo,Corrente
TXN001122,CLI0160,Pagamento de Empréstimo,115940.97,2024-01-17 07:47:37,Balcão,Recusada,Sumbe,Empresarial
TXN001931,CLI0043,Pagamento de Electricidade,123584.2,06/04/2023 19:22,App Mobile,Aprovada,Cabinda,Poupança
TXN003732,CLI0099,Pagamento de Renda,22418.26,2024-05-25 23:32:38,ATM,Pendente,Huambo,Empresarial
TXN001728,CLI0028,Pagamento de Serviço,10793.48,2024-03-15 21:55:56,Agente Bancário,Aprovada,Kuito,Poupança
TXN004338,CLI0118,Pagamento de Empréstimo,136745.14,2024-12-22 11:00:42,App Mobile,Pendente,Saurimo,Corrente
TXN004953,CLI0034,PAGAMENTO DE RENDA,163545.35,2023-03-27 03:04:57,Internet Banking,Aprovada,Huambo,Empresarial
TXN001706,CLI0048,Pagamento de Empréstimo,95267.8,2023-03-20 15:39:37,App Mobile,Aprovada,Malanje,Corrente
TXN003487,CLI0117,Recarga de Telemóvel,203590.7,2024-01-05 08:55:51,Balcão,Aprovada,Sumbe,Jovem
TXN000479,CLI0152,Levantamento,243814.27,2023-10-10 12:02:44,ATM,Aprovada,Cabinda,Jovem
TXN002764,CLI0128,Transferência,234483.98,2024-07-10 18:05:32,ATM,Aprovada,Luanda,Poupança
TXN001045,CLI0130,Recarga de Telemóvel,44888.07,2024-02-23 01:47:18,App Mobile,Recusada,Uíge,Empresarial
TXN001322,CLI0050,Transferência,209877.0,2023-05-24 15:48:12,ATM,Aprovada,Malanje,Corrente
TXN003234,CLI0124,Depósito,145036.65,2023-03-20 04:04:26,Internet Banking,Pendente,Luanda,Poupança
TXN001278,CLI0108,Levantamento,18766.65,2023-06-14 11:57:42,Balcão,Aprovada,Lubango,Corrente
TXN001919,cli0041,Transferência,150354.61,2023-06-25 10:54:00,Balcão,Aprovada,Saurimo,Corrente
TXN004576,CLI0101,Pagamento de Serviço,67545.02,2024-09-08 00:23:36,App Mobile,Aprovada,Lubango,Jovem
TXN001770,CLI0199,Depósito,25638.75,2024-09-26 05:45:25,App Mobile,Aprovada,Kuito,Poupança
TXN002515,CLI0066,Compra com Cartão,69966.07,2024-02-09 01:54:17,App Mobile,Pendente,Malanje,Jovem
TXN004985,CLI0166,Levantamento,148120.29,2024-06-13 20:35:18,App Mobile,Aprovada,Uíge,Empresarial
TXN001292,CLI0161,Pagamento de Renda,60477.27,2023-06-11 11:50:41,Balcão,Aprovada,Lubango,Empresarial
TXN004475,CLI0179,Pagamento de Empréstimo,98346.16,2023-11-04 21:20:05,Balcão,Recusada,Luanda,Empresarial
TXN001748,CLI0143,Pagamento de Empréstimo,35809.65,25/01/2024 07:56,App Mobile,Aprovada,Uíge,Poupança
TXN002809,CLI0131,Pagamento de Empréstimo,172121.06,2024-03-04 14:45:27,Internet Banking,Recusada,Sumbe,Empresarial
TXN002966,CLI0079,Pagamento de Renda,30441.3,2024-09-29 18:28:16,App Mobile,Aprovada,Malanje,Poupança
TXN001394,CLI0042,Pagamento de Serviço,194846.73,2023-01-18 17:46:45,Agente Bancário,Aprovada,Lubango,Corrente
TXN002038,CLI0016,Pagamento de Electricidade,26753.98,2023-08-22 03:07:57,Internet Banking,Aprovada,Huambo,Jovem
TXN004957,CLI0006,Depósito,135336.74,2024-01-01 18:00:31,Internet Banking,Pendente,Uíge,Corrente
TXN001063,CLI0080,Compra com Cartão,45513.98,2024-06-14 12:38:25,Balcão,Aprovada,Lubango,Jovem
TXN003201,CLI0151,Pagamento de Electricidade,22406.8,2024-08-02 05:53:52,ATM,Pendente,Malanje,Corrente
TXN003660,CLI0011,Recarga de Telemóvel,66468.75,2023-06-14 18:21:01,Balcão,Recusada,Huambo,Poupança
TXN000060,CLI0054,Pagamento de Renda,140341.65,2023-09-28 22:09:44,App Mobile,Aprovada,Cabinda,Poupança
TXN001601,CLI0169,Recarga de Telemóvel,12412.19,2023-06-24 09:31:11,ATM,Aprovada,Cabinda,Poupança
TXN004269,CLI0176,Pagamento de Serviço,229182.6,2024-10-09 23:35:37,Balcão,Pendente,Benguela,Poupança
TXN002509,CLI0093,Pagamento de Empréstimo,35056.47,2024-04-15 14:57:05,Internet Banking,Aprovada,Saurimo,Corrente
TXN000327,CLI0173,Pagamento de Renda,198219.17,2023-05-10 13:33:03,Internet Banking,Aprovada,Benguela,Jovem
TXN000191,CLI0077,Pagamento de Renda,104484.8,2024-07-20 01:48:20,App Mobile,Aprovada,Huambo,Jovem
TXN003958,CLI0161,Transferência,113848.69,2023-01-08 19:55:19,Balcão,Aprovada,Lubango,Empresarial
TXN003807,CLI0186,Recarga de Telemóvel,141322.58,2024-10-08 22:01:26,Internet Banking,Aprovada,Saurimo,Poupança
TXN002492,CLI0072,Pagamento de Electricidade,23659.98,2024-12-17 01:42:57,Balcão,Aprovada,Lubango,Jovem
TXN000446,CLI0118,Levantamento,45113.55,2024-11-28 10:55:26,Balcão,Aprovada,Saurimo,Corrente
TXN001137,CLI0132,Recebimento de Salário,10894.19,2023-03-29 12:45:32,ATM,Aprovada,Cabinda,Empresarial
TXN002985,CLI0120,Recarga de Telemóvel,147160.47,2024-09-15 07:33:55,Agente Bancário,Recusada,Benguela,Poupança
TXN003786,CLI0027,Recebimento de Salário,122291.58,2023-10-20 23:24:11,ATM,Pendente,Sumbe,Corrente
TXN000677,cli0075,Transferência,187221.44,2024-09-16 18:19:41,ATM,Aprovada,Huambo,Jovem
TXN002735,CLI0029,Transferência,97524.54,2023-10-04 06:09:20,Balcão,Pendente,Benguela,Corrente
TXN004717,CLI0041,Recebimento de Salário,181439.08,2024-04-12 02:39:48,App Mobile,Aprovada,Saurimo,Corrente
TXN004601,CLI0061,Levantamento,148914.31,2023-03-13 00:32:32,Balcão,Aprovada,Malanje,Poupança
TXN001540,CLI0113,Pagamento de Renda,219014.72,2024-06-24 04:10:33,App Mobile,Aprovada,Saurimo,Empresarial
TXN004297,CLI0024,Pagamento de Empréstimo,149544.51,2024-06-06 16:14:24,Balcão,Aprovada,Sumbe,Corrente
TXN002740,CLI0058,Recarga de Telemóvel,580.77,2024-08-04 22:15:08,App Mobile,Aprovada,Sumbe,Empresarial
TXN001969,CLI0160,Compra com Cartão,53434.11,2024-12-12 17:11:59,App Mobile,Aprovada,Sumbe,Empresarial
TXN001161,CLI0179,Pagamento de Electricidade,181220.57,2024-05-22 17:53:39,Internet Banking,Recusada,Luanda,Empresarial
TXN004035,CLI0057,Compra com Cartão,226468.08,2024-06-01 02:30:07,Balcão,Pendente,Benguela,Jovem
TXN004230,CLI0116,Depósito,170127.27,2024-11-20 05:44:59,App Mobile,Aprovada,Benguela,Jovem
TXN002058,CLI0179,Pagamento de Renda,121673.03,2023-03-16 16:42:29,Agente Bancário,Pendente,Luanda,Empresarial
TXN003113,CLI0166,Pagamento de Serviço,242376.21,12/04/2024 22:48,Internet Banking,Aprovada,Uíge,Empresarial
TXN000076,CLI0074,Recebimento de Salário,160560.49,2024-08-17 20:03:45,ATM,Aprovada,Huambo,Corrente
TXN003815,CLI0175,Levantamento,58776.59,2024-06-16 05:34:28,App Mobile,Aprovada,Cabinda,Empresarial
TXN000270,cli0117,Pagamento de Electricidade,94863.73,2023-06-28 12:02:22,Agente Bancário,Aprovada,Sumbe,Jovem
TXN004698,CLI0014,Depósito,243452.93,2023-12-10 23:11:28,Agente Bancário,Aprovada,Sumbe,Jovem
TXN003371,CLI0177,Pagamento de Electricidade,166015.03,2023-10-14 05:27:13,Agente Bancário,Aprovada,Lubango,Poupança
TXN001774,CLI0193,Pagamento de Renda,116925.38,2024-09-30 23:02:25,Balcão,Recusada,Luanda,Empresarial
TXN001177,CLI0153,Recarga de Telemóvel,226499.8,2024-12-20 21:10:26,ATM,Aprovada,Huambo,Poupança
TXN004920,CLI0005,Recebimento de Salário,199966.65,2024-08-21 06:58:03,,Recusada,Malanje,Poupança
TXN001760,CLI0061,Depósito,186008.66,2024-07-12 14:27:31,App Mobile,Aprovada,Malanje,Poupança
TXN004079,CLI0099,Recarga de Telemóvel,62918.78,2024-12-02 13:21:03,Agente Bancário,Aprovada,Huambo,Empresarial
TXN003136,CLI0050,Levantamento,14474.61,2024-10-06 06:14:04,ATM,Aprovada,Malanje,Corrente
TXN002845,CLI0187,Pagamento de Electricidade,185564.44,23/07/2023 08:20,App Mobile,Aprovada,Kuito,Empresarial
TXN000145,CLI0017,Compra com Cartão,60040.03,2024-10-19 11:18:33,Internet Banking,Pendente,Huambo,Jovem
TXN000726,CLI0169,Pagamento de Electricidade,172184.79,2024-08-02 06:09:23,Balcão,Pendente,Cabinda,Poupança
TXN003769,CLI0125,Transferência,108167.63,2023-05-15 23:36:18,Balcão,Aprovada,Sumbe,Empresarial
TXN000776,CLI0190,Pagamento de Electricidade,239810.57,2023-05-13 08:41:11,App Mobile,Aprovada,Malanje,Empresarial
TXN002321,CLI0148,Pagamento de Electricidade,4660.74,2024-01-31 07:19:27,Balcão,Aprovada,Kuito,Jovem
TXN002182,CLI0041,Recebimento de Salário,244670.03,2023-12-04 05:38:17,Internet Banking,Aprovada,Saurimo,Corrente
TXN002640,CLI0177,Recebimento de Salário,158069.54,2024-07-05 12:43:52,ATM,Recusada,Lubango,Poupança
TXN000452,CLI0082,Pagamento de Empréstimo,135196.72,2023-12-15 07:19:27,ATM,Aprovada,Uíge,Corrente
TXN001355,CLI0099,Recarga de Telemóvel,228871.91,2024-03-22 07:11:13,ATM,Recusada,Huambo,Empresarial
TXN001498,CLI0096,Depósito,196682.15,2023-02-15 18:18:03,Internet Banking,Aprovada,Malanje,Corrente
TXN001165,CLI0135,Pagamento de Empréstimo,118677.67,2023-11-22 03:43:40,Agente Bancário,Aprovada,Malanje,Jovem
TXN003144,CLI0136,Compra com Cartão,71856.42,2024-02-19 13:10:38,Internet Banking,Aprovada,Huambo,Empresarial
TXN004238,CLI0146,Pagamento de Electricidade,137988.51,2024-08-23 00:21:41,App Mobile,Aprovada,Sumbe,Corrente
TXN003551,CLI0041,Depósito,137408.9,2024-01-06 06:04:11,Agente Bancário,Aprovada,Saurimo,Corrente
TXN002713,CLI0092,Compra com Cartão,172944.63,2024-10-08 05:34:51,App Mobile,Pendente,Benguela,Poupança
TXN002844,CLI0199,Recarga de Telemóvel,20276.82,2024-07-16 04:56:07,Agente Bancário,Pendente,Kuito,Poupança
TXN001437,CLI0033,Depósito,194776.99,2024-09-05 02:26:29,Agente Bancário,Recusada,Cabinda,Corrente
TXN002455,CLI0091,Recebimento de Salário,157113.77,2023-09-30 06:07:01,Agente Bancário,Aprovada,Lubango,Corrente
TXN002570,CLI0010,Depósito,185586.65,2024-06-23 06:20:03,Agente Bancário,Aprovada,Cabinda,Poupança
TXN003536,CLI0135,Pagamento de Empréstimo,51672.91,2024-02-08 06:12:23,Agente Bancário,Aprovada,Malanje,Jovem
TXN004516,CLI0092,Depósito,13520.7,2024-11-02 08:57:30,App Mobile,Aprovada,Benguela,Poupança
TXN002330,CLI0071,Recarga de Telemóvel,241758.51,2023-03-09 13:31:44,Internet Banking,Aprovada,Lubango,Empresarial
TXN004312,CLI0053,Compra com Cartão,49070.83,2024-11-15 03:30:01,Agente Bancário,Aprovada,Cabinda,Poupança
TXN000496,CLI0119,Transferência,171484.01,2024-08-02 18:31:45,ATM,Aprovada,Lubango,Empresarial
TXN000332,CLI0103,Pagamento de Electricidade,181033.34,2023-03-01 23:08:29,ATM,Pendente,Malanje,Empresarial
TXN000663,CLI0083,Depósito,184085.35,2024-09-19 05:58:07,App Mobile,Aprovada,Cabinda,Empresarial
TXN001182,CLI0141,Pagamento de Electricidade,105413.05,2024-03-16 18:06:09,App Mobile,Recusada,Malanje,Jovem
TXN002898,CLI0192,Compra com Cartão,204819.32,2023-03-28 11:08:20,Internet Banking,Aprovada,Luanda,Empresarial
TXN003863,CLI0026,Pagamento de Serviço,121077.25,2023-12-20 17:51:46,Internet Banking,Aprovada,Lubango,Empresarial
TXN004987,CLI0110,Recebimento de Salário,156160.32,2023-02-03 12:17:54,Agente Bancário,Pendente,Kuito,Empresarial
TXN003975,CLI0177,Pagamento de Renda,120061.51,2024-02-18 17:28:03,ATM,Aprovada,Lubango,Poupança
TXN004435,CLI0128,Compra com Cartão,65291.5,2024-07-04 19:18:00,Balcão,Pendente,Luanda,Poupança
TXN003337,CLI0045,PAGAMENTO DE EMPRÉSTIMO,38042.04,2024-04-08 11:19:33,Agente Bancário,Aprovada,Lubango,Empresarial
TXN002346,CLI0112,Pagamento de Empréstimo,224523.67,2024-03-28 07:46:14,Internet Banking,Aprovada,Luanda,Empresarial
TXN000278,CLI0141,Pagamento de Electricidade,-241160.28,2023-10-30 05:25:05,Balcão,Aprovada,Malanje,Jovem
TXN000051,CLI0014,Pagamento de Electricidade,138529.12,2023-10-09 13:55:58,Agente Bancário,Aprovada,Sumbe,Jovem
TXN000814,CLI0004,Pagamento de Empréstimo,222897.42,2023-09-17 05:20:36,App Mobile,Pendente,Saurimo,Empresarial
TXN003719,CLI0187,Pagamento de Renda,180120.15,13/03/2023 15:33,Internet Banking,Aprovada,Kuito,Empresarial
TXN000547,CLI0198,Recarga de Telemóvel,172688.83,2024-10-24 20:40:51,App Mobile,Aprovada,Uíge,Corrente
TXN001077,CLI0133,Depósito,28295.95,2023-03-26 22:19:04,Internet Banking,Aprovada,Kuito,Jovem
TXN002360,CLI0141,Pagamento de Electricidade,169375.55,2023-11-09 02:10:26,Internet Banking,Aprovada,Malanje,Jovem
TXN000182,CLI0098,Pagamento de Empréstimo,66192.34,2023-02-04 15:43:11,ATM,Aprovada,Sumbe,Corrente
TXN003519,CLI0171,PAGAMENTO DE RENDA,245880.56,2023-07-17 09:00:40,App Mobile,Aprovada,Benguela,Corrente
TXN002023,CLI0074,Pagamento de Serviço,109143.96,2024-05-20 08:39:00,Internet Banking,Aprovada,Huambo,Corrente
TXN000597,CLI0033,Recarga de Telemóvel,120609.13,2023-11-24 00:08:21,App Mobile,Aprovada,Cabinda,Corrente
TXN003704,CLI0100,Pagamento de Electricidade,90806.18,2023-08-22 10:30:16,Balcão,Recusada,Saurimo,Empresarial
TXN000014,CLI0169,Pagamento de Electricidade,145893.51,2023-03-05 07:18:25,ATM,Aprovada,Cabinda,Poupança
TXN003903,CLI0082,Recebimento de Salário,52695.12,2024-11-26 21:52:02,Internet Banking,Aprovada,Uíge,Corrente
TXN004467,CLI0086,Compra com Cartão,17527.19,2024-08-06 00:32:11,App Mobile,Aprovada,Huambo,Corrente
TXN004132,CLI0009,Pagamento de Serviço,241747.08,2024-07-18 23:35:50,Balcão,Aprovada,Lubango,Corrente
TXN001678,CLI0200,Transferência,106686.87,2023-05-02 23:40:44,Internet Banking,Aprovada,Malanje,Empresarial
TXN000308,CLI0057,Compra com Cartão,60270.67,2024-04-30 16:51:57,Balcão,Aprovada,Benguela,Jovem
TXN001121,CLI0059,PAGAMENTO DE ELECTRICIDADE,205004.42,2024-09-23 17:25:08,Agente Bancário,Aprovada,Lubango,Jovem
TXN000038,CLI0114,Levantamento,177530.35,2023-09-27 20:28:36,App Mobile,Pendente,Malanje,Jovem
TXN000577,CLI0129,Pagamento de Serviço,246334.52,2024-02-24 18:31:37,ATM,,Saurimo,Jovem
TXN001211,cli0107,Transferência,64159.4,2024-03-17 07:46:12,Internet Banking,Recusada,Kuito,Empresarial
TXN002565,CLI0121,Recebimento de Salário,137977.57,2023-03-25 17:02:40,Balcão,Aprovada,Lubango,Empresarial
TXN002129,CLI0163,Levantamento,54701.75,2024-05-16 13:12:33,App Mobile,Recusada,Malanje,Empresarial
TXN000822,CLI0091,Pagamento de Serviço,241743.25,2023-11-07 00:01:00,Internet Banking,Aprovada,Lubango,Corrente
TXN004650,CLI0150,Compra com Cartão,175357.39,2024-07-25 08:42:39,Balcão,Aprovada,Benguela,Jovem
TXN004813,CLI0144,Pagamento de Electricidade,238874.79,2023-05-06 13:23:24,App Mobile,Recusada,Sumbe,Jovem
TXN002956,CLI0095,Pagamento de Electricidade,20620.57,2024-09-29 09:26:25,ATM,Aprovada,Lubango,Corrente
TXN002099,CLI0037,Pagamento de Serviço,195019.2,2024-09-08 15:46:31,Balcão,Aprovada,Huambo,Jovem
TXN002376,CLI0017,Recebimento de Salário,37246.8,2024-01-23 13:48:14,ATM,Aprovada,Huambo,Jovem
TXN002759,CLI0074,Pagamento de Renda,21851.04,2024-04-14 18:39:23,Internet Banking,Aprovada,Huambo,Corrente
TXN000476,CLI0081,Levantamento,34410.14,2024-02-08 16:25:27,Internet Banking,Aprovada,Uíge,Empresarial
TXN003998,CLI0125,Recebimento de Salário,52355.8,2023-08-01 15:53:35,ATM,Aprovada,Sumbe,Empresarial
TXN004664,CLI0107,Levantamento,97518.69,2023-05-31 13:38:46,Internet Banking,Pendente,Kuito,Empresarial
TXN002225,CLI0068,Pagamento de Renda,78641.83,2023-10-29 14:24:07,Balcão,Aprovada,Malanje,Jovem
TXN002989,CLI0128,Depósito,103899.81,2024-03-02 02:54:23,App Mobile,Recusada,Luanda,Poupança
TXN003176,CLI0045,Pagamento de Electricidade,190315.94,2024-06-16 13:29:19,App Mobile,Recusada,Lubango,Empresarial
TXN004689,CLI0018,Recarga de Telemóvel,194126.14,2024-10-24 04:57:34,Agente Bancário,Aprovada,Kuito,Empresarial
TXN000688,CLI0187,Pagamento de Electricidade,64114.36,2024-03-03 01:55:15,Internet Banking,Aprovada,Kuito,Empresarial
TXN000062,CLI0138,Compra com Cartão,34749.6,2023-07-30 23:23:28,Agente Bancário,Pendente,Malanje,Empresarial
TXN001939,cli0063,Pagamento de Renda,135744.19,2023-03-10 21:31:42,Internet Banking,Pendente,Kuito,Corrente
TXN002993,CLI0147,Transferência,70986.22,2023-01-18 08:17:04,App Mobile,Aprovada,Malanje,Empresarial
TXN004725,CLI0099,Levantamento,212370.7,2024-10-11 04:21:53,Internet Banking,Aprovada,Huambo,Empresarial
TXN002760,CLI0036,Recarga de Telemóvel,247312.51,2023-12-31 14:29:47,,Aprovada,Lubango,Poupança
TXN001568,CLI0175,Transferência,46983.99,2023-08-29 03:41:47,ATM,Aprovada,Cabinda,Empresarial
TXN002635,CLI0016,LEVANTAMENTO,56734.54,2023-02-06 15:50:36,ATM,Pendente,Huambo,Jovem
TXN001059,CLI0103,Pagamento de Serviço,158435.33,2024-05-17 17:09:12,ATM,Aprovada,Malanje,Empresarial
TXN002851,CLI0073,Recarga de Telemóvel,184434.29,2024-06-18 09:02:37,App Mobile,Recusada,Saurimo,Poupança
TXN004831,cli0013,Pagamento de Renda,141199.55,2023-09-19 13:53:16,App Mobile,Aprovada,Benguela,Poupança
TXN004851,CLI0012,Compra com Cartão,77562.8,2024-07-24 06:47:26,Internet Banking,Aprovada,Cabinda,Corrente
TXN002151,CLI0146,Levantamento,242589.65,2023-07-08 07:53:36,App Mobile,Aprovada,Sumbe,Corrente
TXN000664,CLI0122,Levantamento,49171.7,2024-04-16 14:32:24,Internet Banking,Aprovada,Lubango,Empresarial
TXN004643,CLI0119,Recarga de Telemóvel,199203.57,2023-04-24 22:23:15,,Aprovada,Lubango,Empresarial
TXN004918,CLI0052,Recebimento de Salário,138269.22,2023-10-22 00:25:04,ATM,Pendente,Uíge,Corrente
TXN000544,CLI0093,Pagamento de Renda,70973.08,2023-06-10 22:38:53,ATM,Recusada,Saurimo,Corrente
TXN001157,CLI0011,Pagamento de Renda,88198.49,2023-09-06 06:22:10,Balcão,Aprovada,Huambo,Poupança
TXN000558,CLI0186,Recebimento de Salário,15456.46,2024-07-22 13:12:40,Agente Bancário,Aprovada,Saurimo,Poupança
TXN000138,CLI0039,Recebimento de Salário,215060.65,2023-12-10 14:37:58,Agente Bancário,Pendente,Kuito,Corrente
TXN002915,CLI0096,Recebimento de Salário,117684.11,2024-04-03 11:08:40,Agente Bancário,Recusada,Malanje,Corrente
TXN003002,CLI0136,Transferência,133697.46,2023-02-16 14:58:18,Agente Bancário,Aprovada,Huambo,Empresarial
TXN002948,CLI0194,Compra com Cartão,106266.01,2024-02-22 00:28:23,ATM,Aprovada,Lubango,Poupança
TXN001765,CLI0129,Pagamento de Electricidade,31825.74,2023-04-24 01:42:14,Internet Banking,Aprovada,Saurimo,Jovem
TXN003385,CLI0121,Pagamento de Renda,171587.96,2024-11-26 12:11:21,Balcão,Pendente,Lubango,Empresarial
TXN002375,CLI0108,Pagamento de Renda,59690.96,27/02/2024 02:53,Internet Banking,Aprovada,Lubango,Corrente
